Sigla da IES;Instituição;Patente;Autores
FURG;UNIVERSIDADE FEDERAL DO RIO GRANDE;MÉTODO DE COLHEITA DE MICROALGAS ATRAVÉS DE COAGULAÇÃO/FLOCULAÇÃO UTILIZANDO FLOCULANTE VERDE A BASE DE QUITINA SOLUBILIZADA EM MEIO AQUOSO;['LUIZ ANTONIO DE ALMEIDA PINTO', 'VIVIANE DE CARVALHO ARABIDIAN', 'ANDREI VALLERAO IGANSI', 'FILIPE ECHART DE OLIVEIRA', 'NAURO DA SILVEIRA JUNIOR', 'TITO ROBERTO SANT ANNA CADAVAL JUNIOR', 'FABIO FELIPE GABRIEL ROSELET', 'ELIEZER QUADRO ORESTE', 'FELIPE KESSLER']
PUCRS;PONTIFÍCIA UNIVERSIDADE CATÓLICA DO RIO GRANDE DO SUL;SISTEMA DE MONITORAMENTO E CONTROLE ANTI-APNEIA OBSTRUTIVA DO SONO ATRAVÉS DE MECANISMO INTRABUCAL E MECANISMO INTRABUCAL RELACIONADO;['CESAR AUGUSTO MISSIO MARCON', 'SAMUEL KAFER RICARDO FONTOURA', 'NICOLE ARGENTA PIMENTEL', 'GUILHERME WOLFF', 'ALINE TEMPEL COSTA']
UCS;UNIVERSIDADE DE CAXIAS DO SUL;COMPOSIÇÃO, PROCESSO DE OBTENÇÃO DA COMPOSIÇÃO, MÉTODO DE APLICAÇÃO DA COMPOSIÇÃO E USO DA COMPOSIÇÃO;['GABRIEL FERNANDES PAULETTI', 'RAFAELA MENEGUZZO', 'WENDEL PAULO SILVESTRE']
FURG;UNIVERSIDADE FEDERAL DO RIO GRANDE;ESPONJA POROSA DE QUITOSANA PARA REMOÇÃO DE ÓLEO LUBRIFICANTE USADO (OLU) EM SISTEMA AQUOSO;['LUIZ ANTONIO DE ALMEIDA PINTO', 'ARIANE BORGES RIBEIRO', 'FRANCISCA ZUCHOSKI RIZZI', 'VIVIANE DE CARVALHO ARABIDIAN', 'ALICE NERI DA SILVA SOUSA', 'RAFAEL GERHARDT', 'BRUNA SILVA DE FARIAS', 'ROMULO HENRIQUE BATISTA DE FARIAS', 'NAURO DA SILVEIRA JUNIOR', 'TITO ROBERTO SANT ANNA CADAVAL JUNIOR']
UFPEL;UNIVERSIDADE FEDERAL DE PELOTAS;PROCESSO DE EDIÇÃO GÊNICA POR CRISP/CAS9 PARA GERAÇÃO DE LINHAGENS CELULARES SUÍNAS COM KNOCKOUT DE GENES RELACIONADOS AO CÂNCER DE BEXIGA;['FABIANA KOMMLING SEIXAS', 'ISADORA ANDRE ROSA LOPES', 'JULIA DAME FONSECA PASCHOAL', 'BRUNA SILVEIRA PACHECO', 'TIAGO VEIRAS COLLARES']
UFPEL;UNIVERSIDADE FEDERAL DE PELOTAS;PRODUTO DE ADUBAÇÃO FOLIAR PARA PLANTAS DE SOJA;['TIAGO ZANATTA AUMONDE', 'BENHUR SCHWARTZ BARBOSA', 'LUCIANA DALLEGRAVE SCHROEDER', 'TIAGO PEDO']
UCS;UNIVERSIDADE DE CAXIAS DO SUL;COOLING SYSTEM AND METHOD FOR BATTERY CELL;['GIOVANI DAMBROS TELLI', 'SYVIE LORENTE', 'GUNGOR, SAHIN']
FURG;UNIVERSIDADE FEDERAL DO RIO GRANDE;DESENVOLVIMENTO DE NANOEMULSÕES PICKERING DE NANOFIBRAS DE QUITINA COM EXTRATO BIOATIVO DE RESÍDUO DE LÚPULO;['LUIZ ANTONIO DE ALMEIDA PINTO', 'GABRIEL COSTA COELHO', 'LISIANE BALDEZ DA CUNHA', 'MICHELI LEGEMANN MONTE', 'BRUNA SILVA DE FARIAS', 'TITO ROBERTO SANT ANNA CADAVAL JUNIOR']
UFRGS;UNIVERSIDADE FEDERAL DO RIO GRANDE DO SUL;PROCESSO PARA OBTENÇÃO DE FILME DENSO ULTRAFINO, COMPOSIÇÃO DE FILME POLIMÉRICO DENSO ULTRAFINO E USO DOS FILMES PARA SEPARAÇÃO DE GASES;['NILSON ROMEU MARCILIO', 'ISABEL CRISTINA TESSARO', 'LILIANE DAMARIS POLLO', 'JANICE BOTELHO SOUZA HAMM', 'ALAN AMBROSI']
PUCRS;PONTIFÍCIA UNIVERSIDADE CATÓLICA DO RIO GRANDE DO SUL;HYDRAULIC CEMENT COMPOSITION, PROCESS AND USE;['SANDRA MARA OLIVEIRA EINLOFT', 'DELLYO RICARDO DOS SANTOS ALVARES', 'RENAN BORDULIS MARTEL', 'GABRIELA GONCALVES DIAS PONZI', 'DARLAN PONTIN', 'AMANDA SOFIA DE GUIMARAES E STEPANHA', 'VICTOR HUGO JACKS MENDES DOS SANTOS', 'SONIA MARIA CABRAL DE MENEZES', 'FELIPE DALLA VECCHIA', 'MARTA KERBER SCHUTZ']
UPF;UNIVERSIDADE DE PASSO FUNDO;CONFIGURAÇÃO APLICADA A/EM RETINÓGRAFO;['ANA CAROLINA BERTOLETTI DE MARCHI', 'HENRIQUE SOARES ZANIN', 'PAMELA DE MATOS', 'DANIELA DE LINHARES GARBIN HIGUCHI', 'ANA LUISA SANT ANNA ALVES']
UFRGS;UNIVERSIDADE FEDERAL DO RIO GRANDE DO SUL;MÉTODO PARA DETECÇÃO SIMULTÂNEA DE PATÓGENOS BACTERIANOS FASTIDIOSOS PARA O DIAGNÓSTICO DE MASTITE BOVINA;['FRANCIELE MABONI SIQUEIRA', 'GABRIELA MERKER BREYER']
UCS;UNIVERSIDADE DE CAXIAS DO SUL;NANOPLAQUETA FUNCIONALIZADA, PROCESSO DE OBTENÇÃO DA NANOPLAQUETA FUNCIONALIZADA, USO DA NANOPLAQUETA FUNCIONALIZADA, REVESTIMENTO EM PÓ, PROCESSO DE OBTENÇÃO DO REVESTIMENTO EM PÓ E USO DO REVESTIMENTO EM PÓ;['DIEGO PIAZZA', 'MARCOS VINICIUS MAROCCO', 'GUSTAVO ONZI CABERLON', 'DANIELE PERONDI']
UFRGS;UNIVERSIDADE FEDERAL DO RIO GRANDE DO SUL;PROCESSO DE OBTENÇÃO, REFINAMENTO E CONCENTRAÇÃO DO EXTRATO PIROLENHOSO E SEU USO NA AGRICULTURA, NUTRIÇÃO ANIMAL E BIOESTIMULAÇÃO DA COMPOSTAGEM E COMPOSIÇÃO REPELENTE;['ALEXANDRE MENEGHELLO FUENTEFRIA', 'MIRIAM ANDERS APEL']
FURG;UNIVERSIDADE FEDERAL DO RIO GRANDE;SISTEMA E MÉTODO PARA DESLIGAMENTO SEGURO DE COMPUTADORES EM VEÍCULOS;['EDUARDO NUNES BORGES', 'PAULO RENATO PEREIRA DAS NEVES NETO', 'TIAGO RODRIGUES AZEVEDO', 'LETICIA CAROLINE SOUZA DE LIMA', 'MAIARA RODRIGUES CARIOLICK', 'SAMUEL FILIPE VASCONCELOS NUNES', 'JEFERSON SANTOS LOPES', 'LUCIANO SILVA DA SILVA', 'CEDENIR BORGES DA COSTA', 'ALICE TISSOT GARCIA', 'EVERSON DA SILVA FLORES', 'KARLA PRISCILA SCHREIBER', 'RAFAEL ALCESTE BERRI', 'THIAGO ALVES TEIXEIRA', 'VAGNER SANTOS DA ROSA', 'ALESSIO ALMADA DA COSTA']
UFPEL;UNIVERSIDADE FEDERAL DE PELOTAS;LARINGOSCÓPIO COM BOROSCÓPIO ACOPLÁVEL PARA USO EM PEQUENOS ANIMAIS E ROEDORES;['MARTIELO IVAN GEHRCKE', 'ANA CRISTINA B. KRAEMER MORAES', 'RAFAEL GUERRA LUND']
UNISC;UNIVERSIDADE DE SANTA CRUZ DO SUL;(RE)VISITANDO A CLASSIFICAÇÃO INTERNACIONAL DE FUNCIONALIDADE, INCAPACIDADE E SAÚDE (CIF);['EDNA LINHARES GARCIA', 'LARISSA ORCI CORREA', 'HENRIQUE ZIEMBOWICZ', 'ANA CAROLINA BIENERT', 'LUCAS VINICIUS FISCHER', 'ANA GABRIELA SAUSEN', 'GUILHERME MOCELIN', 'GABRIELE ZAWACKI', 'CAMILA DUBOW', 'CHARLENE DOS SANTOS SILVEIRA']
UFPEL;UNIVERSIDADE FEDERAL DE PELOTAS;FIBRAS ULTRAFINAS PRODUZIDAS COM ÓLEO DA MOSCA SOLDADO NEGRO E ZEÍNA POR ELECTROSPINNING;['ELESSANDRA DA ROSA ZAVAREZE', 'GABRIELLY QUARTIERI SEJANES', 'CLAUDIO MARTIN PEREIRA DE PEREIRA', 'ALVES, CRISTINA JANSEN']
UFPEL;UNIVERSIDADE FEDERAL DE PELOTAS;LÍQUIDO PIROLENHOSO COMO REVESTIMENTO ANTICORROSIVO PARA METAIS;['RAFAEL BELTRAME', 'ANDRE LUIZ MISSIO', 'DARCI ALBERTO GATTO']
UFPEL;UNIVERSIDADE FEDERAL DE PELOTAS;USO DA PROTEÍNA RECOMBINANTE RCAM87009.1 DE ACINETOBACTER BAUMANNII COMO VACINA DE SUBUNIDADE;['AMILTON CLAIR PINTO SEIXAS NETO', 'STELLA BUCHHORN DE FREITAS', 'DAIANE DRAWANZ HARTWIG']
UFRGS;UNIVERSIDADE FEDERAL DO RIO GRANDE DO SUL;PROCESSO DE OBTENÇÃO DE CURATIVO DE MEMBRANAS POLIMÉRICAS BIORREABSORVÍVEIS E MEMBRANAS POLIMÉRICAS BIORREABSORVÍVEIS;['CARLOS PEREZ BERGMANN', 'ANNELISE KOPP ALVES', 'CHRISTIAN VIEZZER', 'FELIPE AMORIM BERUTTI']
UFSM;UNIVERSIDADE FEDERAL DE SANTA MARIA;INVERSOR FOTOVOLTAICO NÃO-ISOLADO COM ESTRUTURA DE CONVERSOR CC-CC BOOST INTERLEAVED E CONVERSOR CC-CA TIPO MEIA-PONTE;['LEANDRO MICHELS']
UFSM;UNIVERSIDADE FEDERAL DE SANTA MARIA;GAIOLA DE INSETOS PARA BIOTERAPIA LARVAL;['SILVIA GONZALEZ MONTEIRO']
UFPEL;UNIVERSIDADE FEDERAL DE PELOTAS;FORMULAÇÃO PARA PREVENÇÃO DA TRISTEZA PARASITÁRIA BOVINA;['FRANCISCO AUGUSTO BURKERT DEL PINO', 'NATALIA MACHADO RAHAL', 'MARCIO NUNES CORREA', 'EDUARDO SCHMITT', 'RUBENS ALVES PEREIRA', 'JOSIANE DE OLIVEIRA FEIJO', 'ANDRE RICARDO FAJARDO']
UNISINOS;UNIVERSIDADE DO VALE DO RIO DOS SINOS;MÉTODO PARA OBTER UM MODELO DE REDE NEURAL ARTIFICIAL (RNA) PARA ESTIMATIVA DE CARBONO ORGÂNICO TOTAL (COT) A PARTIR DE DADOS HIPERESPECTRAIS DE AMOSTRAS DE ROCHA;['MAURICIO ROBERTO VERONEZ', 'LUIZ GONZAGA DA SILVEIRA JUNIOR']
UPF;UNIVERSIDADE DE PASSO FUNDO;DISPOSITIVO ANTININHO;['CHARLES LEONARDO ISRAEL', 'LEONARDO VIEIRA PERES', 'HERBER CUADRO FONTOURA', 'NILTON CESAR VIEGAS DA SILVA', 'CRISTIAN HANS CORREA', 'MARCELO FANK FRAGA', 'DIEGO DARCI LANGARO']
FURG;UNIVERSIDADE FEDERAL DO RIO GRANDE;PROCESSO PARA OBTENÇÃO DE SENSOR VOLTAMÉTRICO QUIMICAMENTE MODIFICADO COM BIOCHAR DE CASCA DE ARROZ PARA DETERMINAÇÃO DE DICLOFENACO;['LUIZ ANTONIO DE ALMEIDA PINTO', 'CAROLINE ATHAIDES MILER', 'ALICE NERI DA SILVA SOUSA', 'EDUARDO SILVEIRA RIBEIRO', 'TITO ROBERTO SANT ANNA CADAVAL JUNIOR', 'ELIEZER QUADRO ORESTE', 'JULIANA VILLELA MACIEL', 'DAIANE DIAS']
UFRGS;UNIVERSIDADE FEDERAL DO RIO GRANDE DO SUL;COMBINAÇÕES DE 8-HIDROXIQUINOLINAS-2,5,7- SUBSTITUÍDAS COM FÁRMACO PARA TRATAMENTO DE INFECÇÃO DO SISTEMA NERVOSO;['MARILENE HENNING VAINSTEIN', 'JULIA CATARINA VIEIRA REUWSAAT', 'JOÃO GABRIEL FANTINEL EBERHARDT', 'ANA PAULA PERIN', 'THAIS HELENA MACIEL FERNANDES', 'SAULO FERNANDES DE ANDRADE', 'LIVIA KMETZSCH ROSA E SILVA']
UNIPAMPA;UNIVERSIDADE FEDERAL DO PAMPA;SOLUÇÃO CONTENDO EXTRATO DE SCHINUS TEREBINTHIFOLIUS RADDI COMO INIBIDOR DA PROLIFERAÇÃO CELULAR E DOS MECANISMOS DE RESISTÊNCIA A MÚLTIPLAS DROGAS;['ANDRES DELGADO CANEDO', 'THAYS BARBOZA DA LUZ', 'TANIRA DA SILVEIRA PRIETO']
URI;UNIVERSIDADE REGIONAL INTEGRADA DO ALTO URUGUAI E DAS MISSÕES;PROCESSO DE REVELAÇÃO DO SEXO DOS BEBES EM ATIVIDADES RECREATIVAS E TEMATICAS EMPREGANDO INDICADORES DE PH;['ROGERIO MARCOS DAL LAGO', 'LUCIANA DORNELLES VENQUIARUTO', 'MARCELO LUIS MIGNONI']
UFSM;UNIVERSIDADE FEDERAL DE SANTA MARIA;PROCESSO PARA CONCENTRAR FITONUTRIENTES A PARTIR DE DESTILADO DESODORIZADO DE ÓLEO VEGETAL;['CRISTIANO AUGUSTO BALLUS', 'ELUIZE VAYNE MAZIERO', 'DANIEL ASSUMPCAO BERTUOL', 'EDUARDO HIROMITSU TANABE']
UFRGS;UNIVERSIDADE FEDERAL DO RIO GRANDE DO SUL;MÉTODO E FERRAMENTA COMPUTACIONAL BASEADOS EM APRENDIZADO DE MÁQUINA PARA GERAÇÃO DE PADRÕES DE TESTES INDIRETOS DE CIRCUITOS ANALÓGICOS E DE SINAL MISTO;['MARCELO SOARES LUBASZEWSKI', 'ALLAN FABRICIO GARCIA FERREIRA', 'LUCAS BERNARDO ZILCH', 'TIAGO ROBERTO BALEN']
UFPEL;UNIVERSIDADE FEDERAL DE PELOTAS;PROCESSO DE PRODUÇÃO SIMPLES DE VACINAS RECOMBINANTES PARA CONTROLE DO BOTULISMO EM ANIMAIS E VACINAS OBTIDAS;['FELIPE MASIERO SALVARANI', 'CARLOS EDUARDO POUEY DA CUNHA', 'GUSTAVO MARCAL SCHMIDT GARCIA MOREIRA', 'CLOVIS MOREIRA JUNIOR', 'MARCELO MENDONCA', 'ANGELA NUNES MOREIRA', 'FABRICIO ROCHEDO CONCEICAO']
UFPEL;UNIVERSIDADE FEDERAL DE PELOTAS;SISTEMA DE CONDUÇÃO FORÇADA EM TUBO DE SEMENTES;['FABRICIO ARDAIS MEDEIROS']
UFSM;UNIVERSIDADE FEDERAL DE SANTA MARIA;DESTILAÇÃO SIMPLES (COM RECIRCULAÇÃO DE ÁGUA) COMO TRATAMENTO PARA  LIXIVIADO DE  ATERROS SANITÁRIOS;['ELVIS CARISSIMI', 'MARIANA ISLONGO CANABARRO', 'ANDRE RICARDO FAJARDO', 'SIARA SILVESTRI']
FURG;UNIVERSIDADE FEDERAL DO RIO GRANDE;UTILIZAÇÃO DE COMPOSTO SINTÉTICO NITROFURANO COMO ANTI-HELMÍNTICO;['DANIELA FERNANDES RAMOS SOARES', 'CARLOS JAMES SCAINI', 'LUCIANA FARIAS DA COSTA DE AVILA']
FURG;UNIVERSIDADE FEDERAL DO RIO GRANDE;MÉTODO DE COLHEITA DE MICROALGAS ATRAVÉS DE COAGULAÇÃO/FLOCULAÇÃO UTILIZANDO FLOCULANTE VERDE A BASE DE QUITINA SOLUBILIZADA EM MEIO AQUOSO;['LUIZ ANTONIO DE ALMEIDA PINTO', 'VIVIANE DE CARVALHO ARABIDIAN', 'ANDREI VALLERAO IGANSI', 'FILIPE ECHART DE OLIVEIRA', 'DEBORA PEZ JAESCHKE', 'NAURO DA SILVEIRA JUNIOR', 'TITO ROBERTO SANT ANNA CADAVAL JUNIOR', 'FABIO FELIPE GABRIEL ROSELET', 'ELIEZER QUADRO ORESTE', 'FELIPE KESSLER']
UFPEL;UNIVERSIDADE FEDERAL DE PELOTAS;PROCESSOS SIMPLIFICADOS DE RECUPERAÇÃO DE PHAS VIA EXTRAÇÃO QUÍMICA OU FÍSICA COMPLEMENTADOS POR SEPARAÇÃO QUÍMICA POR DIFERENÇA DE POLARIDADE OU TRADICIONAL;['CLAIRE TONDO VENDRUSCOLO', 'Amanda Ávila Rodrigues', 'MARIANE IGANSI ALVES', 'KARINE LASTE MACAGNAN', 'ANGELITA DA SILVEIRA MOREIRA']
URI;UNIVERSIDADE REGIONAL INTEGRADA DO ALTO URUGUAI E DAS MISSÕES;PREPARAÇÃO DE FERTILIZANTE A PARTIR DE LODO E CINZA COM ALGINATO COMO AGENTE AGLUTINANTE;['ROGERIO MARCOS DAL LAGO', 'JARDES BRAGAGNOLO', 'ANTÔNIO SERGIO DO AMARAL', 'ILIZANDRA APARECIDA FERNANDES', 'MARCELO LUIS MIGNONI']
UNISINOS;UNIVERSIDADE DO VALE DO RIO DOS SINOS;MÉTODO E SISTEMA DE MONITORAMENTO DE PRODUTOS BIOLÓGICOS E MÉTODO PARA PREVISÃO DE CARGA MICROBIANA EM PRODUTOS BIOLÓGICOS;['SANDRO BINSFELD FERREIRA', 'SUSE BOTELHO DA SILVA']
FURG;UNIVERSIDADE FEDERAL DO RIO GRANDE;BIOCOMBUSTÍVEL OBTIDO A PARTIR DO ÓLEO DA SEMENTE DE COCÃO (ATTALEA TASSMANNI);['LUIZ ANTONIO DE ALMEIDA PINTO', 'LUIZ HENRIQUE HAN', 'VIVIANE DE CARVALHO ARABIDIAN', 'BRUNA SILVA DE FARIAS', 'NAURO DA SILVEIRA JUNIOR', 'TITO ROBERTO SANT ANNA CADAVAL JUNIOR']
URI;UNIVERSIDADE REGIONAL INTEGRADA DO ALTO URUGUAI E DAS MISSÕES;BALA DE GOMA ADICIONADA DE LEITE DE MAGNÉSIA;['JAMILE ZENI', 'TALITA POLON', 'GABRIELA ISABEL CANTELE', 'FERNANDA CAROLINE UTTEICH', 'EMILI OTOWICZ', 'JOAO VICTOR ARALDI', 'DEIVID PAULO SESSE', 'VICTOR VARGAS DA CAMPO']
FURG;UNIVERSIDADE FEDERAL DO RIO GRANDE;PROCESSO DE SÍNTESE VERDE ASSISTIDA POR MICRO-ONDAS COM CATALIZADOR DE FIBRA DE CASCA DE COCO (PD/CCSF) PARA PRODUÇÃO DO COMPOSTO SINTÉTICO 4,7-BIS(PHENYLTHIO)BENZO[C][1,2,5]THIADIAZOLE E UTILIZAÇÃO DESSE COMO ANTI-HELMÍNTICO;['DANIELA FERNANDES RAMOS SOARES', 'DEBORA CARVALHO RODRIGUES', 'Ramesh Katla', 'ANDREZZA MEDEIROS FARIA', 'CARLOS JAMES SCAINI', 'LUCIANA FARIAS DA COSTA DE AVILA']
UPF;UNIVERSIDADE DE PASSO FUNDO;DISPOSITIVO MODULAR ANTI POUSO DE AVES;['CHARLES LEONARDO ISRAEL', 'LEONARDO VIEIRA PERES', 'HERBER CUADRO FONTOURA', 'CARLOS EDUARDO PEREIRA', 'NILTON CESAR VIEGAS DA SILVA', 'CRISTIAN HANS CORREA', 'MARCELO FANK FRAGA', 'DIEGO DARCI LANGARO']
FURG;UNIVERSIDADE FEDERAL DO RIO GRANDE;DESENVOLVIMENTO DE NANOEMULSÕES PICKERING DE NANOFIBRAS DE QUITINA COM EXTRATO BIOATIVO DE RESÍDUO DE LÚPULO;['LUIZ ANTONIO DE ALMEIDA PINTO', 'GABRIEL COSTA COELHO', 'LISIANE BALDEZ DA CUNHA', 'MICHELI LEGEMANN MONTE', 'BRUNA SILVA DE FARIAS', 'TITO ROBERTO SANT ANNA CADAVAL JUNIOR']
UFSM;UNIVERSIDADE FEDERAL DE SANTA MARIA;TESTE MOLECULAR RÁPIDO PARA TUBERCULOSE;['MARLI MATIKO ANRAKU DE CAMPOS', 'KELI LUANA MALDANER']
UCS;UNIVERSIDADE DE CAXIAS DO SUL;PROCESSO PARA O PREPARO DE NANOCOMPÓSITO DE NANOPLAQUETA NANOCARGAS DE GRAFENO EM MATRIZ TERMOPLÁSTICA, NANOCOMPÓSITO DE NANOCARGAS DE GRAFENO EM MATRIZ TERMOPLÁSTICA E USO DO NANOCOMPÓSITO;['RENAN DEMORI', 'MATEUS DA FONSECA PEREIRA', 'TIAGO MARCELO REIS', 'JANAINA DA SILVA CRESPO', 'ALEXANDRE FASSINI MICHELS']
FURG;UNIVERSIDADE FEDERAL DO RIO GRANDE;OBTENÇÃO DE SENSOR QUIMICAMENTE MODIFICADO COM BIOCHAR DE SOJA PARA DETERMINAÇÃO DE TARTRAZINA;['LUIZ ANTONIO DE ALMEIDA PINTO', 'LEANDRO SILVA DE ALMEIDA', 'EDUARDO SILVEIRA RIBEIRO', 'TITO ROBERTO SANT ANNA CADAVAL JUNIOR', 'ELIEZER QUADRO ORESTE', 'DAIANE DIAS']
FURG;UNIVERSIDADE FEDERAL DO RIO GRANDE;ESPONJA POROSA DE QUITOSANA PARA REMOÇÃO DE ÓLEO LUBRIFICANTE USADO (OLU) EM SISTEMA AQUOSO;['LUIZ ANTONIO DE ALMEIDA PINTO', 'ARIANE BORGES RIBEIRO', 'FRANCISCA ZUCHOSKI RIZZI', 'VIVIANE DE CARVALHO ARABIDIAN', 'RAFAEL GERHARDT', 'BRUNA SILVA DE FARIAS', 'NAURO DA SILVEIRA JUNIOR', 'TITO ROBERTO SANT ANNA CADAVAL JUNIOR']
FURG;UNIVERSIDADE FEDERAL DO RIO GRANDE;FORMULAÇÕES DE REVELADORES DE IMPRESSÕES DIGITAIS DERIVADOS DA CURCUMINA NATURAL;['CLAUDIO MARTIN PEREIRA DE PEREIRA', 'AMANDA FONSECA LEITZKE', 'TAIS POLETTI', 'BRUNO NUNES DA ROSA', 'MILENA MATTES CERVEIRA', 'GUILHERME KURZ MARON', 'RODRIGO DE ALMEIDA VAUCHER', 'NEFTALI LENIN VILLARREAL CARREÑO']
UFPEL;UNIVERSIDADE FEDERAL DE PELOTAS;BCG RECOMBINANTE EXPRESSANDO EPÍTOPOS IMUNODOMINANTES DE SYCP1 E ACRBP PARA APLICAÇÕES EM IMUNOTERAPIA DO MELANOMA E CÂNCER DE BEXIGA;['FABIANA KOMMLING SEIXAS', 'VALENTINA GESSINGER FERREIRA', 'SUZANA LEMKE LANIUS', 'STELLA JULLI FARIAS CARDOZO', 'NIELE SILVA SOUZA', 'MARIA EDUARDA EHLERT', 'LAURA DE MORAES GOMES', 'JOAO VITOR FERNANDES MARCO', 'NICOLE RAMOS SCHOLL', 'FREDERICO SCHMITT KREMER', 'BRUNA SILVEIRA PACHECO', 'FERNANDA SEVERO SABEDRA SOUSA', 'SIBELE BORSUK', 'AMILTON CLAIR PINTO SEIXAS NETO', 'TIAGO VEIRAS COLLARES']
UFPEL;UNIVERSIDADE FEDERAL DE PELOTAS;LICOR PIROLENHOSO COMO REVESTIMENTO ANTICORROSIVO PARA METAIS;['DARCI ALBERTO GATTO', 'ANDRE LUIZ MISSIO', 'CAMILA MONTEIRO CHOLANT']
UFPEL;UNIVERSIDADE FEDERAL DE PELOTAS;MICROPARTÍCULAS BIOPOLIMÉRICS CARREADORAS DE MOLÉCULAS HERBICIDAMENTE ATIVAS;['ANDRE RICARDO FAJARDO', 'HENRIQUE PERES DA MOTA', 'ANDRESSA BAPTISTA NORNBERG', 'VINICIOS RAFAEL GEHRKE', 'LUIS ANTONIO DE AVILA', 'EDINALVO RABAIOLI CAMARGO']
ATITUS EDUCAÇÃO;FACULDADE ATITUS EDUCAÇÃO PASSO FUNDO;MÉTODO DE TRATAMENTO DE EFLUENTES CONTENDO CROMO HEXAVALENTE DA INDÚSTRIA DE GALVANIZAÇÃO;['RODRIGO DE ALMEIDA SILVA', 'RICHARD THOMAS LERMEN']
UNIJUÍ;UNIVERSIDADE REGIONAL DO NOROESTE DO ESTADO DO RIO GRANDE DO SUL;INVÓLUCRO IMPERMEÁVEL PARA PLACA ELETRÔNICA E CIRCUITOS ELÉTRICOS;['PAULO SERGIO SAUSEN', 'AIRAM TERESA ZAGO ROMCY SAUSEN', 'MAURICIO DE CAMPOS']
UCS;UNIVERSIDADE DE CAXIAS DO SUL;FILME ANTICORROSÃO, EMBALAGEM, PROCESSO DE PRODUÇÃO E USO DO MESMO;['ROSMARY NICHELE BRANDALISE', 'TAIS CAROLINE TURELLA', 'DIEGO PIAZZA']
UCS;UNIVERSIDADE DE CAXIAS DO SUL;PROCESSO DE OBTENÇÃO DE MEMBRANA POLIMÉRICA COM NANOFIBRAS DE CELULOSE E MEMBRANA POLIMÉRICA COM NANOFIBRAS DE CELULOSE;['ADEMIR JOSE ZATTERA', 'TAYSE CIRCE TUROSSI', 'CAMILA BALDASSO', 'JOCELEI DUARTE']
FURG;UNIVERSIDADE FEDERAL DO RIO GRANDE;OBTENÇÃO DE SENSOR QUIMICAMENTE MODIFICADO COM BIOCHAR DE SOJA PARA DETERMINAÇÃO DE TARTRAZINA;['LUIZ ANTONIO DE ALMEIDA PINTO', 'SARA ALVES DA CUNHA', 'RAFAELA VENDRAMIN COMUNELLO', 'LEANDRO SILVA DE ALMEIDA', 'EDUARDO SILVEIRA RIBEIRO', 'ISAAC DOS SANTOS NUNES', 'TITO ROBERTO SANT ANNA CADAVAL JUNIOR', 'ELIEZER QUADRO ORESTE', 'DAIANE DIAS']
UCS;UNIVERSIDADE DE CAXIAS DO SUL;PROCESSO PARA O PREPARO DE NANOCOMPÓSITO DE NANOPLAQUETA NANOCARGAS DE GRAFENO EM MATRIZ TERMOPLÁSTICA, NANOCOMPÓSITO DE NANOCARGAS DE GRAFENO EM MATRIZ TERMOPLÁSTICA E USO DO NANOCOMPÓSITO;['RENAN DEMORI', 'MATEUS DA FONSECA PEREIRA', 'TIAGO MARCELO REIS', 'JANAINA DA SILVA CRESPO', 'ALEXANDRE FASSINI MICHELS']
UNIJUÍ;UNIVERSIDADE REGIONAL DO NOROESTE DO ESTADO DO RIO GRANDE DO SUL;URNRS22 - CULTIVAR PROTEGIDA;['JOSE ANTONIO GONZALEZ DA SILVA', 'JOAO PEDRO DALLA ROZA', 'JAQUELINE PIESANTI SANGIOVO', 'LEONARDO CESAR PRADEBON', 'CRISTHIAN MILBRADT BABESKI', 'NATIANE CAROLINA FERRARI BASSO', 'IVAN RICARDO CARVALHO', 'JULIANA AOZANE DA ROSA', 'EMERSON ANDRE PEREIRA']
UNIPAMPA;UNIVERSIDADE FEDERAL DO PAMPA;DISPOSITIVO PARA A PURIFICAÇÃO HÍBRIDA DE ÁGUA POR MEIO DE RADIAÇÃO DE MICRO-ONDAS;['VANDERLEI FOLMER', 'ALEJANDRO JAVIER ALEGRE REYES', 'ELTON LUIS GASPAROTTO DENARDIN']
FURG;UNIVERSIDADE FEDERAL DO RIO GRANDE;APARATO E MÉTODO PARA ENSAIO DE AVALIAÇÃO DE VIDA DE BICO DE CONTATO EM SOLDAGEM E MANUFATURA ADITIVA;['LOURIEL OLIVEIRA VILARINHO']
UFPEL;UNIVERSIDADE FEDERAL DE PELOTAS;PROTEÍNA RECOMBINANTE DE ROTAVÍRUS G3P[12] E G14P[12] PARA USO COMO IMUNOBIOLÓGICO;['FABIO PEREIRA LEIVAS LEITE', 'VITORIA SEQUEIRA GONCALVES', 'RAFAELA PINTO DE SOUZA', 'VITORIA MULLER', 'MARIANA ANDRADE MOUSQUER', 'CARLOS EDUARDO WAYNE NOGUEIRA', 'NEIDA LUCIA CONRAD', 'RODRIGO CASQUERO CUNHA']
UFPEL;UNIVERSIDADE FEDERAL DE PELOTAS;PROTEÍNAS QUIMÉRICAS RECOMBINANTES CONTENDO EPÍTOPOS DE PROTEÍNAS DE ACINETOBACTER BAUMANNII PARA USO COMO INSUMO BIOTECNOLÓGICO;['AMILTON CLAIR PINTO SEIXAS NETO', 'BEATRIZ BATISTA BRITES', 'DEBORAH TROTA FARIAS DE ALBERNAZ', 'FREDERICO SCHMITT KREMER', 'DAIANE DRAWANZ HARTWIG', 'LUCIANO DA SILVA PINTO']
UFPEL;UNIVERSIDADE FEDERAL DE PELOTAS;MÉTODO DE AVALIAÇÃO ECOTOXICOLÓGICA BASEADO NA MEDIÇÃO DE BIOMARCADORES MOLECULARES;['CLAUDIO MARTIN PEREIRA DE PEREIRA', 'PAGANO, ANTÔNIO D.', 'DIEGO SERRASOL DO AMARAL', 'MARIANA HARTER REMIAO', 'TONY LEANDRO REZENDE DA SILVEIRA', 'VINICIUS FARIAS CAMPOS']
UFPEL;UNIVERSIDADE FEDERAL DE PELOTAS;PROTEÍNA QUIMÉRICA RECOMBINANTE CONTENDO EPÍTOPOS DAS PROTEÍNAS CAM87009.1 E FILF DE ACINETOBACTER BAUMANNII;['AMILTON CLAIR PINTO SEIXAS NETO', 'ISABEL LADEIRA PEREIRA', 'THAYNA LANER CARDOSO', 'PAMELA SCARAFFUNI CABALLERO', 'DANIELA RODRIGUERO WOZEAK', 'DAIANE DRAWANZ HARTWIG', 'LUCIANO DA SILVA PINTO']
UFRGS;UNIVERSIDADE FEDERAL DO RIO GRANDE DO SUL;INTERVENTION DRIVE SYSTEM COMPRISING AN UMBILICAL;['DANTE AUGUSTO COUTO BARONE', 'IGOR MENDES URSINE KRETTLI', 'JOSE ABEL TICONA LARICO', 'LAURA AMAYA TORRES', 'DAVID STEEVEN VILLA SALAZAR', 'JAIME ANDRÉS RIASCOS SALAS', 'FILIPE PAIXAO GEIGER', 'HUGO FRANCISCO LISBOA SANTOS', 'HARDY LEONARDO DA CUNHA PEREIRA PINTO', 'ANDERSON MACIEL', 'EDUARDO DONADEL BASSO', 'EDUARDO ANTONIO WINK DE MENEZES', 'JULIANO MORATO FRANZ', 'RAFAEL ANTONIO COMPARSI LARANJA', 'LUCIANA PORCHER NEDEL', 'TIAGO BECKER', 'FABIANO DISCONZI WILDNER', 'NEY ROBINSON SALVI DOS REIS', 'MAURICIO GALASSI', 'EDUARDO ANDRE PERONDI']
UCS;UNIVERSIDADE DE CAXIAS DO SUL;NANOPLAQUETA FUNCIONALIZADA, PROCESSO DE OBTENÇÃO DA NANOPLAQUETA FUNCIONALIZADA, USO DA NANOPLAQUETA FUNCIONALIZADA, REVESTIMENTO EM PÓ, PROCESSO DE OBTENÇÃO DO REVESTIMENTO EM PÓ E USO DO REVESTIMENTO EM PÓ;['DIEGO PIAZZA', 'MARCOS VINICIUS MAROCCO', 'GUSTAVO ONZI CABERLON', 'DANIELE PERONDI']
UCS;UNIVERSIDADE DE CAXIAS DO SUL;COMPOSIÇÃO DE MEIO DE CULTURA PARA AKKERMANSIA MUCINIPHILA, PROCESSO DE PRODUÇÃO DE BIOMASSA DE AKKERMANSIA MUCINIPHILA E SEUS USOS;['SHEILA MONTIPO', 'ROSELEI CLAUDETE FONTANA', 'MARLI CAMASSOLA']
UFPEL;UNIVERSIDADE FEDERAL DE PELOTAS;STARTUP SALT BIOTECH;['ANDREA CRISTINA BASSO', 'ISADORA ANDRE ROSA LOPES', 'JULIA DAME FONSECA PASCHOAL']
FURG;UNIVERSIDADE FEDERAL DO RIO GRANDE;PROCESSO DE PRODUÇÃO VERDE DE NANOPARTÍCULAS DE PRATA UTILIZANDO EXTRATO DE BIOFLOCOS DO SISTEMA DE TECNOLOGIA EM BIOFLOCOS (BFT) COMO AGENTE REDUTOR E ESTABILIZANTE;['FABIO FELIPE GABRIEL ROSELET', 'ROBSON MATHEUS MARREIRO GOMES', 'JOSE MARIA MONSERRAT']
URI;UNIVERSIDADE REGIONAL INTEGRADA DO ALTO URUGUAI E DAS MISSÕES;GRAFENOSILICATO SINTETIZADO PELO MEIO SOL-GEL UTILIZANDO CINZAS DAS CASCAS DE ARROZ COMO FONTE DE SÍLICA;['ROGERIO MARCOS DAL LAGO', 'BRENDA ZAGO', 'FABIANA DE OLIVEIRA PEREIRA', 'ADRIELE SABRINA TODERO', 'PALOMA TRUCCOLO REATO', 'DIANA EXENBERGER FINKLER', 'MARCELO LUIS MIGNONI']
UFPEL;UNIVERSIDADE FEDERAL DE PELOTAS;FUZZYSENTCLASS: INTERVAL-VALUED FUZZY APPROACH TO SENTIMENT ANALYSIS;['ADENAUER CORREA YAMIM', 'BRUNO MOURA PAZ DE MOURA', 'RENATA HAX SANDER REISER']
UFPEL;UNIVERSIDADE FEDERAL DE PELOTAS;MÉTODO PARA GENOTIPAGEM DO POLIMORFISMO RS11872992 DO GENE MC4R;['CARLOS CASTILHO DE BARROS', 'ALICE KUNZGEN SCHEER', 'AMANDA BARBOSA ATRIB', 'CLEDIA SILVEIRA FLORES DA SILVA', 'MARCELLO DE SOUZA ALVES']
UFRGS;UNIVERSIDADE FEDERAL DO RIO GRANDE DO SUL;PROTEÍNA ESCOLOTOXINA SSD14 DE CARRAPATO OU PEPTÍDEOS DERIVADOS E USO COMO VACINA CONTRA ÁCAROS;['ITABAJARA DA SILVA VAZ JUNIOR', 'SHAFIULLAH', 'Mashal Almutairi', 'Abdulaziz Alouffi', 'ABID ALI', 'LUIS FERNANDO PARIZI']
FURG;UNIVERSIDADE FEDERAL DO RIO GRANDE;BIOCOMBUSTÍVEL OBTIDO A PARTIR DO ÓLEO DA SEMENTE DE COCÃO (ATTALEA TASSMANNI);['LUIZ ANTONIO DE ALMEIDA PINTO', 'MAURICIO ZIMMER FERREIRA ARLINDO', 'VIVIANE DE CARVALHO ARABIDIAN', 'BRUNA SILVA DE FARIAS', 'DEBORA PEZ JAESCHKE', 'NAURO DA SILVEIRA JUNIOR', 'TITO ROBERTO SANT ANNA CADAVAL JUNIOR']
FURG;UNIVERSIDADE FEDERAL DO RIO GRANDE;DETERMINAÇÃO DE CLORANFENICOL UTILIZANDO SENSOR QUIMICAMENTE MODIFICADO COM BIOCHAR DE SOJA;['EDNEI GILBERTO PRIMEL', 'ENEDINA SENA ALVES DE LIMA', 'ANA PAULA DE OLIVEIRA LOPES INACIO', 'JULIANA MARTINS DIAS', 'ISAAC DOS SANTOS NUNES', 'TITO ROBERTO SANT ANNA CADAVAL JUNIOR', 'ELIEZER QUADRO ORESTE', 'SERGIANE CALDAS BARBOSA', 'DAIANE DIAS', 'LUIZ ANTONIO DE ALMEIDA PINTO']
UFPEL;UNIVERSIDADE FEDERAL DE PELOTAS;SISTEMA DE MONITORAMENTO DE PRESSÃO PARA CIRCUITOS PNEUMÁTICOS;['FABRICIO ARDAIS MEDEIROS']
UFPEL;UNIVERSIDADE FEDERAL DE PELOTAS;USO DE MOLÉCULAS SINTÉTICAS DE DNA RECOMBINANTE PARA O AUMENTO DE TOLERÂNCIA A SMOLTIFICAÇÃO EM SALMONÍDEOS;['VINICIUS FARIAS CAMPOS', 'MARIANA CAVALCANTI NASCIMENTO', 'LUANA FERREIRA VIANA DOS REIS', 'LAIS DOS SANTOS GONCALVES', 'LEANDRO SILVA NUNES', 'WILLIAM BORGES DOMINGUES']
UCS;UNIVERSIDADE DE CAXIAS DO SUL;PROCESSO DE PREPARAÇÃO DE CARVÃO ATIVADO, CARVÃO ATIVADO E USO DO MESMO COMO CATALISADOR;['THIAGO BARCELLOS DA SILVA', 'Eduardo Antônio Cechinatto', 'MARCELO GODINHO']
UCS;UNIVERSIDADE DE CAXIAS DO SUL;SISTEMA DE REUSO DE ÁGUA;['JOCELEI DUARTE', 'FELIPE HENRIQUE SACHETT', 'CAMILA BALDASSO']
FURG;UNIVERSIDADE FEDERAL DO RIO GRANDE;DETERMINAÇÃO DE CLORANFENICOL UTILIZANDO SENSOR QUIMICAMENTE MODIFICADO COM BIOCHAR DE SOJA;['EDNEI GILBERTO PRIMEL', 'ANA PAULA DE OLIVEIRA LOPES INACIO', 'TITO ROBERTO SANT ANNA CADAVAL JUNIOR', 'SERGIANE CALDAS BARBOSA', 'DAIANE DIAS']
UFRGS;UNIVERSIDADE FEDERAL DO RIO GRANDE DO SUL;URS REPONTE;['MARCELO TEIXEIRA PACHECO']
UFPEL;UNIVERSIDADE FEDERAL DE PELOTAS;FIBRAS ULTRAFINAS PRODUZIDAS COM FUCOIDANA E ZEÍNA POR ELECTROSPINNING;['ELESSANDRA DA ROSA ZAVAREZE', 'DE PEREIRA, CLAUDIO M. P.', 'DANIELLE TAPIA BUENO', 'FRANCIELI MORO STEFANELLO']
UCS;UNIVERSIDADE DE CAXIAS DO SUL;COMPLEXO TERNÁRIO, SEU PROCESSO DE PRODUÇÃO, SEUS USOS E FORMULAÇÃO;['SIDNEI MOURA E SILVA', 'CARLA PERON', 'PAULO ROBERTO DOS SANTOS']
UCS;UNIVERSIDADE DE CAXIAS DO SUL;COMPÓSITO COMPREENDENDO GRAFENO E/OU SEUS DERIVADOS, PROCESSO DE OBTENÇÃO E USO DO MESMO;['DIEGO PIAZZA', 'MARCOS VINICIUS MAROCCO', 'GUSTAVO ONZI CABERLON', 'FRANCISCO LANFERDINI SERAFINI', 'DANIELE PERONDI']
URI;UNIVERSIDADE REGIONAL INTEGRADA DO ALTO URUGUAI E DAS MISSÕES;PROCESSO DE REVELAÇÃO DO SEXO DOS BEBES EM ATIVIDADES RECREATIVAS E TEMATICAS EMPREGANDO INDICADORES DE PH;['ROGERIO MARCOS DAL LAGO', 'DIANA EXENBERGER FINKLER', 'LUCIANA DORNELLES VENQUIARUTO', 'MARCELO LUIS MIGNONI']
UFPEL;UNIVERSIDADE FEDERAL DE PELOTAS;PROCESSO DE BENEFICIAMENTO DE LODO DE ESTAÇÃO DE TRATAMENTO DE ÁGUA PARA A CONFECÇÃO DE PRODUTOS CERÂMICOS E CIMENTÍCIOS;['MAURIZIO SILVEIRA QUADRO', 'LUIZA BEATRIZ GAMBOA ARAUJO MORSELLI', 'ROBSON ANDREAZZA']
UFPEL;UNIVERSIDADE FEDERAL DE PELOTAS;OLEOGÉIS COMO UMA ALTERNATIVA PARA SUBSTITUIR A GORDURA HIDROGENADA EM COOKIES;['CLAUDIO MARTIN PEREIRA DE PEREIRA', 'CAMILA DE OLIVEIRA PACHECO', 'ELDER PACHECO DA CRUZ', 'CRISTINA JANSEN', 'ALVARO RENATO GUERRA DIAS', 'ELESSANDRA DA ROSA ZAVAREZE']
UFPEL;UNIVERSIDADE FEDERAL DE PELOTAS;FIBRAS ULTRAFINAS PRODUZIDAS COM ÓLEO DA MOSCA SOLDADO NEGRO E ZEÍNA POR ELECTROSPINNING;['CLAUDIO MARTIN PEREIRA DE PEREIRA', 'GABRIELLY QUARTIERI SEJANES', 'TAMARA MENDES LEITE SILVA TRINDADE', 'CRISTINA JANSEN', 'ELESSANDRA DA ROSA ZAVAREZE']
UFRGS;UNIVERSIDADE FEDERAL DO RIO GRANDE DO SUL;METODO DE PREVENÇAO DA FRAGILIZAÇAO POR HIDROGENIO DE COMPONENTES A PARTIR DE REVESTIMENTOS POR ASPERSAO TERMICA;['LEANDRO CAMARA NORONHA', 'CRISTIANE DE SOUZA BRANDOLT', 'ROBERTO MOREIRA SCHROEDER', 'CELIA DE FRAGA MALFATTI']
UFSM;UNIVERSIDADE FEDERAL DE SANTA MARIA;CONTENTOR FLEXÍVEL REVESTIDO E SISTEMA DE MONITORAMENTO INTERGRANULAR;['PAULO CARTERI CORADI', 'RONEY ELOY LIMA', 'PAULO EDUARDO TEODORO', 'CLAUDIR LARI PADIA']
UCS;UNIVERSIDADE DE CAXIAS DO SUL;PROCESSO DE EXTRAÇÃO DE UMA AMOSTRA BIOLÓGICA SÓLIDA E MÉTODO DE DETECÇÃO DE PRAGUICIDA EM EXTRATO DE AMOSTRA BIOLÓGICA SÓLIDA;['RAFAEL MENCK DE ALMEIDA', 'LUANA CONTE CROCOLI', 'SIDNEI MOURA E SILVA']
FURG;UNIVERSIDADE FEDERAL DO RIO GRANDE;ADSORÇÃO DE CO2 EM PELLETS DE CINZAS PARA CULTIVO MICROALGAL;['JORGE ALBERTO VIEIRA COSTA', 'BRUNA DA SILVA VAZ', 'MICHELE GREQUE DE MORAIS']
FURG;UNIVERSIDADE FEDERAL DO RIO GRANDE;EMBALAGEM BIODEGRADÁVEL OBTIDA DO RESÍDUO PROTEICO DO PROCESSAMENTO DA CERVEJA (TRUB);['VILASIA GUIMARAES MARTINS', 'LUAN GUSTAVO DOS SANTOS']
FURG;UNIVERSIDADE FEDERAL DO RIO GRANDE;SYMBIOBOX: ESTUFA PORTÁTIL PARA PRODUÇÃO ARTESANAL DE BEBIDAS FERMENTADAS POR CULTURAS DE KEFIR;['ANELISE CHRIST RIBEIRO', 'INGRID MURIELLY WEISHEIMER', 'DIEAN FABIANO ALVARES PINHEIRO', 'REJANE MACEDO MARTINS']
UFRGS;UNIVERSIDADE FEDERAL DO RIO GRANDE DO SUL;MÉTODO PARA A RECICLAGEM DE MÓDULOS FOTOVOLTAICOS DE SILÍCIO;['HUGO MARCELO VEIT', 'LUCAS MARGAREZZI SCHMIDT', 'PABLO RIBEIRO DIAS']
UCS;UNIVERSIDADE DE CAXIAS DO SUL;PROCESSO DE CULTIVO DE MICRORGANISMOS, COMPOSIÇÃO E USO DE ENDÓSPOROS;['SABRINA CARRA', 'LAURA ARAUJO CECCATO', 'ALESSANDRA RUSSI', 'JOSELI SCHWAMBACH', 'ELOANE MALVESSI', 'CAMILLE EICHELBERGER GRANADA']
UCS;UNIVERSIDADE DE CAXIAS DO SUL;MEMBRANA POLIMÉRICA, SEU PROCESSO DE PRODUÇÃO E SEUS USOS;['JOCELEI DUARTE', 'NATHALIA FERRONATO LIVINALLI', 'WENDEL PAULO SILVESTRE', 'CAMILA BALDASSO']
URI;UNIVERSIDADE REGIONAL INTEGRADA DO ALTO URUGUAI E DAS MISSÕES;PROCESSO DE SÍNTESE DO MATERIAL MESOPOROSO GRAFENOSILICATO DO TIPO MCM-48 UTILIZANDO O SÓLIDO IÔNICO [C16MI].CL COMO AGENTE DIRECIONADOR DE ESTRUTURA DOPADO COM ÓXIDO DE LANTÂNIO (LA2O3);['ROGERIO MARCOS DAL LAGO', 'FABIANA DE OLIVEIRA PEREIRA', 'ADRIELE SABRINA TODERO', 'PALOMA TRUCCOLO REATO', 'DIANA EXENBERGER FINKLER', 'MARCELO LUIS MIGNONI']
UFRGS;UNIVERSIDADE FEDERAL DO RIO GRANDE DO SUL;PROTEÍNA ESCOLOTOXINA SSD14 DE CARRAPATO OU PEPTÍDEOS DERIVADOS E USO COMO VACINA CONTRA ÁCAROS;['ITABAJARA DA SILVA VAZ JUNIOR', 'SHAFIULLAH', 'ABID ALI', 'LUIS FERNANDO PARIZI']
UFRGS;UNIVERSIDADE FEDERAL DO RIO GRANDE DO SUL;REHABILAR – FERRAMENTA PARA AVALIAÇÃO DE EDIFICAÇÕES AFETADAS POR EVENTOS CLIMÁTICOS EXTREMOS;['LUCAS ALEXANDRE REGINATO']
UFPEL;UNIVERSIDADE FEDERAL DE PELOTAS;FIBRAS ULTRAFINAS PRODUZIDAS COM ÓLEO DA MOSCA SOLDADO NEGRO E ZEÍNA POR ELECTROSPINNING;['CLAUDIO MARTIN PEREIRA DE PEREIRA', 'CRISTINA JANSEN', 'ELESSANDRA DA ROSA ZAVAREZE']
UFPEL;UNIVERSIDADE FEDERAL DE PELOTAS;FORMULAÇÃO VACINAL CONTENDO A PROTEÍNA RCP40 DE CORYNEBACTERIUM PSEUDOTUBERCULOSIS ASSOCIADA A MYCOBACTERIUM BOVIS BCG PASTEUR PARA A LINFADENITE CASEOSA;['MICHELLY FERNANDES DE MACEDO', 'MARIA DAYANA CORDEIRO BARRETO', 'THIAGO VINICIUS SANTOS E ALVES', 'LENISE MARIA PARENTE MOTA', 'ANA KAROLINA MELO OLIVEIRA BARROS', 'JANPSON ALLAN RIBEIRO GURGEL', 'RUAN DA CRUZ PAULINO', 'GABRIEL FREITAS DE MACEDO', 'MONICA ELLEN DA COSTA SOARES', 'HEVERTON LUIZ DE OLIVEIRA VALDEVINO', 'BARBARA MONIQUE DE FREITAS VASCONCELOS', 'SIBELE BORSUK', 'JAEL SOARES BATISTA', 'FRANCISCO SILVESTRE BRILHANTE BEZERRA', 'CIBELE DOS SANTOS BORGES']
UCS;UNIVERSIDADE DE CAXIAS DO SUL;NANOEMULSÃO ANTISSÉPTICA PARA CONTROLE DE SARS-COV-2;['LETICIA MAZZARINO', 'MILENA CONCI DE ARAUJO', 'MARIA BEATRIZ DA ROCHA VELEIRINHO', 'MARCELO MARASCHIN', 'MILENE DIAS MIRANDA']
FURG;UNIVERSIDADE FEDERAL DO RIO GRANDE;PROCESSO DE PRODUÇÃO DE KOMBUCHA ADICIONADA DE SPIRULINA E KOMBUCHA ADICIONADA DE SPIRULINA;['JORGE ALBERTO VIEIRA COSTA', 'DANIELLE RUBIM LOPES', 'MICHELE GREQUE DE MORAIS']
UFRGS;UNIVERSIDADE FEDERAL DO RIO GRANDE DO SUL;PROCESSO DE FABRICAÇÃO DE UM MATERIAL FOTOLUMINESCENTE, MATERIAL FOTOLUMINESCENTE, USO DO MATERIAL FOTOLUMINESCENTE, PROCESSO DE REVELAÇÃO DE IMPRESSÃO DIGITAL E PROCESSO DE REVELAÇÃO DE SANGUE;['LEANDRA FRANCISCATO CAMPO', 'INGRID MALISZEWSKI PACZKOWSKI']
UFPEL;UNIVERSIDADE FEDERAL DE PELOTAS;COMPOSIÇÃO FOTOCATALÍTICA, PROCESSO PARA CONFORMAÇÃO DE COMPOSIÇÃO FOTOCATALÍTICA E APLICAÇÃO DE COMPOSIÇÃO FOTOCATALÍTICA;['HEBERT LUIS ROSSETTO', 'RAFAELA MEDINA DA SILVA']
FURG;UNIVERSIDADE FEDERAL DO RIO GRANDE;DESENVOLVIMENTO DE ELETRODO DE FILME QUIMICAMENTE MODIFICADO COM BIOCHAR DE SOJA APLICADO A DETERMINAÇÃO VOLTAMÉTRICA DE CAFEÍNA;['LUIZ ANTONIO DE ALMEIDA PINTO', 'ANDRESSA BARROSO DOS SANTOS', 'SARA ALVES DA CUNHA', 'ANA PAULA DE OLIVEIRA LOPES INACIO', 'JULIANA MARTINS DIAS', 'CAROLINE ATHAIDES MILER', 'TITO ROBERTO SANT ANNA CADAVAL JUNIOR', 'ELIEZER QUADRO ORESTE', 'JULIANA VILLELA MACIEL', 'DAIANE DIAS']
FURG;UNIVERSIDADE FEDERAL DO RIO GRANDE;IDENTIFICAÇÃO DE ESPÉCIES DE FUNGOS ASPERGILLUS UTILIZANDO A VOLTAMETRIA DE MICROPARTÍCULA IMOBILIZADA;['DAIANE DIAS', 'RAFAELA VENDRAMIN COMUNELLO', 'ANA PAULA DE OLIVEIRA LOPES INACIO', 'ELIZA RODRIGUES ACOSTA', 'JAQUELINE GARDA BUFFON', 'ELIEZER QUADRO ORESTE', 'LARINE KUPSKI']
UFSM;UNIVERSIDADE FEDERAL DE SANTA MARIA;PRODUTO ALIMENTÍCIO ADOCICADO E SEU PROCESSO DE FABRICAÇÃO;['NEILA SILVIA PEREIRA DOS SANTOS RICHARDS', 'CRISTIANA BASSO']
UFPEL;UNIVERSIDADE FEDERAL DE PELOTAS;MÉTODO PARA GENOTIPAGEM DO POLIMORFISMO RS3813627 DO GENE APOA2;['CARLOS CASTILHO DE BARROS', 'ALICE KUNZGEN SCHEER', 'AMANDA BARBOSA ATRIB', 'CLEDIA SILVEIRA FLORES DA SILVA', 'MARCELLO DE SOUZA ALVES']
UFPEL;UNIVERSIDADE FEDERAL DE PELOTAS;VEÍCULO BIODEGRADÁVEL CARREADOR DE MOLÉCULA HERBICIDAMENTE ATIVA;['ANDRE RICARDO FAJARDO', 'MATEUS VICENTE ALVES', 'ANDRESSA BAPTISTA NORNBERG', 'EDINALVO RABAIOLI CAMARGO']
UFSM;UNIVERSIDADE FEDERAL DE SANTA MARIA;SISTEMA DE DESLIGAMENTO RÁPIDO DE SISTEMAS FOTOVOLTAICOS A NÍVEL DE MÓDULO E DISPOSITIVO ASSOCIADO;['LEANDRO MICHELS', 'LUCAS VIZZOTTO BELLINASO']
FEEVALE;UNIVERSIDADE FEEVALE;MÉTODO DE OBTENÇÃO DE EXTRATO HIDROALCOÓLICO LIOFILIZADO DAS FOLHAS DE ACACIA MEARNSII (ACÁCIA-NEGRA) E FORMULAÇÃO DE XAMPU PARABENO FREE CONTENDO O EXTRATO.;['ANA LUIZA ZIULKOSKI', 'PATRICIA WEIMER', 'ELEN LUIZA PELISOLI FORMAGIO ABDALLA', 'EDNA SAYURI SUYENAGA', 'LETICIA SCHERER KOESTER', 'FERNANDO DAL PONT MORISSO', 'ROCHELE CASSANTA ROSSI']
FURG;UNIVERSIDADE FEDERAL DO RIO GRANDE;USO DE ESPONJA POROSA DE QUITOSANA PARA REMOÇÃO DE ÓLEO LUBRIFICANTE USADO (OLU) EM SISTEMA AQUOSO;['LUIZ ANTONIO DE ALMEIDA PINTO', 'FRANCISCA ZUCHOSKI RIZZI', 'VIVIANE DE CARVALHO ARABIDIAN', 'RAFAEL GERHARDT', 'BRUNA SILVA DE FARIAS', 'NAURO DA SILVEIRA JUNIOR', 'TITO ROBERTO SANT ANNA CADAVAL JUNIOR']
URI;UNIVERSIDADE REGIONAL INTEGRADA DO ALTO URUGUAI E DAS MISSÕES;PREPARAÇÃO DE FERTILIZANTE A PARTIR DE LODO E CINZA COM ALGINATO COMO AGENTE AGLUTINANTE;['ANTONIO SERGIO DO AMARAL', 'MARCELA LIZ VIEIRA WIECZIKOWSKI', 'BRUNA MARIA SAORIN PUTON', 'ILIZANDRA APARECIDA FERNANDES', 'JARDES BRAGAGNOLO', 'MARCELO LUIS MIGNONI', 'ROGERIO MARCOS DAL LAGO']
UFPEL;UNIVERSIDADE FEDERAL DE PELOTAS;SISTEMA DE ASPIRAÇÃO FOLICULAR OVARIANA POST MORTEM;['FABIANA KOMMLING SEIXAS', 'ISADORA ANDRE ROSA LOPES', 'JULIA DAME FONSECA PASCHOAL', 'BRUNA SILVEIRA PACHECO', 'ANDREA CRISTINA BASSO', 'TIAGO VEIRAS COLLARES']
UFPEL;UNIVERSIDADE FEDERAL DE PELOTAS;DISPOSIÇÃO CONSTRUTIVA DE SISTEMA DOSADOR DE SEMENTES;['FABRICIO ARDAIS MEDEIROS', 'MARLON SOARES SIGALES', 'EDUARDO WALKER', 'ANGELO VIEIRA DOS REIS', 'ANTONIO LILLES TAVARES MACHADO', 'ROGER TOSCAN SPAGNOLO', 'GIUSEPE STEFANELLO']
UFPEL;UNIVERSIDADE FEDERAL DE PELOTAS;BCG RECOMBINANTE EXPRESSANDO EPÍTOPOS IMUNODOMINANTES DE SYCP1 E ACRBP PARA APLICAÇÕES EM IMUNOTERAPIA DO MELANOMA E CÂNCER DE BEXIGA;['FABIANA KOMMLING SEIXAS', 'STELLA JULLI FARIAS CARDOZO', 'MARIA EDUARDA EHLERT', 'JOAO VICTOR FERNANDES MARCOS', 'NIELE SILVA SOUZA', 'SUZANA LEMKE LANIUS', 'NICOLE RAMOS SCHOLL', 'FREDERICO SCHMITT KREMER', 'BRUNA SILVEIRA PACHECO', 'FERNANDA SEVERO SABEDRA SOUSA', 'SIBELE BORSUK', 'LAURA DE MORAES GOMES', 'AMILTON CLAIR PINTO SEIXAS NETO', 'TIAGO VEIRAS COLLARES']
UFSM;UNIVERSIDADE FEDERAL DE SANTA MARIA;CINTA CONSTRITORA EXPANSÍVEL;['MAURICIO VELOSO BRUN']
UCS;UNIVERSIDADE DE CAXIAS DO SUL;PROCESSO DE EXTRAÇÃO DE UMA AMOSTRA BIOLÓGICA SÓLIDA E MÉTODO DE DETECÇÃO DE PRAGUICIDA EM EXTRATO DE AMOSTRA BIOLÓGICA SÓLIDA;['SIDNEI MOURA E SILVA']
UCS;UNIVERSIDADE DE CAXIAS DO SUL;COMPOSIÇÃO DE MEIO DE CULTURA PARA AKKERMANSIA MUCINIPHILA, PROCESSO DE PRODUÇÃO DE BIOMASSA DE AKKERMANSIA MUCINIPHILA E SEUS USOS;['SHEILA MONTIPO', 'ROSELEI CLAUDETE FONTANA', 'MARLI CAMASSOLA']
UFPEL;UNIVERSIDADE FEDERAL DE PELOTAS;OLEOGÉIS À BASE DE ÓLEO DE AMENDOA DO CAROÇO DE BUTIÁ E CERA DE ABELHA COMO SUBSTITUTO DA GORDURA HIDROGENADA EM COOKIES;['CLAUDIO MARTIN PEREIRA DE PEREIRA', 'DANIELLE TAPIA BUENO', 'ALVARO RENATO GUERRA DIAS', 'ELESSANDRA DA ROSA ZAVAREZE']
UFSM;UNIVERSIDADE FEDERAL DE SANTA MARIA;PRODUÇÃO DE UMA CERVEJA ADICIONADA DE BOCAIUVA (ACROCOMIA ACULEATA);['ADMILSON COSTA DA CUNHA', 'CLAUDIA KAEHLER SAUTTER', 'CRISTIANO AUGUSTO BALLUS', 'MILENE TEIXEIRA BARCIA']
UFPEL;UNIVERSIDADE FEDERAL DE PELOTAS;DISPOSIÇÃO CONSTRUTIVA DE SISTEMA DOSADOR DE SEMENTES;['FABRICIO ARDAIS MEDEIROS', 'ARTUR ANSELMI DUARTE COSTA']
UFPEL;UNIVERSIDADE FEDERAL DE PELOTAS;FORMULAÇÃO PARA PREVENÇÃO DA TRISTEZA PARASITÁRIA BOVINA;['FRANCISCO AUGUSTO BURKERT DEL PINO', 'NATALIA MACHADO RAHAL', 'MARCIO NUNES CORREA', 'EDUARDO SCHMITT', 'RUBENS ALVES PEREIRA', 'JOSIANE DE OLIVEIRA FEIJO']
UFPEL;UNIVERSIDADE FEDERAL DE PELOTAS;FORMULAÇÃO PARA PREVENÇÃO DA TRISTEZA PARASITÁRIA BOVINA;['FRANCISCO AUGUSTO BURKERT DEL PINO', 'NATALIA MACHADO RAHAL', 'EDUARDO SCHMITT', 'RUBENS ALVES PEREIRA']
UFSM;UNIVERSIDADE FEDERAL DE SANTA MARIA;SISTEMA DE DIFUSÃO DE AR AQUECIDO;['GIOVANI LEONE ZABOT', 'ROSANA SANTOS DE MORAES', 'PAULO EDUARDO TEODORO', 'DALMO PAIM DE OLIVEIRA', 'PAULO CARTERI CORADI']
ATITUS EDUCAÇÃO;FACULDADE ATITUS EDUCAÇÃO PASSO FUNDO;PERIODONTAL PRESSURE TRAINER;['TICIANE DE GOES MARIO FERREIRA']
UCS;UNIVERSIDADE DE CAXIAS DO SUL;PROCESSO PARA OBTENÇÃO DE UM POLÍMERO BIODEGRADÁVEL, POLÍMERO BIODEGRADÁVEL E SEU USO;['JOCELEI DUARTE', 'CAMILA BALDASSO']
UFSM;UNIVERSIDADE FEDERAL DE SANTA MARIA;DISPOSITIVO E PROCESSO PARA TROCA DE CALOR E HOMOGENEIZAÇÃO DE MISTURAS EM TUBO DE ENSAIODISPOSITIVO E PROCESSO PARA TROCA DE CALOR E HOMOGENEIZAÇÃO DE MISTURAS EM TUBO DE ENSAIO;['JULIANO SMANIOTO BARIN', 'ADRIANO MARQUES JAIME', 'LEANDRO MICHELS']
UFPEL;UNIVERSIDADE FEDERAL DE PELOTAS;FÓRMULAS PARA PREDIÇÃO DE VIGOR E VIABILIDADE DE SEMENTE DE SOJA (GLYCINE MAX (L.) MERRILL) COMO CRITÉRIO PARA A APROVAÇÃO DE CARGAS NA RECEPÇÃO;['LILIAN VANUSSA MADRUGA DE TUNES', 'NATALIA PEDRA MADRUGA', 'CRISTINA ROSSETTI']
UFSM;UNIVERSIDADE FEDERAL DE SANTA MARIA;PROCESSO DE OBTENÇÃO DE CALCOGENOÉSTERES, COMPOSTO OBTIDO PELO PROCESSO E USO;['ROBERTO CHRIST VIANNA SANTOS', 'OSCAR ENDRIGO DORNELES RODRIGUES']
UCS;UNIVERSIDADE DE CAXIAS DO SUL;NANOPLAQUETA FUNCIONALIZADA, PROCESSO DE OBTENÇÃO DA NANOPLAQUETA FUNCIONALIZADA, USO DA NANOPLAQUETA FUNCIONALIZADA, REVESTIMENTO EM PÓ, PROCESSO DE OBTENÇÃO DO REVESTIMENTO EM PÓ E USO DO REVESTIMENTO EM PÓ;['DIEGO PIAZZA']
FEEVALE;UNIVERSIDADE FEEVALE;PROCESSO DE OBTENÇÃO DE EXTRATO SECO PADRONIZADO POR SPRAY-DRYING A PARTIR DAS FOLHAS DE EUGENIA UNIFLORA, E EXTRATO SECO OBTIDO;['SIMONE GASPARIN VERZA', 'TATIANA DE OLIVEIRA FURTADO', 'LUANA PONS POSSER', 'NATALIA DALANHOL DE QUADROS', 'FERNANDO DAL PONT MORISSO', 'ANDRESA HEEMANN BETTI', 'JULIANE DEISE FLECK']
UCS;UNIVERSIDADE DE CAXIAS DO SUL;PROCESSO PARA O PREPARO DE NANOCOMPÓSITO DE NANOPLAQUETA NANOCARGAS DE GRAFENO EM MATRIZ TERMOPLÁSTICA, NANOCOMPÓSITO DE NANOCARGAS DE GRAFENO EM MATRIZ TERMOPLÁSTICA E USO DO NANOCOMPÓSITO. 2024, BRASIL.;['RENAN DEMORI', 'PEREIRA, M. B.', 'TIAGO MARCELO REIS', 'JANAINA DA SILVA CRESPO', 'ALEXANDRE FASSINI MICHELS']
FURG;UNIVERSIDADE FEDERAL DO RIO GRANDE;SUPLEMENTO ALIMENTAR EM PÓ CONTENDO COMBINAÇÃO DE FARINHA DE CAROÇO DE AÇAÍ E MICROALGA(S) OU COMBINAÇÃO DE FARINHA DE CAROÇO DE AÇAÍ E POLPA DE AÇAÍ, DESTINADOS À POPULAÇÃO IDOSA;['JORGE ALBERTO VIEIRA COSTA', 'CAROLINI BRAVO TRINDADE', 'LUIZA MORAES', 'MICHELE GREQUE DE MORAIS']
UFPEL;UNIVERSIDADE FEDERAL DE PELOTAS;EFEITO ANTIDEPRESSIVO DO BENZOATO DE 3-[(4-FLUORFENIL)SELENIL]PROP-2-IN-1-ILA;['CRISTIANI FOLHARINI BORTOLATTO', 'MARCELO HEINEMANN PRESA', 'NARRYMAN PINTO ZUGE', 'MARCIA JUCIELE DA ROCHA', 'CESAR AUGUSTO BRUNING', 'BENHUR DE GODOI']
UFPEL;UNIVERSIDADE FEDERAL DE PELOTAS;ÓLEO DE COCO COM MICROALGAS PARA APLICAÇÕES ALIMENTARES E EM COSMÉTICOS;['VINICIUS FARIAS CAMPOS', 'PATRICIA DE MOURA ALMEIDA', 'NYELSON DA SILVA NONATO', 'MARIA HELENA JUVITO DA COSTA', 'LUCAS PETITEMBERTE DE SOUZA', 'CRISTIANE FRANCISCA DA COSTA SASSI', 'ANDRESSA COIMBRA PEREIRA', 'WILLIAM BORGES DOMINGUES']
UNISINOS;UNIVERSIDADE DO VALE DO RIO DOS SINOS;MÉTODO IMPLEMENTADO POR COMPUTADOR PARA SEGMENTAÇÃO E EXTRAÇÃO DE REDE TOPOLÓGICA DE FRATURAS EM ATRIBUTOS SÍSMICOS;['DELANO MENECUCCI IBANEZ', 'RODRIGO BAZO', 'LEANDRO TONIETTO', 'LUIZ GONZAGA DA SILVEIRA JUNIOR', 'ENIUCE MENEZES DE SOUZA']
FURG;UNIVERSIDADE FEDERAL DO RIO GRANDE;OBTENÇÃO DE SENSOR QUIMICAMENTE MODIFICADO COM BIOCHAR DE SOJA PARA DETERMINAÇÃO DE TARTRAZINA;['LUIZ ANTONIO DE ALMEIDA PINTO', 'EDUARDO SILVEIRA RIBEIRO', 'TITO ROBERTO SANT ANNA CADAVAL JUNIOR', 'DAIANE DIAS']
UFPEL;UNIVERSIDADE FEDERAL DE PELOTAS;PROTEÍNA RECOMBINANTE DE ROTAVÍRUS G3P[12] E G14P[12] PARA USO COMO IMUNOBIOLÓGICO;['FABIO PEREIRA LEIVAS LEITE', 'VITORIA SEQUEIRA GONCALVES', 'CARLOS EDUARDO WAYNE NOGUEIRA', 'NEIDA LUCIA CONRAD', 'RODRIGO CASQUERO CUNHA']
UFPEL;UNIVERSIDADE FEDERAL DE PELOTAS;SISTEMA DE MONITORAMENTO DE PRESSÃO PARA CIRCUITOS PNEUMÁTICOS;['FABRICIO ARDAIS MEDEIROS', 'MARLON SOARES SIGALES', 'HENRIQUE GONCALVES ANDRADE', 'EDUARDO WALKER', 'ANGELO VIEIRA DOS REIS', 'GIUSEPE STEFANELLO']
FEEVALE;UNIVERSIDADE FEEVALE;KIT PARA REPAROS EM DORMENTES DE CONCRETO E MÉTODO PARA REPAROS EM DORMENTES DE CONCRETO;['ADRIANA TERESINHA DA SILVA DUTRA', 'LUCIANO DE OLIVEIRA', 'KIM LISBOA DAUDT MAUS', 'ALICE HELENA MEINHART', 'CAROLINA LIMA DALLA BARBA', 'LETICIA ANDREOLLI DIAS', 'ROGERIO VESCIA LOUREGA', 'DAIANA CRISTINA METZ ARNOLD', 'CARLOS LEONARDO PANDOLFO CARONE']
FURG;UNIVERSIDADE FEDERAL DO RIO GRANDE;PROCESSO PARA OBTENÇÃO DE SENSOR VOLTAMÉTRICO QUIMICAMENTE MODIFICADO COM BIOCHAR DE CASCA DE ARROZ PARA DETERMINAÇÃO DE DICLOFENACO;['LUIZ ANTONIO DE ALMEIDA PINTO', 'TITO ROBERTO SANT ANNA CADAVAL JUNIOR', 'DAIANE DIAS']
UFPEL;UNIVERSIDADE FEDERAL DE PELOTAS;UTILIZAÇÃO DE DERIVADOS DE PIRAZÓIS COMO AGENTES ANTITUMORAIS PARA CÂNCER DE MAMA;['CLAUDIO MARTIN PEREIRA DE PEREIRA', 'JOSIANE WEBER TESSMANN', 'BRUNA SILVEIRA PACHECO', 'ROSIANE MASTELARI MARTINS', 'SILVIA SAUERESSIG', 'KARINE RECH BEGNINI', 'LIZIANE PEREIRA DA SILVA', 'TIAGO VEIRAS COLLARES', 'FABIANA KOMMLING SEIXAS']
UFPEL;UNIVERSIDADE FEDERAL DE PELOTAS;MÉTODO PARA GENOTIPAGEM DO POLIMORFISMO RS3813627 DO GENE APOA2;['CARLOS CASTILHO DE BARROS', 'ALICE KUNZGEN SCHEER', 'AMANDA BARBOSA ATRIB', 'CLEDIA SILVEIRA FLORES DA SILVA', 'MARCELO COZZENSA DA SILVA']
FURG;UNIVERSIDADE FEDERAL DO RIO GRANDE;PROCESSO DE EXTRAÇÃO DE COMPOSTOS FENÓLICOS A PARTIR DA MICROALGA PEDIASTRUM BORYANUM, FORMULAÇÃO FARMACÊUTICA, PROCESSO DE PREPARO DAS FORMULAÇÕES FARMACÊUTICAS E USO DA FORMULAÇÃO;['JORGE ALBERTO VIEIRA COSTA', 'CRISTIANA LIMA DORA', 'ELIANA BADIALE FURLONG']
URI;UNIVERSIDADE REGIONAL INTEGRADA DO ALTO URUGUAI E DAS MISSÕES;CINZAS DE CASCAS DE ARROZ COMO FONTE DE SÍLICA NA PRODUÇÃO DE GRAFENOSILICATO DOPADO COM NIÓBIO OBTIDO PELO MÉTODO SOL-GEL;['ROGERIO MARCOS DAL LAGO', 'PETERSON VINICIO STORMOSKI', 'FABIANA DE OLIVEIRA PEREIRA', 'ADRIELE SABRINA TODERO', 'PALOMA TRUCCOLO REATO', 'DIANA EXENBERGER FINKLER', 'MARCELO LUIS MIGNONI']
UFRGS;UNIVERSIDADE FEDERAL DO RIO GRANDE DO SUL;PROCESSO DE OBTENÇÃO, REFINAMENTO E CONCENTRAÇÃO DO EXTRATO PIROLENHOSO E SEU USO NA AGRICULTURA, NUTRIÇÃO ANIMAL E BIOESTIMULAÇÃO DA COMPOSTAGEM E COMPOSIÇÃO REPELENTE;['ALEXANDRE MENEGHELLO FUENTEFRIA', 'RICARDO CENTENO FANTIN', 'GLÊNIO GUIMARÃES', 'MIRIAM ANDERS APEL']
UCS;UNIVERSIDADE DE CAXIAS DO SUL;FILME ANTICORROSÃO, EMBALAGEM, PROCESSO DE PRODUÇÃO E USO DO MESMO';['ROSMARY NICHELE BRANDALISE', 'DIEGO PIAZZA']
UFRGS;UNIVERSIDADE FEDERAL DO RIO GRANDE DO SUL;PROCESSO SUSTENTÁVEL DE OBTENÇÃO DE EXTRATO VEGETAL A PARTIR DO BAGAÇO DA OLIVA, COMPOSIÇÃO DE UM NANOCARREADOR VESICULAR VEGANO DE ORIGEM NATURAL CONTENDO ESTE EXTRATO E O USO COSMÉTICO, ALIMENTÍCIO E AGROPECUÁRIO DESTE EXTRATO E DESTA COMPOSIÇÃO;['LIGIA DAMASCENO FERREIRA MARCZAK', 'IRENE CLEMES KULKAMP GUERREIRO']
UFPEL;UNIVERSIDADE FEDERAL DE PELOTAS;ASSOCIAÇÃO ANTIPARASITÁRIA COM NITAZOXANIDA PARA USO EM CÃES;['MARCIA DE OLIVEIRA NOBRE', 'BEATRIZ FERREIRA RODRIGUES DE OLIVEIRA', 'KAYANE ROSALES MOLARINHO', 'BRUNO CABRAL CHAGAS', 'RUBENS ALVES PEREIRA', 'SERGIO JORGE']
ATITUS EDUCAÇÃO;FACULDADE ATITUS EDUCAÇÃO PASSO FUNDO;ESTRUTURA DE VENTILAÇÂO EM FORMA DE ARCO E GALPÃO;['GEAN LOPES DA LUZ', 'FERNANDO GRANDE', 'MARCELO FABIANO COSTELLA']
UFPEL;UNIVERSIDADE FEDERAL DE PELOTAS;LÍQUIDO PIROLENHOSO COMO REVESTIMENTO ANTICORROSIVO PARA METAIS;['RAFAEL BELTRAME', 'MATHEUS DE PAULA GOULARTE', 'ERIKA VASQUES SCHNEIDER', 'RAPHAEL DORNELES CALDEIRA BALBONI', 'ANDRE LUIZ MISSIO', 'DARCI ALBERTO GATTO']
UFPEL;UNIVERSIDADE FEDERAL DE PELOTAS;FIBRAS ULTRAFINAS PRODUZIDAS COM FUCOIDANA E ZEÍNA POR ELECTROSPINNING;['CLAUDIO MARTIN PEREIRA DE PEREIRA', 'DAISA HAKBART BONEMANN', 'CRISTINA JANSEN', 'FRANCIELI MORO STEFANELLO', 'ELESSANDRA DA ROSA ZAVAREZE']
UCS;UNIVERSIDADE DE CAXIAS DO SUL;FILME ANTICORROSÃO, EMBALAGEM, PROCESSO DE PRODUÇÃO E USO DO MESMO;['DIEGO PIAZZA']
UCS;UNIVERSIDADE DE CAXIAS DO SUL;FILME BIOPOLIMÉRICO, PROCESSO DE OBTENÇÃO DE FILME BIOPOLIMÉRICO E USO DE FILME BIOPOLIMÉRICO;['CAMILA BALDASSO', 'GIAN LUCAS PRETTO', 'JULIA DANELUZ', 'WENDEL PAULO SILVESTRE']
UFPEL;UNIVERSIDADE FEDERAL DE PELOTAS;ENRAIZADOR E FORTIFICANTE SUSTENTÁVEL DE LÍQUIDO PIROLENHOSO PARA ESTÍMULO RADICULAR EFICIENTE E FORTIFICAÇÃO DE PLANTA;['DARCI ALBERTO GATTO', 'MATHEUS DE PAULA GOULARTE', 'LUCAS REINALDO WACHHOLZ ROMANO']
FURG;UNIVERSIDADE FEDERAL DO RIO GRANDE;USO DE ESPONJA POROSA DE QUITOSANA PARA REMOÇÃO DE PETRÓLEO EM SISTEMA AQUOSO;['LUIZ ANTONIO DE ALMEIDA PINTO', 'ARIANE BORGES RIBEIRO', 'FRANCISCA ZUCHOSKI RIZZI', 'VIVIANE DE CARVALHO ARABIDIAN', 'RAFAEL GERHARDT', 'BRUNA SILVA DE FARIAS', 'NAURO DA SILVEIRA JUNIOR', 'TITO ROBERTO SANT ANNA CADAVAL JUNIOR']
UFPEL;UNIVERSIDADE FEDERAL DE PELOTAS;FORMULAÇÕES DE REVELADORES DE IMPRESSÕES DIGITAIS DERIVADOS DA CURCUMINA NATURAL;['CLAUDIO MARTIN PEREIRA DE PEREIRA', 'LEITZKE, AMANDA FONSECA', 'DA ROSA, BRUNO N.', 'TAIS POLETTI', 'DANIELLE TAPIA BUENO', 'MILENA MATTES CERVEIRA', 'GUILHERME KURZ MARON', 'RODRIGO DE ALMEIDA VAUCHER', 'NEFTALI LENIN VILLARREAL CARREÑO']
UFPEL;UNIVERSIDADE FEDERAL DE PELOTAS;PEPTÍDEOS SINTÉTICOS PARA TRATAR INFECÇÕES CAUSADAS POR ENTEROCCOCUS FAECALIS;['PEDRO FILHO NORONHA DE SOUZA', 'PATRICIA GOMES LIMA', 'THAIS LARRE OLIVEIRA', 'DAIANE DRAWANZ HARTWIG']
ATITUS EDUCAÇÃO;FACULDADE ATITUS EDUCAÇÃO PASSO FUNDO;PERIODONTAL PRESSURE TRAINER;['GASPAR VINICIUS GIRARDI', 'TICIANE DE GOES MARIO FERREIRA']
UCS;UNIVERSIDADE DE CAXIAS DO SUL;DISPOSITIVO AUTOMATIZADO PARA CINESIOTERAPIA PASSIVA, PROCESSO DE MONTAGEM DO DISPOSITIVO E SISTEMA AUTOMATIZADO PARA CINESIOTERAPIA PASSIVA;['ALEXANDRE VIECELI', 'FERNANDA TRUBIAN', 'HUGO LUIS MARTINS DE SOUSA', 'LUANA BELARMINO', 'KATIUCIA PEZZI CORLATTI', 'TIAGO GIACOMELLI POLETTO', 'MATHEUS PARMEGIANI JAHN', 'ALEXANDRE JOSE GONCALVES AVINO']
FEEVALE;UNIVERSIDADE FEEVALE;COMPÓSITO DE RESINA POLIMÉRICA CONTENDO PREENCHIMENTO DE CARGAS MINERAIS, PROCESSO DE OBTENÇÃO DO MESMO E SEU USO;['ADRIANA TERESINHA DA SILVA DUTRA', 'LUCIANO DE OLIVEIRA', 'KIM LISBOA DAUDT MAUS', 'LETICIA ANDREOLLI DIAS', 'CAMILA ARIANA MULLER', 'DAIANA CRISTINA METZ ARNOLD', 'CARLOS LEONARDO PANDOLFO CARONE', 'CARINA MARIANE STOLZ']
FURG;UNIVERSIDADE FEDERAL DO RIO GRANDE;PROCESSO DE CONVERSÃO DA TEREBENTINA BRUTA EM REATOR CONTÍNUO DE LEITO DE ZEÓLITAS;['SERGIANE CALDAS BARBOSA', 'CRISTIAN TESSMER RADMANN', 'VANESSA BONGALHARDO MORTOLA', 'LUIZ FERNANDO GORUP', 'CEZAR AUGUSTO DA ROSA']
UNIPAMPA;UNIVERSIDADE FEDERAL DO PAMPA;CIRCUITO DE BAIXO CUSTO PARA SISTEMAS DE COMUNICAÇÃO SEM FIO COM CHAVEAMENTO DE FEIXE E SUAS APLICAÇÕES;['EDSON RODRIGO SCHLOSSER', 'LEONARDO CARPES DOS SANTOS', 'MARCOS VINICIO THOMAS HECKLER']
UFPEL;UNIVERSIDADE FEDERAL DE PELOTAS;TRANSPORTADOR BIODEGRADÁVEL DE MOLÉCULAS HERBICIDADEMENTE ATIVAS;['ANDRE RICARDO FAJARDO', 'MATEUS VICENTE ALVES', 'ANDRESSA BAPTISTA NORNBERG', 'EDINALVO RABAIOLI CAMARGO']
UCS;UNIVERSIDADE DE CAXIAS DO SUL;SISTEMA PARA MONITORAMENTO E/OU ANÁLISE DA EVOLUÇÃO DE METAS DE SANEAMENTO BÁSICO;['JULIANO RODRIGUES GIMENEZ', 'TIAGO PANIZZON']
UCS;UNIVERSIDADE DE CAXIAS DO SUL;COMPÓSITO COMPREENDENDO GRAFENO E/OU SEUS DERIVADOS, PROCESSO DE OBTENÇÃO E USO DO MESMO;['DIEGO PIAZZA', 'FRANCISCO LANFERDINI SERAFINI', 'FELIPE MUNIZ', 'ETIENNE HENRIQUE JENSEN', 'MARCOS VINICIUS MAROCCO', 'GUSTAVO ONZI CABERLON', 'DANIELE PERONDI']
UFPEL;UNIVERSIDADE FEDERAL DE PELOTAS;DESTILAÇÃO SIMPLES (COM RECIRCULAÇÃO DE ÁGUA) COMO TRATAMENTO PARA LIXIVIADO DE ATERROS SANITÁRIOS;['ELVIS CARISSIMI', 'MARIANA ISLONGO CANABARRO', 'ANDRE RICARDO FAJARDO', 'SIARA SILVESTRI']
UFPEL;UNIVERSIDADE FEDERAL DE PELOTAS;VEÍCULO BIODEGRADÁVEL CARREADOR DE MOLÉCULA HERBICIDAMENTE ATIVA;['ANDRE RICARDO FAJARDO', 'MATEUS VICENTE ALVES', 'ANDRESSA BAPTISTA NORNBERG', 'EDINALVO RABAIOLI CAMARGO']
UFRGS;UNIVERSIDADE FEDERAL DO RIO GRANDE DO SUL;COMPOSIÇÃO NANOTECNOLÓGICA INTEGRADA EM MICROAGULHA COM OTIMIZADA CAPACIDADE DE CARREGAMENTO DE SUBSTÂNCIAS ATIVAS, PROCESSO DE OBTENÇÃO E USO DA DITA COMPOSIÇÃO INTEGRADA EM MICROAGULHA PARA TRATAMENTO DE PROCESSOS INFLAMATÓRIOS POR VIA TRANSDÉRMICA;['LETICIA SCHERER KOESTER', 'KAREN DE OLIVEIRA ARAUJO', 'ISABELLA MOREL BORDIGNON', 'KETLY AMARAL ANTUNES NUNES', 'PATRICIA WEIMER']
UFPEL;UNIVERSIDADE FEDERAL DE PELOTAS;ASSOCIAÇÃO DE PROTEÍNAS RECOMBINANTES RASP-2 E RTC24 COMO ESTRATÉGIA VACINAL CONTRA A DOENÇA DE CHAGAS;['FABIANA KOMMLING SEIXAS', 'FERNANDA KANAAN DE AZAMBUJA', 'GUSTAVO DOS SANTOS HARTLEBEN', 'LUIZA DOMINGUES MORON', 'BARBARA DA ROCHA FONSECA', 'GUILHERME SENNA DOS SANTOS', 'FERNANDA SEVERO SABEDRA SOUSA', 'MIRNA SAMARA DIE ALVES', 'SIBELE BORSUK', 'TIAGO VEIRAS COLLARES']
UFCSPA;UNIVERSIDADE FEDERAL DE CIÊNCIAS DA SAÚDE DE PORTO ALEGRE;EU + COMPASSIVO;['SILVIO CESAR CAZELLA', 'LARA FINKLER CUNHA', 'BRUNO LUIS SCHAAB', 'CAROLINE TOZZI REPPOLD', 'PRISLA UCKER CALVETTI', 'HELENA MARIA TANNHAUSER BARROS']
UCS;UNIVERSIDADE DE CAXIAS DO SUL;COMPLEXO TERNÁRIO, SEU PROCESSO DE PRODUÇÃO, SEUS USOS E FORMULAÇÃO;['SIDNEI MOURA E SILVA', 'CARLA PERON', 'PAULO ROBERTO DOS SANTOS']
FURG;UNIVERSIDADE FEDERAL DO RIO GRANDE;EMBALAGENS, FILMES OU COBERTURAS COMESTÍVEIS FUNCIONALIZADAS COM CATUABA;['VILASIA GUIMARAES MARTINS', 'STEFANNY PEREIRA ATANES', 'KAROLINE DA SILVA NODA', 'BRUNO MARQUES GOMES', 'LUAN GUSTAVO DOS SANTOS']
UFPEL;UNIVERSIDADE FEDERAL DE PELOTAS;PROTEÍNA QUIMÉRICA DOS ALPHAHERPESVIRUS BOVINOS 1 E 5 PARA VACINAÇÃO E DIAGNÓSTICO;['GEFERSON FISCHER', 'LARIANE DA SILVA BARCELOS', 'NADALIN YANDRA BOTTON', 'MATHEUS IURI FRUHAUF', 'ALESSANDRA NEIS', 'LEONARDO CLASEN RIBEIRO', 'CRISTINA MENDES PETER', 'GILBERTO DAVILA VARGAS', 'SILVIA DE OLIVEIRA HUBNER', 'MARCELO DE LIMA', 'LUCIANO DA SILVA PINTO', 'AMILTON CLAIR PINTO SEIXAS NETO']
UFRGS;UNIVERSIDADE FEDERAL DO RIO GRANDE DO SUL;MÉTODO ESTRUTURADO PARA OTIMIZAR PROCESSOS PRODUTIVOS;['VANESSA PERIPOLLI', 'EVERTON CORREA', 'MONIKE QUIRINO DOS SANTOS', 'RAFAEL DA ROSA ULGUIM', 'IVAN BIANCHI']
UCS;UNIVERSIDADE DE CAXIAS DO SUL;PROCESSO DE PREPARAÇÃO DE CARVÃO ATIVADO, CARVÃO ATIVADO E USO DO MESMO COMO CATALISADOR;['THIAGO BARCELLOS DA SILVA', 'EDUARDO ANTONIO CECHINATTO', 'MARCELO GODINHO']
FURG;UNIVERSIDADE FEDERAL DO RIO GRANDE;DESENVOLVIMENTO DE ELETRODO DE FILME QUIMICAMENTE MODIFICADO COM BIOCHAR DE SOJA APLICADO A DETERMINAÇÃO VOLTAMÉTRICA DE CAFEÍNA;['LUIZ ANTONIO DE ALMEIDA PINTO', 'ANDRESSA BARROSO DOS SANTOS', 'SARA ALVES DA CUNHA', 'ANA PAULA DE OLIVEIRA LOPES INACIO', 'JULIANA MARTINS DIAS', 'CAROLINE ATHAIDES MILER', 'TITO ROBERTO SANT ANNA CADAVAL JUNIOR', 'ELIEZER QUADRO ORESTE', 'JULIANA VILLELA MACIEL', 'DAIANE DIAS']
UFN;UNIVERSIDADE FRANCISCANA;CURATIVOS NANOFRIBROSOS DE POLICAPROLACTONA (PCL) CONTENDO EXTRATO DE FOLHAS DE OLIVEIRA COM ATIVIDADE ANTIMICROBIANA;['LUIZ FERNANDO RODRIGUES JUNIOR', 'LARISSA DA SILVA SILVEIRA', 'ALINE ROSSATO', 'CAROLINA RAPACHI FORTES', 'MICHELE RORATO SAGRILLO', 'LIANA DA SILVA FERNANDES']
UFPEL;UNIVERSIDADE FEDERAL DE PELOTAS;CIELAB TO 3D RGB COLOR CHART CONVERTER;['CESAR VALMOR ROMBALDI', 'ARLIENE DO SOCORRO BATISTA DOS SANTOS', 'RENIRES DOS SANTOS TEIXEIRA', 'MARCIA VIZZOTTO', 'LEONARDO NORA', 'GABRIEL LAQUETE DE BARROS', ' FERNANDA IZABEL GARCIA DA ROCHA CONCENÇO']
UFPEL;UNIVERSIDADE FEDERAL DE PELOTAS;STARTUP HELPER PESQUISA E DESENVOLVIMENTO EM IMUNOBIOLOGICOS;['MARILIANA LUIZA FERREIRA ALVES', 'PEDRO HENRIQUE DALA NORA QUATRIN', 'MIGUEL ANDRADE BILHALVA', 'MARA ANDRADE COLARES MAIA', 'MARCOS ROBERTO ALVES FERREIRA', 'STEFANIE BRESSAN WALLER']
UFPEL;UNIVERSIDADE FEDERAL DE PELOTAS;SISTEMA DE ASPIRAÇÃO FOLICULAR OVARIANA POST MORTEM;['FABIANA KOMMLING SEIXAS', 'ISADORA ANDRE ROSA LOPES', 'JULIA DAME FONSECA PASCHOAL', 'BRUNA SILVEIRA PACHECO', 'ANDREA CRISTINA BASSO', 'TIAGO VEIRAS COLLARES']
UFSM;UNIVERSIDADE FEDERAL DE SANTA MARIA;COIFA RECUPERADORA DE CALOR RESIDUAL;['FELIX ALBERTO FARRET', 'JAIRO AFONSO FREITAS PIRES']
UCS;UNIVERSIDADE DE CAXIAS DO SUL;FILME ANTICORROSÃO, EMBALAGEM, PROCESSO DE PRODUÇÃO E USO DO MESMO;['ROSMARY NICHELE BRANDALISE', 'TAIS TURELLA', 'DIEGO PIAZZA']
UCS;UNIVERSIDADE DE CAXIAS DO SUL;SISTEMA PARA MONITORAMENTO E/OU ANÁLISE DA EVOLUÇÃO DE METAS DE SANEAMENTO BÁSICO;['JULIANO RODRIGUES GIMENEZ']
UCS;UNIVERSIDADE DE CAXIAS DO SUL;MÉTODO DE EXTRAÇÃO DE COMPOSTOS FENÓLICOS, COMPOSIÇÃO DE BAGAÇO DE UVA E COMPOSIÇÃO DE EXTRATOS FENÓLICOS;['CATIA DOS SANTOS BRANCO', 'ANGELA MARINA MAZZOCHI TOSS DEBACO', 'JULIANE MASCARELLO']
FURG;UNIVERSIDADE FEDERAL DO RIO GRANDE;PROCESSO E USO DA BIOMASSA DE BANANA VERDE INTEGRAL (BBV) COMO MICROESTRUTURADOR FUNCIONAL PARA MELHORIA DA QUALIDADE ALIMENTAR E REDUÇÃO DE FAT E SUGAR BLOOM EM CHOCOLATES;['LUIZ FERNANDO GORUP', 'VANESSA BONGALHARDO MORTOLA']
UFN;UNIVERSIDADE FRANCISCANA;NANOESTRUTURA CONTENDO EXTRATO HIDROALCOÓLICO DE FOLHAS DE DIFERENTES CULTIVARES DE OLIVEIRA (OLEA EUROPAEA L.) COM AÇÃO ANTIMICROBIANA;['LUIZ FERNANDO RODRIGUES JUNIOR', 'TATIANE LONDERO', 'LARISSA DA SILVA SILVEIRA', 'ALINE ROSSATO', 'CAROLINA RAPACHI FORTES', 'MATHEUS DELLAMEA BALDISSERA', 'MICHELE RORATO SAGRILLO', 'LIANA DA SILVA FERNANDES']
UFSM;UNIVERSIDADE FEDERAL DE SANTA MARIA;TESTE MOLECULAR RÁPIDO PARA TUBERCULOSE;['MARLI MATIKO ANRAKU DE CAMPOS']
UFSM;UNIVERSIDADE FEDERAL DE SANTA MARIA;DESTILAÇÃO SIMPLES (COM RECIRCULAÇÃO DE ÁGUA) COMO TRATAMENTO PARA  LIXIVIADO DE  ATERROS SANITÁRIOS;['ELVIS CARISSIMI', 'MARIANA ISLONGO CANABARRO', 'ANDRE RICARDO FAJARDO', 'SIARA SILVESTRI']
FURG;UNIVERSIDADE FEDERAL DO RIO GRANDE;PRODUÇÃO DE QUITINA SOLÚVEL EM ÁGUA (ORIUNDA DE RESÍDUOS DE PESCADO) A PARTIR DE PROCESSO DE MODIFICAÇÃO UTILIZANDO COMPOSTOS E SOLVENTES NÃO TÓXICOS;['LUIZ ANTONIO DE ALMEIDA PINTO', 'BRUNA SILVA DE FARIAS']
UFPEL;UNIVERSIDADE FEDERAL DE PELOTAS;FORMULAÇÕES DE REVELADORES DE IMPRESSÕES DIGITAIS DERIVADOS DA CURCUMINA NATURAL;['CLAUDIO MARTIN PEREIRA DE PEREIRA', 'TAIS POLETTI', 'RODRIGO FERREIRA DA SILVA', 'DANIELLE TAPIA BUENO', 'NEFTALI LENIN VILLARREAL CARREÑO']
UFRGS;UNIVERSIDADE FEDERAL DO RIO GRANDE DO SUL;COMBINAÇÕES DE 8-HIDROXIQUINOLINAS-2,5,7- SUBSTITUÍDAS COM FÁRMACO PARA TRATAMENTO DE INFECÇÃO DO SISTEMA NERVOSO;['MARILENE HENNING VAINSTEIN', 'JOAO GABRIEL FANTINEL EBERHARDT', 'THAIS HELENA MACIEL FERNANDES', 'JULIA CATARINA VIEIRA REUWSAAT', 'ANA PAULA PERIN', 'SAULO FERNANDES DE ANDRADE', 'LIVIA KMETZSCH ROSA E SILVA']
UFPEL;UNIVERSIDADE FEDERAL DE PELOTAS;MÉTODO PARA CARACTERIZAÇÃO ESPECTRAL DE SOLO DE HORIZONTE COM CARÁTER COESO SUBMETIDO A CICLOS DE UMEDECIMENTO E SECAGEM E EXTRAÇÃO DE AMORFOS;['RICARDO ESPINDOLA ROMERO', 'VITORIA EMILLY DE MOURA SOUZA', 'REBECA MENDES FEITOZA', 'ANA MARIA VIEIRA DA SILVA', 'JAEDSON CLAUDIO ANUNCIATO MOTA', 'FABRICIO DA SILVA TERRA', 'RAUL SHISO TOMA', 'LUIZ EDUARDO VICENTE']
UFRGS;UNIVERSIDADE FEDERAL DO RIO GRANDE DO SUL;MEIAS#VERDADES;['LUCIANA MONTEIRO KREBS']
UNISINOS;UNIVERSIDADE DO VALE DO RIO DOS SINOS;PROCESSO DE TRATAMENTO DE EFLUENTES DA INDÚSTRIA DE SEMICONDUTORES;['CARLOS ALBERTO MENDES MORAES', 'CRISTIANE GUTH', 'GUILHERME GUSTAVO WEIGERT', 'WILLIAM TODENDI DUTRA', 'FELICIANE ANDRADE BREHM', 'GIOVANI CHEUICHE PESENTI']
UFPEL;UNIVERSIDADE FEDERAL DE PELOTAS;USO DE MOLÉCULAS SINTÉTICAS DE DNA RECOMBINANTE PARA O AUMENTO DE TOLERÂNCIA A SMOLTIFICAÇÃO EM SALMONÍDEOS;['VINICIUS FARIAS CAMPOS', 'LUANA FERREIRA VIANA DOS REIS', 'MARIANA CAVALCANTI NASCIMENTO', 'LAIS DOS SANTOS GONCALVES', 'LEANDRO SILVA NUNES', 'WILLIAM BORGES DOMINGUES']
UFPEL;UNIVERSIDADE FEDERAL DE PELOTAS;SISTEMA BIODEGRADÁVEL CARREADOR DE MOLÉCULAS HERBICIDAMENTE ATIVAS;['ANDRE RICARDO FAJARDO', 'MATEUS VICENTE ALVES', 'ANDRESSA BAPTISTA NORNBERG', 'EDINALVO RABAIOLI CAMARGO']
UCS;UNIVERSIDADE DE CAXIAS DO SUL;COMPLEXO TERNÁRIO, SEU PROCESSO DE PRODUÇÃO, SEUS USOS E FORMULAÇÃO;['SIDNEI MOURA E SILVA']
FEEVALE;UNIVERSIDADE FEEVALE;ARGAMASSA PARA CONTRAPISO COM RESÍDUOS DE PINUS PARA ISOLAMENTO TÉRMICO E ACÚSTICO E SEU PROCESSO DE OBTENÇÃO;['ADRIANA TERESINHA DA SILVA DUTRA', 'CASSINAO KAISER', 'LETICIA LANGE', 'CAROLINA SILVEIRA BARLEM GEMELLI', 'DAIANA CRISTINA METZ ARNOLD']
FURG;UNIVERSIDADE FEDERAL DO RIO GRANDE;PROCESSO DE OBTENÇÃO DE BIOCHAR MAGNÉTICO E USO DO BIOCHAR MAGNÉTICO COMO ADSORVENTE DE GLIFOSATO EM MATRIZ AQUOSA;['JORGE ALBERTO VIEIRA COSTA', 'MUNISE ZAPAROLI', 'MICHELE GREQUE DE MORAIS']
FURG;UNIVERSIDADE FEDERAL DO RIO GRANDE;PROCESSO PRODUÇÃO DE BIODIESEL A PARTIR DE BIOMASSA ÚMIDA DE MICROALGAS NA PRESENÇA DE SOLVENTE DISPERSOR;['EDNEI GILBERTO PRIMEL', 'DIEGO DA COSTA CABRERA', 'MARCELO GONCALVES MONTES DOCA', 'RENATA RODRIGUES DE MOURA', 'PAULO CESAR OLIVEIRA VERGNE DE ABREU']
FURG;UNIVERSIDADE FEDERAL DO RIO GRANDE;USO DE ESPONJA POROSA DE QUITOSANA PARA REMOÇÃO DE PETRÓLEO EM SISTEMA AQUOSO;['LUIZ ANTONIO DE ALMEIDA PINTO', 'ARIANE BORGES RIBEIRO', 'FRANCISCA ZUCHOSKI RIZZI', 'VIVIANE DE CARVALHO ARABIDIAN', 'RAFAEL GERHARDT', 'ALINE OLIVEIRA E SILVA IAHNKE', 'BRUNA SILVA DE FARIAS', 'ROMULO HENRIQUE BATISTA DE FARIAS', 'NAURO DA SILVEIRA JUNIOR', 'TITO ROBERTO SANT ANNA CADAVAL JUNIOR']
UFPEL;UNIVERSIDADE FEDERAL DE PELOTAS;ÓLEO DE COCO COM MICROALGAS PARA APLICAÇÕES ALIMENTARES E EM COSMÉTICOS;['VINICIUS FARIAS CAMPOS', 'ANDRESSA COIMBRA PEREIRA', 'PATRICIA DE MOURA ALMEIDA', 'LUCAS PETITEMBERTE DE SOUZA', 'WILLIAM BORGES DOMINGUES', 'NYELSON DA SILVA NONATO', 'MARIA HELENA JUVITO DA COSTA', 'CRISTIANE FRANCISCA DA COSTA SASSI', 'DARLAN AZEVEDO PEREIRA', 'NATALY ALBUQUERQUE DOS SANTOS']
UFRGS;UNIVERSIDADE FEDERAL DO RIO GRANDE DO SUL;"VACINA CONTRA O CARRAPATO BOVINO CONTENDO DUAS PROTEÍNAS OU PEPTÍDEOS DERIVADOS. (NÚMERO DO REGISTRO: BR1020150176732; BRASIL)  E  VACUNA CONTRA LA GARRAPATA BOVINA CONTENIENDO DOS PROTEÍNAS O PÉPTIDOS DERIVADOS.";['ITABAJARA DA SILVA VAZ JUNIOR', 'URUGUAYSITO LORELEY BENAVIDES PERALTA', 'GABRIELA ALVES SABADIN', 'MARIA FERNANDA ALZUGARAY GASTELLU', 'ADRIANA SEIXAS', 'LUCAS TIRLONI', 'LUIS FERNANDO PARIZI']
FURG;UNIVERSIDADE FEDERAL DO RIO GRANDE;PROCESSO DE PRODUÇÃO DE MATERIAL COMPREENDENDO ZEÓLITAS (ZSM) COM SUPERFÍCIE MODIFICADA POR NANOPARTÍCULAS DE ÓXIDO DE COBRE E/OU NANOPARTÍCULAS DE COBRE METÁLICO APLICADAS EM PROCESSOS DE CATÁLISE HETEROGÊNEA NA CONVERSÃO DE GLICEROL E ACROLEINA COM EXCELENTE SELETIVIDADE PARA ÁLCOOL ALÍLICO;['CEZAR AUGUSTO DA ROSA', 'BILLY JOY VARGAS', 'VANESSA BONGALHARDO MORTOLA', 'LUIZ FERNANDO GORUP']
UFRGS;UNIVERSIDADE FEDERAL DO RIO GRANDE DO SUL;FORMULAÇÃO FOTOPOLIMERIZÁVEL, PROCESSO PARA FABRICAÇÃO DE HIDROGÉIS ZWITTERIÔNICOS, E SEUS USOS;['RUY CARLOS RUVER BECK', 'JOAO VITOR RAUPP DE OLIVEIRA']
FURG;UNIVERSIDADE FEDERAL DO RIO GRANDE;DESPRENDIMENTO DE PARTICULADO EM SOLDAGEM;['LOURIEL OLIVEIRA VILARINHO']
UFPEL;UNIVERSIDADE FEDERAL DE PELOTAS;COMBINAÇÃO DE CEFTIBUTENO E POLIMIXINA B COMO UMA NOVA ALTERNATIVA TERAPÊUTICA PARA TRATAR INFECÇÕES CAUSADAS POR KLEBSIELLA PNEUMONIAE RESISTENTE A CARBAPENÊMICOS E A POLIMIXINA;['ODIR ANTONIO DELLAGOSTIN', 'NATHALIA DA SILVA DAMACENO', 'MARIANA CARVALHO STURARO', 'NATHALIA MONTEIRO LINS FREIRE', 'MARCONE GOMES DOS SANTOS ALCANTARA', 'ALINE ANDRADE MARTINS', 'KADJA LUANA CHAGAS MONTEIRO', 'GLEYCE HELLEN DE ALMEIDA DE SOUZA', 'SIMONE SIMIONATTO', 'SIBELE BORSUK', 'THIAGO MENDONCA DE AQUINO', 'OSMAR NASCIMENTO SILVA']
UFPEL;UNIVERSIDADE FEDERAL DE PELOTAS;FOSFATASE ÁCIDA RECOMBINANTE RCP01850 DE CORYNEBACTERIUM PSEUDOTUBERCULOSIS E SEU USO EM VACINAS DE SUBUNIDADE PARA A LINFADENITE CASEOSA;['VASCO ARISTON DE CARVALHO AZEVEDO', 'RODRIGO BARROS DE PINHO', 'MARA THAIS DE OLIVEIRA SILVA', 'RAQUEL NASCIMENTO DAS NEVES', 'ANDREA DE FATIMA SILVA REZENDE', 'RICARDO WAGNER DIAS PORTELA', 'SIBELE BORSUK', 'ANA CARLA DIOGENES SUASSUNA BEZERRA', 'ANGELA SENA LOPES', 'FRANCISCO SILVESTRE BRILHANTE BEZERRA', 'ANDERSON RODRIGUES DOS SANTOS', 'ODIR ANTONIO DELLAGOSTIN']
UFSM;UNIVERSIDADE FEDERAL DE SANTA MARIA;INVERSOR FOTOVOLTAICO NÃO-ISOLADO COM ESTRUTURA DE CONVERSOR CC-CC BOOST INTERLEAVED E CONVERSOR CC-CA TIPO MEIA-PONTE;['LEANDRO MICHELS', 'MIRELI BINDER VENDRUSCOLO', 'ADEMIR TOEBE', 'ANTONIO MANUEL SANTOS SPENCER ANDRADE']
UCS;UNIVERSIDADE DE CAXIAS DO SUL;USO DO EXTRATO DE PLINIA TRUNCIFLORA (O. BERG) KAUSEL;['MIRIAN SALVADOR', 'CAROLINE CALLONI', 'MATHEUS PARMEGIANI JAHN']
UCS;UNIVERSIDADE DE CAXIAS DO SUL;PROCESSO DE CULTIVO DE MICRORGANISMOS, COMPOSIÇÃO E USO DE ENDÓSPOROS;['SABRINA CARRA', 'LAURA ARAUJO CECATTO', 'CAMILLE EICHELBERGER GRANADA', 'ALESSANDRA RUSSI', 'JOSELI SCHWAMBACH', 'ELOANE MALVESSI']
FURG;UNIVERSIDADE FEDERAL DO RIO GRANDE;DETERMINAÇÃO DE CLORANFENICOL UTILIZANDO SENSOR QUIMICAMENTE MODIFICADO COM BIOCHAR DE SOJA;['EDNEI GILBERTO PRIMEL', 'TITO ROBERTO SANT ANNA CADAVAL JUNIOR', 'ELIEZER QUADRO ORESTE', 'SERGIANE CALDAS BARBOSA', 'DAIANE DIAS', 'LUIZ ANTONIO DE ALMEIDA PINTO']
FURG;UNIVERSIDADE FEDERAL DO RIO GRANDE;DESENVOLVIMENTO DE SENSOR QUIMICAMENTE MODIFICADO COM BIOCHAR DE CASCA DE ARROZ PARA DETERMINAÇÃO VOLTAMÉTRICA DE TARTRAZINA;['LUIZ ANTONIO DE ALMEIDA PINTO', 'ANA PAULA DE OLIVEIRA LOPES INACIO', 'ANDREI VALLERAO IGANSI', 'LEANDRO SILVA DE ALMEIDA', 'MERY LUIZA GARCIA VIEIRA', 'TITO ROBERTO SANT ANNA CADAVAL JUNIOR', 'ELIEZER QUADRO ORESTE', 'DAIANE DIAS']
FURG;UNIVERSIDADE FEDERAL DO RIO GRANDE;IDENTIFICAÇÃO DE ESPÉCIES DE FUNGOS ASPERGILLUS UTILIZANDO A VOLTAMETRIA DE MICROPARTÍCULA IMOBILIZADA;['DAIANE DIAS', 'ANA PAULA DE OLIVEIRA LOPES INACIO', 'ELIZA RODRIGUES ACOSTA', 'JAQUELINE GARDA BUFFON', 'ELIEZER QUADRO ORESTE', 'LARINE KUPSKI']
FURG;UNIVERSIDADE FEDERAL DO RIO GRANDE;IGNIÇÃO DE ARCO EM SOLDAGEM;['LOURIEL OLIVEIRA VILARINHO']
UFPEL;UNIVERSIDADE FEDERAL DE PELOTAS;ENRAIZADOR E FORTIFICANTE SUSTENTÁVEL DE LÍQUIDO PIROLENHOSO PARA ESTÍMULO RADICULAR EFICIENTE E FORTIFICAÇÃO DE PLANTA;['DARCI ALBERTO GATTO', 'LUCAS REINALDO WACHHOLZ ROMANO']
UFPEL;UNIVERSIDADE FEDERAL DE PELOTAS;SISTEMA DE CONDUÇÃO FORÇADA EM TUBO DE SEMENTES;['FABRICIO ARDAIS MEDEIROS', 'MARLON SOARES SIGALES', 'EDUARDO WALKER', 'ANGELO VIEIRA DOS REIS', 'ROGER TOSCAN SPAGNOLO', 'GIUSEPE STEFANELLO']
UFRGS;UNIVERSIDADE FEDERAL DO RIO GRANDE DO SUL;PRODUTO ALIMENTÍCIO ADOCICADO E SEU PROCESSO DE FABRICAÇÃO;['NEILA SILVIA PEREIRA DOS SANTOS RICHARDS', 'EDUARDO MENDES KLUMB', 'CRISTIANA BASSO']
UFPEL;UNIVERSIDADE FEDERAL DE PELOTAS;PROTEÍNAS QUIMÉRICAS RECOMBINANTES CONTENDO EPÍTOPOS DE PROTEÍNAS DE ACINETOBACTER BAUMANNII PARA USO COMO INSUMO BIOTECNOLÓGICO;['AMILTON CLAIR PINTO SEIXAS NETO', 'BEATRIZ BATISTA BRITES', 'DEBORAH TROTA FARIAS DE ALBERNAZ', 'FREDERICO SCHMITT KREMER', 'DAIANE DRAWANZ HARTWIG', 'LUCIANO DA SILVA PINTO']
FURG;UNIVERSIDADE FEDERAL DO RIO GRANDE;OBTENÇÃO DE FICOCIANINA UTILIZANDO LÍQUIDO IÔNICO E EDTA;['LUISA SALA', 'SUSANA JULIANO KALIL']
FURG;UNIVERSIDADE FEDERAL DO RIO GRANDE;APLICAÇÃO DA VOLTAMETRIA DE MICROPARTÍCULA IMOBILIZADA NA TAXONOMIA DE BACTÉRIAS PATOGÊNICAS;['PEDRO EDUARDO ALMEIDA DA SILVA', 'RAFAELA VENDRAMIN COMUNELLO', 'ANA PAULA DE OLIVEIRA LOPES INACIO', 'FABIANA BARREIROS FERREIRA', 'ANA JULIA REIS', 'ELIEZER QUADRO ORESTE', 'ANANDA FAGUNDES GUARDA', 'DAIANE DIAS']
UFPEL;UNIVERSIDADE FEDERAL DE PELOTAS;DESENVOLVIMENTO E USO DE LINHAGEM CELULAR CONTÍNUA A PARTIR DE CÉLULAS DE ABELHAS APIS MELLIFERA AFRICANIZADAS;['GEFERSON FISCHER', 'WELLINGTON DA ROCHA DA SILVA', 'NADALIN YANDRA BOTTON', 'CRISTINA MENDES PETER', 'GILBERTO DAVILA VARGAS', 'SILVIA DE OLIVEIRA HUBNER', 'MARCELO DE LIMA']
UCPEL;UNIVERSIDADE CATÓLICA DE PELOTAS;DISPOSITIVO E MÉTODO DE SENSORIAMENTO NÃO INVASIVO DE SINAIS VITAIS;['BRUNO LOPES DALMAZO', 'GIANCARLO LUCCA']
UNISINOS;UNIVERSIDADE DO VALE DO RIO DOS SINOS;PROCESSO DE PRODUÇÃO DE AGENTE REMEDIADOR, COMPOSIÇÃO DE AGENTE REMEDIADOR E SEUS USOS;['CARLOS ALBERTO MENDES MORAES', 'MARVIN WITT RODRIGUES DE FREITAS', 'FERNANDA CARDOSO PEREIRA', 'TALITA CABELERA DA SILVA', 'REGINA CELIA ESPINOSA MODOLO', 'DEBORA MACHADO DE SOUZA', 'FELICIANE ANDRADE BREHM', 'DAIANE CALHEIRO EVALDT']
FEEVALE;UNIVERSIDADE FEEVALE;MÉTODO DE OBTENÇÃO DE EXTRATO HIDROALCOÓLICO LIOFILIZADO DAS FOLHAS DE ACACIA MEARNSII (ACÁCIA-NEGRA) E FORMULAÇÃO DE XAMPU PARABENO FREE CONTENDO O EXTRATO.;['ANA LUIZA ZIULKOSKI', 'LETÍCIA SCHERER KOESTER', 'PATRICIA WEIMER', 'ELEN LUIZA PELISOLI FORMAGIO ABDALLA', 'EDNA SAYURI SUYENAGA', 'FERNANDO DAL PONT MORISSO', 'ROCHELE CASSANTA ROSSI']
UCS;UNIVERSIDADE DE CAXIAS DO SUL;DISPOSITIVO AUTOMATIZADO PARA CINESIOTERAPIA PASSIVA, PROCESSO DE MONTAGEM DO DISPOSITIVO E SISTEMA AUTOMATIZADO PARA CINESIOTERAPIA PASSIVA;['ALEXANDRE RAFAEL LENZ', 'TIAGO GIACOMELLI POLETTO', 'KATIÚCIA PEZZI CORLATTI', 'HUGO LUIS MARTINS DE SOUSA', 'ALEXANDRE JOSE GONCALVES AVINO', 'FERNANDA TRUBIAN', 'LUANA BELARMINO', 'MATHEUS PARMEGIANI JAHN']
UFRGS;UNIVERSIDADE FEDERAL DO RIO GRANDE DO SUL;BIOFILME NANOTECNOLÓGICO CONTENDO IMIQUIMODE E NANOCÁPSULAS POLIMÉRICAS PARA APLICAÇÃO EM MUCOSAS INTRABUCAIS;['ADRIANA RAFFIN POHLMANN', 'VICTOR DE MELLO PALMA', 'GRAZIELA SCHEUER GOMES', 'LUIZA ABRAHAO FRANK', 'FERNANDA VISIOLI', 'SILVIA STANISCUASKI GUTERRES']
FURG;UNIVERSIDADE FEDERAL DO RIO GRANDE;PROCESSO DE PRODUÇÃO VERDE DE NANOPARTÍCULAS DE PRATA UTILIZANDO EXTRATO DE BIOFLOCOS DO SISTEMA DE TECNOLOGIA EM BIOFLOCOS (BFT) COMO AGENTE REDUTOR E ESTABILIZANTE;['FABIO FELIPE GABRIEL ROSELET', 'ROBSON MATHEUS MARREIRO GOMES', 'JOSE MARIA MONSERRAT']
UFPEL;UNIVERSIDADE FEDERAL DE PELOTAS;PROCESSO DE RECUPERAÇÃO DE POLIHIDROXIALCANOATOS(PHAS) VIA EXTRAÇÃO FÍSICA;['ANDREA BITTENCOURT MOURA BACCARIN', 'MARIANE IGANSI ALVES', 'LIGIA FURLAN', 'KARINE LASTE MACAGNAN', 'ANGELITA DA SILVEIRA MOREIRA', 'CLAIRE TONDO VENDRUSCOLO', 'PATRICIA DIAZ DE OLIVEIRA', 'AMANDA AVILA RODRIGUES', 'ANE GERBER CROCHEMORE']
UFRGS;UNIVERSIDADE FEDERAL DO RIO GRANDE DO SUL;DISPOSITIVO DE CORREÇÃO DE POSTURA;['CLARIANA FISCHER BRENDLER', 'NICOLLE MUSSOI PERICO', 'REGIO PIERRE DA SILVA']
UFSM;UNIVERSIDADE FEDERAL DE SANTA MARIA;MÉTODO E APARELHO PARA OBTER UMA PIEZORESPOSTA;['LUCIO STRAZZABOSCO DORNELES', 'PLAMEN STAMENOV', 'THIAGO JOSE DE ALMEIDA MORI']
ATITUS EDUCAÇÃO;FACULDADE ATITUS EDUCAÇÃO PASSO FUNDO;MÉTODO DE TRATAMENTO DE EFLUENTES CONTENDO CROMO HEXAVALENTE DA INDÚSTRIA DE GALVANIZAÇÃO;['RODRIGO DE ALMEIDA SILVA', 'RICHARD THOMAS LERMEN']
UCS;UNIVERSIDADE DE CAXIAS DO SUL;COMPOSIÇÃO ALIMENTÍCIA COMPREENDENDO A SERRAGEM DE PINUS SP, PROCESSO DE OBTENÇÃO DA COMPOSIÇÃO E USO DA MESMA PARA TRATAR DISLIPIDEMIA;['MARLI CAMASSOLA', 'LARISSA LOPES DA SILVA', 'GIOVANA RECH', 'KEOMA DA SILVA', 'MATHEUS PARMEGIANI JAHN']
UNISINOS;UNIVERSIDADE DO VALE DO RIO DOS SINOS;PROCESSO DE TRATAMENTO DE EFLUENTES DA INDÚSTRIA DE SEMICONDUTORES;['CARLOS ALBERTO MENDES MORAES', 'CRISTIANE GUTH', 'GUILHERME GUSTAVO WEIGERT', 'WILLIAM TODENDI DUTRA', 'FELICIANE ANDRADE BREHM', 'GIOVANI CHEUICHE PESENTI']
UFPEL;UNIVERSIDADE FEDERAL DE PELOTAS;MÉTODO DE AVALIAÇÃO ECOTOXICOLÓGICA BASEADO NA MEDIÇÃO DE BIOMARCADORES MOLECULARES;['CLAUDIO MARTIN PEREIRA DE PEREIRA', 'ANTONIO DUARTE PAGANO', 'DIEGO SERRASOL DO AMARAL', 'MARIANA HARTER REMIAO', 'TONY LEANDRO REZENDE DA SILVEIRA', 'VINICIUS FARIAS CAMPOS']
UFPEL;UNIVERSIDADE FEDERAL DE PELOTAS;PROTEÍNA RECOMBINANTE DE ROTAVÍRUS G3P[12] E G14P[12] PARA USO COMO IMUNOBIOLÓGICO;['FABIO PEREIRA LEIVAS LEITE', 'VITORIA SEQUEIRA GONCALVES', 'RAFAELA PINTO DE SOUZA', 'VITORIA MULLER', 'MARIANA ANDRADE MOUSQUER', 'CARLOS EDUARDO WAYNE NOGUEIRA', 'NEIDA LUCIA CONRAD', 'RODRIGO CASQUERO CUNHA']
UFSM;UNIVERSIDADE FEDERAL DE SANTA MARIA;SISTEMA DE DESLIGAMENTO RÁPIDO DE SISTEMAS FOTOVOLTAICOS A NÍVEL DE MÓDULO E DISPOSITIVO ASSOCIADO;['LEANDRO MICHELS', 'JOAO PAULO COSTA LIMA', 'LUCAS VIZZOTTO BELLINASO']
UCS;UNIVERSIDADE DE CAXIAS DO SUL;MÉTODO DE PREPARAÇÃO DE FILME ANTIMICROBIANO DE QUITOSANA COM ADIÇÃO DE ÁCIDO MALTOBIÔNICO;['SABRINA CARRA', 'ROBERTA CRISTINA DE SOUZA', 'JAMILE ZENI', 'ELOANE MALVESSI', 'EUNICE VALDUGA']
UFPEL;UNIVERSIDADE FEDERAL DE PELOTAS;LARINGOSCÓPIO COM BOROSCÓPIO ACOPLÁVEL PARA USO EM PEQUENOS ANIMAIS E ROEDORES;['MARTIELO IVAN GEHRCKE', 'ANA CRISTINA BEITIA KRAEMER MORAES', 'RAFAEL GUERRA LUND']
FURG;UNIVERSIDADE FEDERAL DO RIO GRANDE;VIDA DE BICO ENERGIZADO DE CONTATO EM SOLDAGEM;['LOURIEL OLIVEIRA VILARINHO']
UFPEL;UNIVERSIDADE FEDERAL DE PELOTAS;PEPTÍDEOS SINTÉTICOS PARA TRATAR INFECÇÕES CAUSADAS POR ENTEROCCOCUS FAECALIS;['DAIANE DRAWANZ HARTWIG', 'THAIS LARRE OLIVEIRA']
UFPEL;UNIVERSIDADE FEDERAL DE PELOTAS;USO DA PROTEÍNA RECOMBINANTE RCAM87009.1 DE ACINETOBACTER BAUMANNII COMO VACINA DE SUBUNIDADE;['AMILTON CLAIR PINTO SEIXAS NETO', 'STELLA BUCHHORN DE FREITAS', 'DAIANE DRAWANZ HARTWIG']
UFPEL;UNIVERSIDADE FEDERAL DE PELOTAS;CONSTRUÇÃO VACINAL BASEADA EM BCG RECOMBINANTE EXPRESSANDO ANTÍGENO ASP-2 DE TRYPANOSOMA CRUZI;['FABIANA KOMMLING SEIXAS', 'GUSTAVO DOS SANTOS HARTLEBEN', 'GUILHERME SENNA DOS SANTOS', 'FERNANDA KANAAN DE AZAMBUJA', 'BARBARA DA ROCHA FONSECA', 'FERNANDA SEVERO SABEDRA SOUSA', 'SIBELE BORSUK', 'TIAGO VEIRAS COLLARES']
UFPEL;UNIVERSIDADE FEDERAL DE PELOTAS;OLEOGÉIS À BASE DE ÓLEO DE AMENDOA DO CAROÇO DE BUTIÁ E CERA DE ABELHA COMO SUBSTITUTO DA GORDURA HIDROGENADA EM COOKIES;['CLAUDIO MARTIN PEREIRA DE PEREIRA', 'CAMILA DE OLIVEIRA PACHECO', 'ELDER PACHECO DA CRUZ', 'DANIELLE TAPIA BUENO', 'ALVARO RENATO GUERRA DIAS', 'ELESSANDRA DA ROSA ZAVAREZE']
URI;UNIVERSIDADE REGIONAL INTEGRADA DO ALTO URUGUAI E DAS MISSÕES;CONCENTRADO PROTEICO DE SORO DE LEITE E AÇAÍ (EUTERPE OLERACEA MART.) SOLÚVEL;['ILIZANDRA APARECIDA FERNANDES', 'JENEFHER BECKER', 'JULIANA STEFFENS', 'EUNICE VALDUGA']
FURG;UNIVERSIDADE FEDERAL DO RIO GRANDE;IDENTIFICAÇÃO DE ESPÉCIES DE FUNGOS ASPERGILLUS UTILIZANDO A VOLTAMETRIA DE MICROPARTÍCULA IMOBILIZADA;['DAIANE DIAS', 'RAFAELA VENDRAMIN COMUNELLO', 'ANA PAULA DE OLIVEIRA LOPES INACIO', 'ELIZA RODRIGUES ACOSTA', 'JAQUELINE GARDA BUFFON', 'ELIEZER QUADRO ORESTE', 'LARINE KUPSKI']
FURG;UNIVERSIDADE FEDERAL DO RIO GRANDE;MÉTODO DE COLHEITA DE MICROALGAS ATRAVÉS DE COAGULAÇÃO/FLOCULAÇÃO UTILIZANDO FLOCULANTE VERDE A BASE DE QUITINA SOLUBILIZADA EM MEIO AQUOSO;['LUIZ ANTONIO DE ALMEIDA PINTO', 'VIVIANE DE CARVALHO ARABIDIAN', 'ANDREI VALLERAO IGANSI', 'FILIPE ECHART DE OLIVEIRA', 'DEBORA PEZ JAESCHKE', 'NAURO DA SILVEIRA JUNIOR', 'TITO ROBERTO SANT ANNA CADAVAL JUNIOR', 'FELIPE KESSLER']
UNISINOS;UNIVERSIDADE DO VALE DO RIO DOS SINOS;PROCESSO DE PRODUÇÃO DE AGENTE REMEDIADOR, COMPOSIÇÃO DE AGENTE REMEDIADOR E SEUS USOS;['CARLOS ALBERTO MENDES MORAES', 'MARVIN WITT RODRIGUES DE FREITAS ', 'FERNANDA CARDOSO PEREIRA', 'TALITA CABELERA DA SILVA', 'REGINA CELIA ESPINOSA MODOLO', 'DEBORA MACHADO DE SOUZA', 'RODRIGO SARTO FIGUEIREDO', 'FELICIANE ANDRADE BREHM', 'DAIANE CALHEIRO EVALDT']
UFSM;UNIVERSIDADE FEDERAL DE SANTA MARIA;CISTERNA GEOTÉRMICA E PROCESSO DE MANUTENÇÃO DA MESMA;['FELIX ALBERTO FARRET', 'JAIRO AFONSO FREITAS PIRES']
FEEVALE;UNIVERSIDADE FEEVALE;BLOCOS INTERTRAVADOS COM ORIFÍCIOS PRÉ- DETERMINADOS;['ADRIANA TERESINHA DA SILVA DUTRA', 'JUNIOR JUNG', 'NEWTON AVILA DOS SANTOS', 'DAIANA CRISTINA METZ ARNOLD']
UFRGS;UNIVERSIDADE FEDERAL DO RIO GRANDE DO SUL;COMPOSIÇÃO FARMACÊUTICA COMPREENDENDO ACHYROBICHALCONA E USO DO COMPOSTO ACHYROBICHALCONA. 2016, BRASIL.;['VALQUIRIA LINCK BASSANI', 'SARA ELIS BIANCHI', 'FABIO KLAMT', 'JULIANA POGLIA CARINI']
UFRGS;UNIVERSIDADE FEDERAL DO RIO GRANDE DO SUL;BOBINA INDUTORA EM CIRCUITO IMPRESSO PARA MEDIÇÃO NÃO-DESTRUTIVA DE DEFORMAÇÃO PERMANENTE E DESLOCAMENTOS HORIZONTAIS EM ESTRUTURAS DE PAVIMENTOS - ?CELL COIL 3D?;['LELIO ANTONIO TEIXEIRA BRITO', 'HENRIQUE FALCK GRIMM', 'FABRICIO PACHECO TRESCASTRO', 'MATHEUS FERREIRA MATUELLA', 'WASHINGTON PERES NUNEZ', 'LUIS ALBERTO HERRMANN DO NASCIMENTO']
UFPEL;UNIVERSIDADE FEDERAL DE PELOTAS;STARTUP COLAB GENETICS;['JULIA DAME FONSECA PASCHOAL', 'ISADORA ANDRE ROSA LOPES']
UCS;UNIVERSIDADE DE CAXIAS DO SUL;FILME BIOPOLIMÉRICO À BASE DE ÁGAR;['CAMILA BALDASSO', 'GIAN LUCAS PRETTO', 'JULIA DANELUZ', 'WENDEL PAULO SILVESTRE']
UFRGS;UNIVERSIDADE FEDERAL DO RIO GRANDE DO SUL;PROCESSO SUSTENTÁVEL DE OBTENÇÃO DE EXTRATO VEGETAL A PARTIR DO BAGAÇO DA OLIVA, COMPOSIÇÃO DE UM NANOCARREADOR VESICULAR VEGANO DE ORIGEM NATURAL CONTENDO ESTE EXTRATO E O USO COSMÉTICO, ALIMENTÍCIO E AGROPECUÁRIO DESTE EXTRATO E DESTA COMPOSIÇÃO;['LIGIA DAMASCENO FERREIRA MARCZAK', 'ROBERTA TAUFER BOFF', 'SIMONE JACOBUS BERLITZ', 'IRENE CLEMES KULKAMP GUERREIRO']
URI;UNIVERSIDADE REGIONAL INTEGRADA DO ALTO URUGUAI E DAS MISSÕES;MÉTODO DE PREPARAÇÃO DE FILME ANTIMICROBIANO DE QUITOSANA COM ADIÇÃO DE ÁCIDO MALTOBIÔNICO;['SABRINA CAMARGO', 'ROBERTA CRISTINA DE SOUZA', 'JAMILE ZENI', 'ELOANE MALVESSI', 'EUNICE VALDUGA']
UFPEL;UNIVERSIDADE FEDERAL DE PELOTAS;INIBIDOR DE CORROSÃO MISTO A APARTIR DE EXTRATO PIROLENHOSO PARA APLICAÇÕES EM MEIOS VARIADOS;['RAFAEL BELTRAME', 'ERIKA VASQUES SCHNEIDER', 'RAPHAEL DORNELES CALDEIRA BALBONI', 'ANDRE LUIZ MISSIO', 'DARCI ALBERTO GATTO']
UFPEL;UNIVERSIDADE FEDERAL DE PELOTAS;PROCESSO DE BENEFICIAMENTO DE LODO DE ESTAÇÃO DE TRATAMENTO DE ÁGUA PARA A CONFECÇÃO DE PRODUTOS CERÂMICOS E CIMENTÍCIOS;['MAURIZIO SILVEIRA QUADRO', 'LUIZA BEATRIZ GAMBOA ARAUJO MORSELLI', 'ROBSON ANDREAZZA']
UFPEL;UNIVERSIDADE FEDERAL DE PELOTAS;PROTEÍNA RECOMBINANTE DE ROTAVÍRUS G3P[12] E G14P[12] PARA USO COMO IMUNOBIOLÓGICO;['FABIO PEREIRA LEIVAS LEITE', 'VITORIA SEQUEIRA GONCALVES', 'RAFAELA PINTO DE SOUZA', 'VITORIA MULLER', 'MARIANA ANDRADE MOUSQUER', 'CARLOS EDUARDO WAYNE NOGUEIRA', 'NEIDA LUCIA CONRAD', 'RODRIGO CASQUERO CUNHA']
UFPEL;UNIVERSIDADE FEDERAL DE PELOTAS;ASSOCIAÇÃO DE PROTEÍNAS RECOMBINANTES RASP-2 E RTC24 COMO ESTRATÉGIA VACINAL CONTRA A DOENÇA DE CHAGAS;['FABIANA KOMMLING SEIXAS', 'GUSTAVO DOS SANTOS HARTLEBEN', 'GUILHERME SENNA DOS SANTOS', 'FERNANDA KANAAN DE AZAMBUJA', 'LUIZA DOMINGUES MORON', 'BARBARA DA ROCHA FONSECA', 'FERNANDA SEVERO SABEDRA SOUSA', 'MIRNA SAMARA DIE ALVES', 'SIBELE BORSUK', 'TIAGO VEIRAS COLLARES']
UFRGS;UNIVERSIDADE FEDERAL DO RIO GRANDE DO SUL;NANOCOMPÓSITO COMPREENDENDO POLIETILENO E UMA CARGA NANOMÉTRICA COMPOSTA POR CARBONO ATIVADO COM NÍQUEL, PROCESSO PARA OBTENÇÃO E USO DO MESMO;['GRISELDA LIGIA BARRERA DE GALLAND', 'MUHAMMAD NISAR', 'EDER CLÁUDIO LIMA', 'JULIAN PENKOV GESHEV']
UFRGS;UNIVERSIDADE FEDERAL DO RIO GRANDE DO SUL;PEPTÍDEOS SINTÉTICOS COM ATIVIDADE DE INIBIÇÃO DA ENZIMA CONVERSORA DE ANGIOTENSINA E POTENCIAL ATIVIDADE ANTI-HIPERTENSIVA;['HUGO VERLI', 'CAMILA INNOCENTE ALVES', 'RAUL IZIDORO CARNEIRO', 'WALTER ORLANDO BEYS DA SILVA', 'LUCELIA SANTI']
UFPEL;UNIVERSIDADE FEDERAL DE PELOTAS;INT-FLBCC - INTERVAL FUZZY LOAD BALANCING FOR CLOUD COMPUTING;['RAFAEL RODRIGUES BASTOS', 'GUILHERME BAYER SCHNEIDER', 'BRUNO MOURA PAZ DE MOURA', 'RENATA HAX SANDER REISER', 'ADENAUER CORREA YAMIM', 'HELIDA SALLES SANTOS']
UFPEL;UNIVERSIDADE FEDERAL DE PELOTAS;MÉTODO DE DETECÇÃO MOLECULAR DE COLORAÇÃO DE PELAGEM EM EQUINOS UTILIZANDO OLIGONUCLEOTÍDEOS INICIADORES;['VINICIUS FARIAS CAMPOS', 'LUANA FERREIRA VIANA DOS REIS', 'MARIANA CAVALCANTI NASCIMENTO', 'LAIS DOS SANTOS GONCALVES', 'HADASSA GABRIELA ORTIZ', 'WILLIAM BORGES DOMINGUES']
UFSM;UNIVERSIDADE FEDERAL DE SANTA MARIA;SÍNTESE DE FOTOCATALISADORES À BASE DE TITÂNIA MESOPOROSA, CALCOGENOLATOS DE PALÁDIO IMOBILIZADOS EM TIO2 MESOPOROSO, E SEUS USOS NA PRODUÇÃO DE GÁS HIDROGÊNIO;['ERNESTO SCHULZ LANG', 'ANDRESSA LUNARDI', 'GIOVANNY FERRO RAZERA', 'CAMILA NUNES CECHIN', 'TANIZE BORTOLOTTO', 'SHIRLEY NAKAGAKI BASTOS', 'BARBARA TIRLONI']
UCS;UNIVERSIDADE DE CAXIAS DO SUL;MÉTODO DE PREPARAÇÃO DE FILME ANTIMICROBIANO DE QUITOSANA COM ADIÇÃO DE ÁCIDO MALTOBIÔNICO;['SABRINA CARRA', 'JAMILE ZENI', 'ELOANE MALVESSI', 'EUNICE VALDUGA']
UFPEL;UNIVERSIDADE FEDERAL DE PELOTAS;CONSTRUÇÃO DE DUAS CEPAS DE MYCOBACTERIUM BOVIS BCG RECOMBINANTE EXPRESSANDO A PROTEÍNA DE LISTERIOLISINA O (LLO) PARA TRATAMENTO DE MELANOMA A PARTIR DE DOIS VETORES DE EXPRESSÃO DISTINTOS;['FABIANA KOMMLING SEIXAS', 'VALENTINA GESSINGER FERREIRA', 'THAIS LARRE OLIVEIRA BOHN', 'STELLA JULLI FARIAS CARDOZO', 'NIELI SILVA SOUZA', 'MAYARA YASMIN DA SILVA', 'MARIA EDUARDA EHLERT', 'GILCA COSTA NACHTIGAL', 'BRUNA SILVEIRA PACHECO', 'FERNANDA SEVERO SABEDRA SOUSA', 'MIRNA SAMARA DIE ALVES', 'SIBELE BORSUK', 'TIAGO VEIRAS COLLARES']
UCS;UNIVERSIDADE DE CAXIAS DO SUL;MATERIAL CIMENTÍCIO COM ADIÇÃO DE BIOCHAR, PROCESSO DE PRODUÇÃO E USO DO MESMO;['MARCELO GODINHO', 'MAURICIO MONTEIRO ALMERON']
UFRGS;UNIVERSIDADE FEDERAL DO RIO GRANDE DO SUL;PROCESSO DE OBTENÇÃO, REFINAMENTO E CONCENTRAÇÃO DO EXTRATO PIROLENHOSO E SEU USO NA AGRICULTURA, NUTRIÇÃO ANIMAL E BIOESTIMULAÇÃO DA COMPOSTAGEM E COMPOSIÇÃO REPELENTE;['ALEXANDRE MENEGHELLO FUENTEFRIA', 'MIRIAM ANDERS APEL']
FURG;UNIVERSIDADE FEDERAL DO RIO GRANDE;PROCESSO DE CULTIVO PARA AUMENTO DA PRODUÇÃO DE FICOPIGMENTOS EM CIANOBACTÉRIAS;['JORGE ALBERTO VIEIRA COSTA', 'JESSICA TEIXEIRA DA SILVEIRA', 'ANA PRISCILA CENTENO DA ROSA', 'MICHELE GREQUE DE MORAIS']
UCPEL;UNIVERSIDADE CATÓLICA DE PELOTAS;ECOSSISTEMA E ARQUITETURA DIGITAL DE MONITORAMENTO DE SINAIS DE SAÚDE POR DISPOSITIVOS VESTÍVEIS EM TEMPO REAL;['GIANCARLO LUCCA']
UFSM;UNIVERSIDADE FEDERAL DE SANTA MARIA;A SYSTEM AND A METHOD FOR POWERING A PLURATY OF ELECTRODES, AN ELECTRICAL WEEDING DEVICE, AND, A VEHICLE;['VITOR CAMARGO NARDELLI', 'RAFAEL ROANI FEIJÓ', 'LUIZ HENRIQUE VICENTE', 'LEONARDO ZANETTI ROCHA', 'KEVYN SILVA DOS SANTOS', 'FELIPE ARNHOLD', 'BRUNA EVELIN GOMES', 'ESTEVAN LINCK LARA', 'ROGERIO VICTORIO FERNANDES BALLESTRIN', 'WILLIAM SCIACCA GARCIA', 'LUIS GUSTAVO PIRES RODRIGUES', 'MARIO LUCIO DA SILVA MARTINS']
UFSM;UNIVERSIDADE FEDERAL DE SANTA MARIA;MÉTODO PARA RECONSTRUÇÃO DE SINAL SENOIDAL DE VARIÁVEL ELÉTRICA COM MENSAGENS SAMPLED VALUES CORROMPIDAS;['DANIEL PINHEIRO BERNARDON', 'RENAN LOPES BRAGA GOMES', 'FERNANDO ANUNCIACAO BUDZINSKI', 'ADRION ANDREI ROSANELLI', 'ANGELO FELIPE SARTORI', 'WAGNER SEIZO HOKAMA', 'ANTONIO MARIO KAMINSKI JUNIOR', 'FLAVIO GARLET RECK', 'JHONATAN ANTONIO CASSOL', 'LUCAS MAZIERO', 'FILIPE GABRIEL CARLOTO', 'ADRIANO PERES DE MORAIS', 'AECIO DE LIMA OLIVEIRA', 'CARLOS HENRIQUE BARRIQUELLO', 'ULISSES CHEMIN NETTO', 'DIOMAR ADONIS COPETTI LIMA']
UCS;UNIVERSIDADE DE CAXIAS DO SUL;PROCESSO DE PRODUÇÃO DE ESTRUVITA;['RAFAEL KOHL SPOHR', 'LADEMIR LUIZ BEAL']
UCS;UNIVERSIDADE DE CAXIAS DO SUL;COMPÓSITO COMPREENDENDO GRAFENO E/OU SEUS DERIVADOS, PROCESSO DE OBTENÇÃO E USO DO MESMO;['DIEGO PIAZZA']
UFPEL;UNIVERSIDADE FEDERAL DE PELOTAS;PROCESSO DE EDIÇÃO GÊNICA POR CRISP/CAS9 PARA GERAÇÃO DE LINHAGENS CELULARES SUÍNAS COM KNOCKOUT DE GENES RELACIONADOS AO CÂNCER DE BEXIGA;['FABIANA KOMMLING SEIXAS', 'ISADORA ANDRE ROSA LOPES', 'JULIA DAME FONSECA PASCHOAL', 'BRUNA SILVEIRA PACHECO', 'TIAGO VEIRAS COLLARES']
UFRGS;UNIVERSIDADE FEDERAL DO RIO GRANDE DO SUL;PROCESSO SUSTENTÁVEL DE OBTENÇÃO DE EXTRATO VEGETAL A PARTIR DO BAGAÇO DA OLIVA, COMPOSIÇÃO DE UM NANOCARREADOR VESICULAR VEGANO DE ORIGEM NATURAL CONTENDO ESTE EXTRATO E O USO COSMÉTICO, ALIMENTÍCIO E AGROPECUÁRIO DESTE EXTRATO E DESTA COMPOSIÇÃO;['LIGIA DAMASCENO FERREIRA MARCZAK', 'ROBERTA COUGO RIEFFEL', 'SIMONE JACOBUS BERLITZ', 'IRENE CLEMES KULKAMP GUERREIRO']
UFPEL;UNIVERSIDADE FEDERAL DE PELOTAS;FORMULAÇÕES DE REVELADORES DE IMPRESSÕES DIGITAIS DERIVADOS DA CURCUMINA NATURAL;['CLAUDIO MARTIN PEREIRA DE PEREIRA', 'AMANDA FONSECA LEITZKE', 'TAIS POLETTI', 'BRUNO NUNES DA ROSA', 'DANIELLE TAPIA BUENO', 'MILENA MATTES CERVEIRA', 'GUILHERME KURZ MARON', 'RODRIGO DE ALMEIDA VAUCHER', 'NEFTALI LENIN VILLARREAL CARREÑO']
UFRGS;UNIVERSIDADE FEDERAL DO RIO GRANDE DO SUL;PEPTÍDEOS SINTÉTICOS COM ATIVIDADE DE INIBIÇÃO DA ENZIMA CONVERSORA DE ANGIOTENSINA E POTENCIAL ATIVIDADE ANTI-HIPERTENSIVA;['LUCELIA SANTI', 'RAUL IZIDORO CARNEIRO', 'HUGO VERLI', 'CAMILA INNOCENTE ALVES', 'WALTER ORLANDO BEYS DA SILVA']
UNIPAMPA;UNIVERSIDADE FEDERAL DO PAMPA;PRODUTO E MÉTODO DE PRODUÇÃO DE TIJOLO ECOLÓGICO À BASE DE SOLO EÓLICO, SÍLICA DE CASCA DE ARROZ, CAPIM ANONNI TRATADO E CIMENTO;['WILBER FELICIANO CHAMBI TAPAHUASCO', 'LUZIELE OLIVEIRA DE OLIVEIRA', 'NATALIA DO NASCIMENTO GARCEZ', 'VITOR ROMARIO CHARAO NUNES', 'LUCIELE BILHALVA CAMPAGNOLO', 'EDERLI MARANGON']
UFSM;UNIVERSIDADE FEDERAL DE SANTA MARIA;MÉTODO E SISTEMA DE INTERMÉDIO DE ACESSO PARA ELEMENTO DE PROCESSAMENTO DE ENERGIA;['LUCIANE SILVA NEVES', 'RAFAEL GRESSLER MILBRADT', 'TIAGO ANTONIO RIZZETTI']
UCS;UNIVERSIDADE DE CAXIAS DO SUL;COMPOSTO DE GRAFENO, NANOCOMPÓSITOS E SEUS USOS.;['DIEGO PIAZZA']
UCS;UNIVERSIDADE DE CAXIAS DO SUL;COOLING SYSTEM AND METHOD FOR BATTERY CELL;['GIOVANI DAMBROS TELLI', 'SYVIE LORENTE', 'GUNGOR, SAHIN']
URI;UNIVERSIDADE REGIONAL INTEGRADA DO ALTO URUGUAI E DAS MISSÕES;BALA DE GOMA ADICIONADA DE ÓLEO ESSENCIAL DE ERVA BALEEIRA (CORDIA VERBENACEA);['JAMILE ZENI', 'TALITA POLON', 'GABRIELA ISABEL CANTELE', 'FERNANDA CAROLINE UTTEICH', 'EMILI OTOWICZ', 'JOAO VICTOR ARALDI', 'DEIVID PAULO SESSE', 'VICTOR VARGAS DA CAMPO']
UFPEL;UNIVERSIDADE FEDERAL DE PELOTAS;MICROPARTÍCULAS BIOPOLIMÉRICAS CARREADORAS DE MOLÉCULAS HERBICIDAMENTE ATIVAS;['ANDRE RICARDO FAJARDO', 'HENRIQUE PERES DA MOTA', 'ANDRESSA BAPTISTA NORNBERG', 'VINICIOS RAFAEL GEHRKE', 'LUIS ANTONIO DE AVILA', 'EDINALVO RABAIOLI CAMARGO']
FURG;UNIVERSIDADE FEDERAL DO RIO GRANDE;APLICAÇÃO DA VOLTAMETRIA DE MICROPARTÍCULA IMOBILIZADA NA TAXONOMIA DE BACTÉRIAS PATOGÊNICAS;['PEDRO EDUARDO ALMEIDA DA SILVA', 'RAFAELA VENDRAMIN COMUNELLO', 'ANA PAULA DE OLIVEIRA LOPES INACIO', 'FABIANA BARREIROS FERREIRA', 'ANA JULIA REIS', 'ELIEZER QUADRO ORESTE', 'DAIANE DIAS']
FURG;UNIVERSIDADE FEDERAL DO RIO GRANDE;DESENVOLVIMENTO DE ELETRODO DE FILME QUIMICAMENTE MODIFICADO COM BIOCHAR DE SOJA APLICADO A DETERMINAÇÃO VOLTAMÉTRICA DE CAFEÍNA;['LUIZ ANTONIO DE ALMEIDA PINTO', 'ANA PAULA DE OLIVEIRA LOPES INACIO', 'TITO ROBERTO SANT ANNA CADAVAL JUNIOR', 'DAIANE DIAS']
UFSM;UNIVERSIDADE FEDERAL DE SANTA MARIA;PREPARO E OBTENÇÃO DE COMPOSTOS DE ORIGEM VEGETAL COM POTENCIALANTIOXIDANTE, FOTOPROTETOR, ANTIBACTERIANO E ANTIFÚNGICO, PARAAPLICAÇÃO EM COSMÉTICOS E COMO ADITIVOS ALIMENTARES;['ARCI DIRCEU WASTOWSKI', 'UBIRATAN ALEGRANSI BONES', 'KAUANE ANDRESSA FLACH', 'GENESIO MARIO DA ROSA', 'ALEXANDRE TIBURSKI NETO']
UFPEL;UNIVERSIDADE FEDERAL DE PELOTAS;UTILIZAÇÃO DA 7-CLORO-4-(FENILSELANIL) QUINOLINA COMO AGENTE ANTITUMORAL PARA CÂNCER DE MAMA, LEUCEMIA, SARCOMA E DE BEXIGA;['DIEGO DA SILVA ALVES', 'KETLYN PEREIRA DA MOTTA', 'ALLYA LARROZA MUHAMMAD EID', 'JAINI JANKE PALTIAN', 'ANGELICA SCHIAVOM DOS REIS', 'BRUNA SILVEIRA PACHECO', 'ETHEL ANTUNES WILHELM', 'TIAGO VEIRAS COLLARES', 'FABIANA KOMMLING SEIXAS']
UFPEL;UNIVERSIDADE FEDERAL DE PELOTAS;LAB COLOR CHART;['CESAR VALMOR ROMBALDI', ' ARLIENE DO SOCORRO BATISTA DOS SANTOS', 'FLAVIA TAYNA SERRA SILVA', 'RENIRES DOS SANTOS TEIXEIRA', 'MARCIA VIZZOTTO', 'LEONARDO NORA']
UCS;UNIVERSIDADE DE CAXIAS DO SUL;CONJUNTO DE MOLAS PARA SUSPENSÃO DE VEÍCULO COMERCIAL, PROCESSO DE ATENUAÇÃO DE ENERGIA MECÂNICA EM VEÍCULO COMERCIAL E VEÍCULO COMERCIAL;['JOEL BOARETTO', 'SAKATA, ALBERTO YUKIO', 'EDUARDO FRANCISCO TENDE', 'JESSICA SILVA DE SOUZA', 'PAULO STEDILE FILHO', 'ROBINSON CARLOS DUDLEY CRUZ']
URI;UNIVERSIDADE REGIONAL INTEGRADA DO ALTO URUGUAI E DAS MISSÕES;BISCOITO SALGADO COM ADIÇÃO DE FITOESTERÓIS;['JULIANA STEFFENS', 'ANA LUIZA LIRA', 'ANDRE KENG WEI HSU', 'JAMILE ZENI']
UNISINOS;UNIVERSIDADE DO VALE DO RIO DOS SINOS;MÉTODO IMPLEMENTADO POR COMPUTADOR PARA SEGMENTAÇÃO E EXTRAÇÃO DE REDE TOPOLÓGICA DE FRATURAS EM ATRIBUTOS SÍSMICOS;['LUIZ GONZAGA DA SILVEIRA JUNIOR']
UFRGS;UNIVERSIDADE FEDERAL DO RIO GRANDE DO SUL;"PATENTE: PROGRAMA DE COMPUTADOR. TÍTULO: ""BRAPCI EXPLORER""";['FRANCIELLE FRANCO DOS SANTOS']
UFPEL;UNIVERSIDADE FEDERAL DE PELOTAS;DNA SINTÉTICO RECOMBINANTE PARA EXPRESSÃO DE IGF1A EM ESPÉCIES PROBIÓTICAS;['VINICIUS FARIAS CAMPOS', 'JADE RIET GRAMINHO', 'BRUNA FÉLIX DA SILVA NORNBERG', 'LUIS FERNANDO FERNANDES MARINS', 'JOAO COSTA FILHO']
URI;UNIVERSIDADE REGIONAL INTEGRADA DO ALTO URUGUAI E DAS MISSÕES;CINZAS DE CASCAS DE ARROZ COMO FONTE DE SÍLICA NA PRODUÇÃO DE GRAFENOSILICATO DOPADO COM NIÓBIO OBTIDO PELO MÉTODO SOL-GEL;['ROGERIO MARCOS DAL LAGO', 'MARCELO LUIS MIGNONI']
UFPEL;UNIVERSIDADE FEDERAL DE PELOTAS;PROTEINA QUIMERICA DOS ALPHAHERPESVIRUS BOVINOS 1 E 5 PARA VACINAÇÃO DE DIAGNOSTICO;['GEFERSON FISCHER', 'MARINA STURBELLE GARCIA', 'GUILHERME FEIJO DE SOUSA', 'LARIANE DA SILVA BARCELOS', 'NADALIN YANDRA BOTTON', 'MATHEUS IURI FRUHAUF', 'ALESSANDRA NEIS', 'LEONARDO CLASEN RIBEIRO', 'CRISTINA MENDES PETER', 'GILBERTO DAVILA VARGAS', 'SILVIA DE OLIVEIRA HUBNER', 'MARCELO DE LIMA', 'LUCIANO DA SILVA PINTO', 'AMILTON CLAIR PINTO SEIXAS NETO']
UFPEL;UNIVERSIDADE FEDERAL DE PELOTAS;STARTUP E-CO TECH;['EDUARDA PEREIRA SOARES DIAS', 'ARTHUR ALVES COELHO']
UFPEL;UNIVERSIDADE FEDERAL DE PELOTAS;STARTUP BIOSCIENT;['DARLING DE ANDRADE LOURENCO', 'ISADORA LEITZKE GUIDOTTI', 'GRATCHELA DUTRA RODRIGUES']
FEEVALE;UNIVERSIDADE FEEVALE;MÉTODO DE OBTENÇÃO DE EXTRATO HIDROALCOÓLICO LIOFILIZADO DAS FOLHAS DE ACACIA MEARNSII (ACÁCIA-NEGRA) E FORMULAÇÃO DE XAMPU PARABENO FREE CONTENDO O EXTRATO.;['ANA LUIZA ZIULKOSKI', 'PATRICIA WEIMER', 'ELEN LUIZA PELISOLI FORMAGIO ABDALLA', 'EDNA SAYURI SUYENAGA', 'LETICIA SCHERER KOESTER', 'FERNANDO DAL PONT MORISSO', 'ROCHELE CASSANTA ROSSI']
FEEVALE;UNIVERSIDADE FEEVALE;PROCESSO DE OBTENÇÃO DE EXTRATO SECO PADRONIZADO POR SPRAY-DRYING A PARTIR DAS FOLHAS DE EUGENIA UNIFLORA, E EXTRATO SECO OBTIDO;['SIMONE GASPARIN VERZA', 'LUANA PONS POSSER', 'NATALIA DALANHOL DE QUADROS', 'FERNANDO DAL PONT MORISSO', 'ANDRESA HEEMANN BETTI', 'JULIANE DEISE FLECK']
FURG;UNIVERSIDADE FEDERAL DO RIO GRANDE;PROCESSO PARA OBTENÇÃO DE SENSOR VOLTAMÉTRICO QUIMICAMENTE MODIFICADO COM BIOCHAR DE CASCA DE ARROZ PARA DETERMINAÇÃO DE DICLOFENACO;['LUIZ ANTONIO DE ALMEIDA PINTO', 'EDUARDO SILVEIRA RIBEIRO', 'TITO ROBERTO SANT ANNA CADAVAL JUNIOR', 'ELIEZER QUADRO ORESTE', 'DAIANE DIAS']
FURG;UNIVERSIDADE FEDERAL DO RIO GRANDE;OBTENÇÃO DE SENSOR QUIMICAMENTE MODIFICADO COM BIOCHAR DE SOJA PARA DETERMINAÇÃO DE TARTRAZINA;['LUIZ ANTONIO DE ALMEIDA PINTO', 'SARA ALVES DA CUNHA', 'RAFAELA VENDRAMIN COMUNELLO', 'LEANDRO SILVA DE ALMEIDA', 'EDUARDO SILVEIRA RIBEIRO', 'ISAAC DOS SANTOS NUNES', 'TITO ROBERTO SANT ANNA CADAVAL JUNIOR', 'ELIEZER QUADRO ORESTE', 'DAIANE DIAS']
UFPEL;UNIVERSIDADE FEDERAL DE PELOTAS;LICOR PIROLENHOSO COMO REVESTIMENTO ANTICORROSIVO PARA METAIS;['NEFTALI LENIN VILLARREAL CARREÑO', 'MATHEUS DE PAULA GOULARTE', 'ERIKA VASQUES SCHNEIDER', 'RAPHAEL DORNELES CALDEIRA BALBONI', 'ANDRE LUIZ MISSIO', 'DARCI ALBERTO GATTO']
UFPEL;UNIVERSIDADE FEDERAL DE PELOTAS;CÂMARA DE TEXTURIZAÇÃO DE SUPERFÍCIES METÁLICAS CILÍNDRICAS;['HENARA LILLIAN COSTA MURRAY', 'CRISTIANO DE AZEVEDO CELENTE']
UFRGS;UNIVERSIDADE FEDERAL DO RIO GRANDE DO SUL;MÉTODO DE IDENTIFICAÇÃO PRECOCE DE GENÓTIPO COM ALTA PRODUÇÃO DE RESINA E MÉTODO PARA ESTABELECER FLORESTAS RESINOSAS COMPOSTAS DE GENÓTIPOS SUPERRESINOSOS E HOMOGÊNEAS PARA RESINAGEM. PATENTE PRIVILÉGIO DE INOVAÇÃO. INPI - INSTITUTO NACIONAL DA PROPRIEDA;['ARTHUR GERMANO FETT NETO', 'FRANCIELE ANTONIA NEIS']
UPF;UNIVERSIDADE DE PASSO FUNDO;SISTEMA TRANSPORTADOR COM CAIXA DE CARGA E SISTEMA DE DESCARREGAMENTO COM ACIONAMENTO AUTOMÁTICO;['MARCIO HOWE']
FURG;UNIVERSIDADE FEDERAL DO RIO GRANDE;CÂMARA DE TEXTURIZAÇÃO DE SUPERFÍCIES METÁLICAS CILÍNDRICAS;['HENARA LILLIAN COSTA MURRAY', 'CRISTIANO DE AZEVEDO CELENTE']
UFPEL;UNIVERSIDADE FEDERAL DE PELOTAS;OLEOGÉIS BIOATIVOS PRODUZIDOS COM AMIDO DE FEIJÃO E CURCUMINA NATURAL COMO AGENTE ANTIOXIDANTE;['ELESSANDRA DA ROSA ZAVAREZE', 'CAMILA DE OLIVEIRA PACHECO', 'FELIPE NARDO DOS SANTOS', 'JULIANI BUCHVEITZ PIRES', 'ELDER PACHECO DA CRUZ', 'FRANCINE TAVARES DA SILVA', 'LAURA MARTINS FONSECA', 'CRISTINA JANSEN', 'ALVARO RENATO GUERRA DIAS']
URI;UNIVERSIDADE REGIONAL INTEGRADA DO ALTO URUGUAI E DAS MISSÕES;PROCESSO DE SÍNTESE DO MATERIAL MESOPOROSO GRAFENOSILICATO DO TIPO MCM-48 UTILIZANDO O SÓLIDO IÔNICO [C16MI].CL COMO AGENTE DIRECIONADOR DE ESTRUTURA DOPADO COM ÓXIDO DE LANTÂNIO (LA2O3);['ROGERIO MARCOS DAL LAGO', 'MARCELO LUIS MIGNONI']
UFPEL;UNIVERSIDADE FEDERAL DE PELOTAS;CONSTRUÇÃO VACINAL BASEADA EM BCG RECOMBINANTE EXPRESSANDO ANTÍGENO ASP-2 DE TRYPANOSOMA CRUZI;['FABIANA KOMMLING SEIXAS', 'FERNANDA KANAAN DE AZAMBUJA', 'GUSTAVO DOS SANTOS HARTLEBEN', 'BARBARA DA ROCHA FONSECA', 'GUILHERME SENNA DOS SANTOS', 'FERNANDA SEVERO SABEDRA SOUSA', 'SIBELE BORSUK', 'TIAGO VEIRAS COLLARES']
FURG;UNIVERSIDADE FEDERAL DO RIO GRANDE;DESENVOLVIMENTO DE ELETRODO DE FILME QUIMICAMENTE MODIFICADO COM BIOCHAR DE SOJA APLICADO A DETERMINAÇÃO VOLTAMÉTRICA DE CAFEÍNA;['LUIZ ANTONIO DE ALMEIDA PINTO', 'ANA PAULA DE OLIVEIRA LOPES INACIO', 'TITO ROBERTO SANT ANNA CADAVAL JUNIOR', 'ELIEZER QUADRO ORESTE', 'DAIANE DIAS']
UFRGS;UNIVERSIDADE FEDERAL DO RIO GRANDE DO SUL;MÉTODOS E APLICATIVOS USANDO SATISFATIBILIDADE PARA OBTER UMA DESCRIÇÃO DE UM CIRCUITO EQUIVALENTE COMPOSTO DE SUBCIRCUITOS OTIMIZANDO UMA FUNÇÃO DE CUSTO;['ANDRE INACIO REIS', 'LEONARDO DROVES SILVEIRA', 'RENATO DONIZETE PERALTA']
UFRGS;UNIVERSIDADE FEDERAL DO RIO GRANDE DO SUL;PROCESSO DE FUNCIONALIZAÇÃO ELETROQUÍMICA DO 4,4-DIFLUORO-4-BORA-3A,4A-DIAZA-S-INDACENO COM GRUPOS ORGANOSSELÊNIOS, MOLÉCULAS FUNCIONADAS COM GRUPOS ORGANOSSELÊNIOS E USO;['FABIANO SEVERO RODEMBUSCH']
UFRGS;UNIVERSIDADE FEDERAL DO RIO GRANDE DO SUL;MODELO DE ALGORITMO PARA DETECÇÃO DE RETINOPATIA DIABÉTICA REFERENCIÁVEL;['PHILIPPE OLIVIER ALEXANDRE NAVAUX', 'CRISTIANO ALEX KUNAS', 'MATEUS AUGUSTO DOS REIS', 'BEATRIZ D AGORD SCHAAN']
UFPEL;UNIVERSIDADE FEDERAL DE PELOTAS;CONCESSÃO DE PATENTE: PROCESSO DE RECUPERAÇÃO DE POLIHIDROXIALCANOATOS (PHAS) VIA EXTRAÇÃO FÍSICA;['CLAIRE TONDO VENDRUSCOLO', 'MARIANE IGANSI ALVES', 'KARINE LASTE MACAGNAN', 'ANGELITA DA SILVEIRA MOREIRA']
UFPEL;UNIVERSIDADE FEDERAL DE PELOTAS;FORMULAÇÃO PARA PREVENÇÃO DA TRISTEZA PARASITÁRIA BOVINA;['FRANCISCO AUGUSTO BURKERT DEL PINO', 'NATALIA MACHADO RAHAL', 'MARCIO NUNES CORREA', 'EDUARDO SCHMITT', 'RUBENS ALVES PEREIRA', 'JOSIANE DE OLIVEIRA FEIJO', 'ANDRE RICARDO FAJARDO']
UFPEL;UNIVERSIDADE FEDERAL DE PELOTAS;CONSTRUÇÃO DE DUAS CEPAS DE MYCOBACTERIUM BOVIS BCG RECOMBINANTE EXPRESSANDO A PROTEÍNA DE LISTERIOLISINA O (LLO) PARA TRATAMENTO DE MELANOMA A PARTIR DE DOIS VETORES DE EXPRESSÃO DISTINTOS;['FABIANA KOMMLING SEIXAS', 'STELLA JULLI FARIAS CARDOZO', 'MARIA EDUARDA EHLERT', 'MAYARA YASMIN DA SILVA', 'NIELE SILVA SOUZA', 'BRUNA SILVEIRA PACHECO', 'FERNANDA SEVERO SABEDRA SOUSA', 'THAIS LARRE OLIVEIRA', 'MIRNA SAMARA DIE ALVES', 'SIBELE BORSUK', 'GILCA COSTA NACHTIGAL', 'TIAGO VEIRAS COLLARES']
UFRGS;UNIVERSIDADE FEDERAL DO RIO GRANDE DO SUL;COKED SOLID AGGLOMERATE AND METHOD FOR PRODUCING SAME;['BRUNO DEVES FLORES', 'Stephen Michael Potter', 'Ronald Lopes de Oliveira', 'Rafael Araujo Lovatti', 'Guilherme Francisco Gonçalves']
UFPEL;UNIVERSIDADE FEDERAL DE PELOTAS;TRANSPORTADOR BIODEGRADÁVEL DE MOLÉCULAS HERBICIDAMENTE ATIVAS;['ANDRE RICARDO FAJARDO', 'MATEUS VICENTE ALVES', 'ANDRESSA BAPTISTA NORNBERG', 'EDINALVO RABAIOLI CAMARGO']
FURG;UNIVERSIDADE FEDERAL DO RIO GRANDE;SISTEMA, MÉTODO E DISPOSITIVO DE MONITORAMENTO ONLINE DE TRANSPORTADOR DE CORREIA;['VINICIUS MENEZES DE OLIVEIRA', 'LETIERI RODRIGUES DE AVILA', 'OBERDAN CARRASCO NOGUEIRA', 'RODRIGO ZELIR AZZOLIN']
UFRGS;UNIVERSIDADE FEDERAL DO RIO GRANDE DO SUL;DISPOSITIVO MONITOR DE REBANHOS, DO COMPORTAMENTO E ATIVIDADE REPRODUTIVA;['SILVIO RENATO OLIVEIRA MENEGASSI', 'IVAN MULLER']
UFPEL;UNIVERSIDADE FEDERAL DE PELOTAS;OLEOGÉIS À BASE DE ÓLEO DE AMENDOA DO CAROÇO DE BUTIÁ E CERA DE ABELHA COMO SUBSTITUTO DA GORDURA HIDROGENADA EM COOKIES;['CLAUDIO MARTIN PEREIRA DE PEREIRA', 'CAMILA DE OLIVEIRA PACHECO', 'ELDER PACHECO DA CRUZ', 'DANIELLE TAPIA BUENO', 'CRISTINA JANSEN', 'ALVARO RENATO GUERRA DIAS', 'ELESSANDRA DA ROSA ZAVAREZE']
UFRGS;UNIVERSIDADE FEDERAL DO RIO GRANDE DO SUL;PESSARIO;['EDISON CAPP', 'HELENA VON EYE CORLETA', 'JOSE GERALDO LOPES RAMOS']
UPF;UNIVERSIDADE DE PASSO FUNDO;PROCESSO DE CULTIVO PARA AUMENTO DA PRODUÇÃO DE FICOPIGMENTOS EM CIANOBACTÉRIAS;['JORGE ALBERTO VIEIRA COSTA', 'JESSICA TEIXEIRA DA SILVEIRA', 'ANA PRISCILA CENTENO DA ROSA', 'MICHELE GREQUE DE MORAIS']
FURG;UNIVERSIDADE FEDERAL DO RIO GRANDE;UTILIZAÇÃO DE COMPOSTO SINTÉTICO DERIVADO DA CÂNFORA COMO ANTI-HELMÍNTICO;['DANIELA FERNANDES RAMOS SOARES', 'DEBORA CARVALHO RODRIGUES', 'CARLOS JAMES SCAINI', 'MARCUS VINICIUS NORA DE SOUZA', 'LUCIANA FARIAS DA COSTA DE AVILA']
UFSM;UNIVERSIDADE FEDERAL DE SANTA MARIA;COMPOSTO LÁCTEO EM PÓ COM ADIÇÃO DE SPIRULINA MICROENCAPSULADA E PROCESSO DE OBTENÇÃO DO REFERIDO COMPOSTO;['NEILA SILVIA PEREIRA DOS SANTOS RICHARDS', 'L. E. BENDER', 'TELMA ELITA BERTOLIN', 'CINTIA GUARIENTI']
UFSM;UNIVERSIDADE FEDERAL DE SANTA MARIA;PROCESSO PARA CONCENTRAR FITONUTRIENTES A PARTIR DE DESTILADO DESODORIZADO DE ÓLEO VEGETAL;['CRISTIANO AUGUSTO BALLUS', 'DANIEL ASSUMPCAO BERTUOL']
UFRGS;UNIVERSIDADE FEDERAL DO RIO GRANDE DO SUL;"URS EXTREMA. 2024, BRASIL. NÚMERO DO REGISTRO: 57226, TÍTULO: ""URS EXTREMA""";['LUIZ CARLOS FEDERIZZI', 'MARCELO TEIXEIRA PACHECO']
UFPEL;UNIVERSIDADE FEDERAL DE PELOTAS;MÉTODO DE DETECÇÃO MOLECULAR DE COLORAÇÃO DE PELAGEM EM EQUINOS UTILIZANDO OLIGONUCLEOTÍDEOS INICIADORES;['VINICIUS FARIAS CAMPOS', 'MARIANA CAVALCANTI NASCIMENTO', 'LUANA FERREIRA VIANA DOS REIS', 'LAIS DOS SANTOS GONCALVES', 'HADASSA GABRIELA ORTIZ', 'WILLIAM BORGES DOMINGUES']
UFPEL;UNIVERSIDADE FEDERAL DE PELOTAS;INIBIDOR DE CORROSÃO MISTO A APARTIR DE EXTRATO PIROLENHOSO PARA APLICAÇÕES EM MEIOS VARIADOS;['RAFAEL BELTRAME', 'ANDRE LUIZ MISSIO', 'DARCI ALBERTO GATTO']
UFPEL;UNIVERSIDADE FEDERAL DE PELOTAS;MÉTODO PARA GENOTIPAGEM DO POLIMORFISMO RS11872992 DO GENE MC4R;['CARLOS CASTILHO DE BARROS', 'ALICE KUNZGEN SCHEER', 'AMANDA BARBOSA ATRIB', 'CLEDIA SILVEIRA FLORES DA SILVA']
UFPEL;UNIVERSIDADE FEDERAL DE PELOTAS;PROCESSO DE BENEFICIAMENTO DE LODO DE ESTAÇÃO DE TRATAMENTO DE ÁGUA PARA A CONFECÇÃO DE PRODUTOS CERÂMICOS E CIMENTÍCIOS;['MAURIZIO SILVEIRA QUADRO', 'LUIZA BEATRIZ GAMBOA ARAUJO MORSELLI', 'ROBSON ANDREAZZA']
FURG;UNIVERSIDADE FEDERAL DO RIO GRANDE;UTILIZAÇÃO DE COMPOSTO SINTÉTICO DERIVADO DA PIRIMIDINA COMO ANTI-HELMÍNTICO;['DANIELA FERNANDES RAMOS SOARES', 'CARLOS JAMES SCAINI', 'LUCIANA FARIAS DA COSTA DE AVILA']
UFRGS;UNIVERSIDADE FEDERAL DO RIO GRANDE DO SUL;COMPOSIÇÃO FARMACÊUTICA COMPREENDENDO ACHYROBICHALCONA E O USO DO COMPOSTO ACHYROBICHALCONA;['VALQUIRIA LINCK BASSANI', 'SARA ELIS BIANCHI', 'FABIO KLAMT']
UFPEL;UNIVERSIDADE FEDERAL DE PELOTAS;ASSOCIAÇÃO ANTIPARASITÁRIA COM NITAZOXANIDA PARA USO EM CÃES;['MARCIA DE OLIVEIRA NOBRE', 'KAYANE ROSALES MOLARINHO', 'BRUNO CABRAL CHAGAS', 'RUBENS ALVES PEREIRA', 'SERGIO JORGE']
UCS;UNIVERSIDADE DE CAXIAS DO SUL;PROCESSO DE CULTIVO DE MICRORGANISMOS, COMPOSIÇÃO E USO DE ENDÓSPOROS;['JOSELI SCHWAMBACH', 'ALESSANDRA RUSSI']
UFPEL;UNIVERSIDADE FEDERAL DE PELOTAS;LAB COLOR CHART;['CESAR VALMOR ROMBALDI', 'ARLIENE DO SOCORRO BATISTA DOS SANTOS', 'RENIRES DOS SANTOS TEIXEIRA', 'MARCIA VIZZOTTO', 'LEONARDO NORA']
FURG;UNIVERSIDADE FEDERAL DO RIO GRANDE;FRACIONADOR DE SÓLIDOS EM SUSPENSÃO COM NIVELAMENTO SIFONADO PARA ÁGUAS DE CULTIVOS BFT ('BIOFLOC TECHNOLOGY SYSTEM');['CESAR SERRA BONIFACIO COSTA', 'LUIS AUGUSTO GHIRALDELLI']
UFSM;UNIVERSIDADE FEDERAL DE SANTA MARIA;REGULADOR MAGNÉTICO PLANAR;['LEANDRO ROGGIA', 'CONRADO GOMES MARQUES', 'SEBASTIAN MOREIRA GOMES MARTINS', 'MARINA MENDES SARGENTO DOMINGUES PERDIGÃO', 'ALYSSON RANIERE SEIDEL', 'FABIO ECKE BISOGNO']
UNISINOS;UNIVERSIDADE DO VALE DO RIO DOS SINOS;SISTEMA DE MEDIÇÃO DE CAMPO ELÉTRICO ONIPRESENTE E MÓVEL PARA PREVISÃO DE RAIOS;['CESAR DAVID PAREDES CROVATO', 'JAIME CRISTIANO SCHREINER', 'ARTHUR DE JESUS STAATS', 'DANIEL LORSCHEITTER BAPTISTA']
UFRGS;UNIVERSIDADE FEDERAL DO RIO GRANDE DO SUL;PROCESS FOR PREPARING A POLYBENZOXAZINE-DERIVED CARBON MEMBRANE, CARBON MEMBRANE, USE OF SAID MEMBRANE FOR SEPARATING INDUSTRIAL GASES AND PERMEATION MODULE;['NILSON ROMEU MARCILIO', 'LUCAS KIRSCH SCHINDEL', 'AUGUSTO MOHR CHRISTMANN', 'ISABEL CRISTINA TESSARO', 'ANDRE RODRIGUES MUNIZ']
FURG;UNIVERSIDADE FEDERAL DO RIO GRANDE;DESENVOLVIMENTO DE NANOEMULSÕES PICKERING DE NANOFIBRAS DE QUITINA COM EXTRATO BIOATIVO DE RESÍDUO DE LÚPULO;['LUIZ ANTONIO DE ALMEIDA PINTO', 'GABRIEL COSTA COELHO', 'LISIANE BALDEZ DA CUNHA', 'BRUNA SILVA DE FARIAS', 'TITO ROBERTO SANT ANNA CADAVAL JUNIOR']
UFRGS;UNIVERSIDADE FEDERAL DO RIO GRANDE DO SUL;BIOFILME NANOTECNOLÓGICO CONTENDO IMIQUIMODE E NANOCÁPSULAS POLIMÉRICAS PARA APLICAÇÃO EM MUCOSAS INTRABUCAIS;['ADRIANA RAFFIN POHLMANN', 'SÍLVIA STANISÇUASKI GUTERRES', 'VICTOR DE MELLO PALMA', 'GRAZIELA SCHEUER GOMES', 'LUIZA ABRAHAO FRANK', 'FERNANDA VISIOLI']
UFPEL;UNIVERSIDADE FEDERAL DE PELOTAS;PROTEÍNA QUIMÉRICA RECOMBINANTE CONTENDO EPÍTOPOS DAS PROTEÍNAS CAM87009.1 E FILF DE ACINETOBACTER BAUMANNII;['DANIELA PIRES GOUVEA', 'THAYNA LANER CARDOSO', 'PAMELA SCARAFFUNI CABALLERO', 'DAIANE DRAWANZ HARTWIG', 'LUCIANO DA SILVA PINTO', 'AMILTON CLAIR PINTO SEIXAS NETO']
UFPEL;UNIVERSIDADE FEDERAL DE PELOTAS;CIELAB TO 3D RGB COLOR CHART CONVERTER;['CESAR VALMOR ROMBALDI', 'FLAVIA TAYNA SERRA SILVA', 'RENIRES DOS SANTOS TEIXEIRA', 'GABRIEL LAQUETE DE BARROS', 'MARCIA VIZZOTTO', 'LEONARDO NORA', 'FERNANDA IZABEL GARCIA DA ROCHA CONCENCO']
UFPEL;UNIVERSIDADE FEDERAL DE PELOTAS;DNA SINTÉTICO RECOMBINANTE PARA EXPRESSÃO DE IGF1A EM ESPÉCIES PROBIÓTICAS;['VINICIUS FARIAS CAMPOS', 'JADE RIET GRAMINHO', 'LUIS FERNANDO FERNANDES MARINS', 'JOAO COSTA FILHO', 'BRUNA FELIX DA SILVA NORNBERG']
UNISINOS;UNIVERSIDADE DO VALE DO RIO DOS SINOS;MÉTODO PARA OBTER UM MODELO DE REDE NEURAL ARTIFICIAL (RNA) PARA ESTIMATIVA DE CARBONO ORGÂNICO TOTAL (COT) A PARTIR DE DADOS HIPERESPECTRAIS DE AMOSTRAS DE ROCHA;['MAURICIO ROBERTO VERONEZ', 'TAINA THOMASSIM GUIMARAES', 'LEANDRO TONIETTO', 'LUIZ GONZAGA DA SILVEIRA JUNIOR', 'ANDRE LUIZ DURANTE SPIGOLON', 'IVANDRO KLEIN']
UFPEL;UNIVERSIDADE FEDERAL DE PELOTAS;SISTEMA BIODEGRADÁVEL CARREADOR DE MOLÉCULAS HERBICIDAMENTE ATIVAS;['ANDRE RICARDO FAJARDO', 'MATEUS VICENTE ALVES', 'ANDRESSA BAPTISTA NORNBERG', 'EDINALVO RABAIOLI CAMARGO']
UFRGS;UNIVERSIDADE FEDERAL DO RIO GRANDE DO SUL;USO DE AGENTES MODULADORES (GRP) PARA PREPARAÇÃO DE MEDICAMENTOS ANTITUMORAIS, COMPOSIÇÃO COMPREENDENDO AGENTES MODULADORES ANTITUMORAIS, MÉTODO DE MODULAÇÃO DE TUMORES UTILIZANDO AGENTES MODULADORES (PATENTE BR 10 2012 012574 9);['CAROLINE BRUNETTO DE FARIAS', 'ANA LUCIA ABUJAMRA', 'GILBERTO SCHWARTSMANN', 'RAFAEL ROESLER', 'DANIELA BAUMANN CORNELIO']
URI;UNIVERSIDADE REGIONAL INTEGRADA DO ALTO URUGUAI E DAS MISSÕES;GRAFENOSILICATO SINTETIZADO PELO MEIO SOL-GEL UTILIZANDO CINZAS DAS CASCAS DE ARROZ COMO FONTE DE SÍLICA;['ROGERIO MARCOS DAL LAGO', 'MARCELO LUIS MIGNONI']
UFPEL;UNIVERSIDADE FEDERAL DE PELOTAS;UTILIZAÇÃO DA 7-CLORO-4-(FENILSELANIL) QUINOLINA COMO AGENTE ANTITUMORAL PARA CÂNCER DE MAMA, LEUCEMIA, SARCOMA E DE BEXIGA;['DIEGO DA SILVA ALVES', 'KETLYN PEREIRA DA MOTTA', 'ALLYA LARROZA MUHAMMAD EID', 'JAINI JANKE PALTIAN', 'ANGELICA SCHIAVOM DOS REIS', 'BRUNA SILVEIRA PACHECO', 'ETHEL ANTUNES WILHELM', 'TIAGO VEIRAS COLLARES', 'FABIANA KOMMLING SEIXAS']
