Sigla da IES;Instituição;Projeto;Responsável
UFRGS;UNIVERSIDADE FEDERAL DO RIO GRANDE DO SUL;Produção e inovação em leite e derivados, ovos e mel;MARCIA MONKS JANTZEN
UFRGS;UNIVERSIDADE FEDERAL DO RIO GRANDE DO SUL;Avaliação e controle em carne, pescado e derivados;CESAR AUGUSTO MARCHIONATTI AVANCINI
UFRGS;UNIVERSIDADE FEDERAL DO RIO GRANDE DO SUL;Inspeção de leite e derivados, ovos e mel;GUIOMAR PEDRO BERGMANN
UFRGS;UNIVERSIDADE FEDERAL DO RIO GRANDE DO SUL;Inspeção de carne, pescado e derivados;SUSANA CARDOSO
UFRGS;UNIVERSIDADE FEDERAL DO RIO GRANDE DO SUL;FOMENTO À FORMAÇÃO DE RECURSOS HUMANOS EM GEOCIÊNCIAS POR MEIO DA CRIAÇÃO DO PRH-PB 15;JAIR WESCHENFELDER
UFRGS;UNIVERSIDADE FEDERAL DO RIO GRANDE DO SUL;REDE DE COOPERAÇÃO TECNÓLOGICA EM HIV/AIDS;RICARDO DE SOUZA KUCHENBECKER
UFRGS;UNIVERSIDADE FEDERAL DO RIO GRANDE DO SUL;DESENVOLVIMENTO DE UM SOFTWARE PARA PROCESSAMENTO E ANÁLISE DE SINAIS BIOLÓGICOS UTILIZADOS EM BIOMECÂNICA;JEFFERSON FAGUNDES LOSS
PUCRS;PONTIFÍCIA UNIVERSIDADE CATÓLICA DO RIO GRANDE DO SUL;MELHORIA DE PROCESSO DE SOFTWARE DE FORMA ITERATIVA E INCREMENTAL;RAFAEL PRIKLADNICKI
UFRGS;UNIVERSIDADE FEDERAL DO RIO GRANDE DO SUL;Intrumentação aplicada à indústria agropecuária;ALEXANDRE BALBINOT
UFPEL;UNIVERSIDADE FEDERAL DE PELOTAS;Produção de Videoaulas de Matemática com tradução em Libras;TATIANA BOLIVAR LEBEDEFF
UFRGS;UNIVERSIDADE FEDERAL DO RIO GRANDE DO SUL;Projeto  ANEEL-CGTEE-FLE - Uso de Fly-Ash em tintas;LUIS FREDERICO PINHEIRO DICK
PUCRS;PONTIFÍCIA UNIVERSIDADE CATÓLICA DO RIO GRANDE DO SUL;Nanoestruturas Híbridas com Flavonoides e sua Avaliação na Atividade Anticancerígena;ROSANE ANGELICA LIGABUE
UFRGS;UNIVERSIDADE FEDERAL DO RIO GRANDE DO SUL;Produção e inovação em carne, pescado e derivados;SAIONARA ARAUJO WAGNER
UFPEL;UNIVERSIDADE FEDERAL DE PELOTAS;Produção de glitter biodegradável a base de poli3hidroxibutirato;PATRICIA DIAZ DE OLIVEIRA
UNILASALLE;UNIVERSIDADE LA SALLE;DESENVOLVIMENTO DE UMA FERRAMENTA ONLINE PARA AVALIAÇÃO E ORIENTAÇÃO SOBRE O RISCO DE QUEDAS;LIDIANE ISABEL FILIPPIN
UNILASALLE;UNIVERSIDADE LA SALLE;POTENCIAL EFEITO SINÉRGICO DA ASSOCIAÇÃO DO EXERCÍCIO FÍSICO E ANTAGONISTA OPIOIDE EM PACIENTES COM DOR CRÔNICA MUSCULOESQUELÉTICA GENERALIZADA;LICIANE FERNANDES MEDEIROS
UFRGS;UNIVERSIDADE FEDERAL DO RIO GRANDE DO SUL;INFRA-ESTRUTURA DO LABORATÓRIO DE MICROSSONDA ELETRÔNICA DO INSTITUTO DE GEOCIÊNCIAS DA UFRGS - GEOMISE - CT-INFRA 2009;LEO AFRANEO HARTMANN
UFRGS;UNIVERSIDADE FEDERAL DO RIO GRANDE DO SUL;DESENVOLVIMENTO, CARACTERIZAÇÃO E AVALIAÇÃO DA VIABILIDADE DE USO DE MATERIAIS COMPÓSITOS AVANÇADOS EM ENGENHARIA;LUIZ CARLOS PINTO DA SILVA FILHO
UFRGS;UNIVERSIDADE FEDERAL DO RIO GRANDE DO SUL;DESENVOLVIMENTO DE MODELOS E PROTÓTIPOS PARA APOIO À PESQUISA DE MATERIAIS DE FRICÇÃO UTILIZADOS EM FREIOS AUTOMOTIVOS;NEY FRANCISCO FERREIRA
UFRGS;UNIVERSIDADE FEDERAL DO RIO GRANDE DO SUL;GESTÃO DE INOVAÇÃO E TECNOLOGIA;MARCIA ELISA SOARES ECHEVESTE
UFRGS;UNIVERSIDADE FEDERAL DO RIO GRANDE DO SUL;NÚCLEO DE ESTUDOS EM DESENVOLVIMENTO RURAL SUSTENTÁVEL E MATA ATLÂNTICA (DESMA);GABRIELA PEIXOTO COELHO DE SOUZA
UFRGS;UNIVERSIDADE FEDERAL DO RIO GRANDE DO SUL;NÚCLEO DE ESTUDOS E PESQUISAS EM SEGURANÇA ALIMENTAR E NUTRICIONAL (NESAN);GABRIELA PEIXOTO COELHO DE SOUZA
UFRGS;UNIVERSIDADE FEDERAL DO RIO GRANDE DO SUL;FORTALECIMENTO DA REDE ORIENTADA AO DESENVOLVIMENTO DA AGROECOLOGIA;FABIO KESSLER DAL SOGLIO
UFRGS;UNIVERSIDADE FEDERAL DO RIO GRANDE DO SUL;GRUPO DE PESQUISA EM TECNOLOGIA, MEIO AMBIENTE E SOCIEDADE (TEMAS);JALCIONE PEREIRA DE ALMEIDA
UFRGS;UNIVERSIDADE FEDERAL DO RIO GRANDE DO SUL;Grupo de Estudos e Pesquisas em Agricultura, Alimentação e Desenvolvimento (GEPAD);SERGIO SCHNEIDER
UFRGS;UNIVERSIDADE FEDERAL DO RIO GRANDE DO SUL;GRUPO DE PESQUISA INTERDISCIPLINAR EM MEIO AMBIENTE E DESENVOLVIMENTO (GRIMAD);ROBERTO VERDUM
UFRGS;UNIVERSIDADE FEDERAL DO RIO GRANDE DO SUL;PAGUS - LABORATÓRIO DA PAISAGEM;ROBERTO VERDUM
UFRGS;UNIVERSIDADE FEDERAL DO RIO GRANDE DO SUL;GRUPO DE ESTUDOS E PESQUISAS EM ALIMENTAÇÃO, CONSUMO E CULTURA (GEPAC);RENATA MENASCHE
UFRGS;UNIVERSIDADE FEDERAL DO RIO GRANDE DO SUL;TECNOLOGIA CMOS;HENRI IVANOV BOUDINOV
UFRGS;UNIVERSIDADE FEDERAL DO RIO GRANDE DO SUL;LABORATÓRIO DE ÁUDIO EM COMPUTAÇÃO;MARCELO DE OLIVEIRA JOHANN
UFRGS;UNIVERSIDADE FEDERAL DO RIO GRANDE DO SUL;GESTÃO CONHECIMENTO, INOVAÇÃO E TECNOLOGIA;CARLA SCHWENGBER TEN CATEN
UFRGS;UNIVERSIDADE FEDERAL DO RIO GRANDE DO SUL;SUSTENTABILIDADE DE PRODUTOS E PROCESSOS;ISTEFANI CARISIO DE PAULA
UFRGS;UNIVERSIDADE FEDERAL DO RIO GRANDE DO SUL;Análise e Diagnóstico Visando a Definição do Modelo de Suprimento de Energia das Lojas Renner Empregando Fontes Limpas e Renováveis de Energia;ADRIANE PRISCO PETRY
PUCRS;PONTIFÍCIA UNIVERSIDADE CATÓLICA DO RIO GRANDE DO SUL;DESENVOLVIMENTO DE BASE DE DADOS REFERENTE À PROPRIEDADE INTELECTUAL E TECNOLOGIA DE INFORMAÇÃO PARA FORTALECIMENTO DO NÚCLEO DE PROPRIEDADE INTELECTUAL;JORGE LUIS NICOLAS AUDY
PUCRS;PONTIFÍCIA UNIVERSIDADE CATÓLICA DO RIO GRANDE DO SUL;DESENVOLVIMENTO DE PROCESSOS INDUSTRIAIS PARA FABRICAÇÃO DE CÉLULAS SOLARES COM PASTA DE ALUMÍNIO;IZETE ZANESCO
UCS;UNIVERSIDADE DE CAXIAS DO SUL;Desenvolvimento de elastômeros de alta performance para a indústria automotiva;JANAINA DA SILVA CRESPO
UNISC;UNIVERSIDADE DE SANTA CRUZ DO SUL;Laboratório Interativo de Criatividade: desenvolvendo ambientes para a inovação;LIANE MAHLMANN KIPPER
UCS;UNIVERSIDADE DE CAXIAS DO SUL;Computação Cognitiva aplicada à Alfabetização Financeira;CARINE GELTRUDES WEBBER
UFRGS;UNIVERSIDADE FEDERAL DO RIO GRANDE DO SUL;Captura e Separação de CO2 e H2S;JAIRTON DUPONT
UFSM;UNIVERSIDADE FEDERAL DE SANTA MARIA;Emprego de energia micro-ondas e energia ultrassom para intensificação do processo de conversão de biomassa e valorização de resíduos;CEZAR AUGUSTO BIZZI
FEEVALE;UNIVERSIDADE FEEVALE;DESENVOLVIMENTO DE FIXAÇÕES FERROVIÁRIAS EM POLÍMERO;VANUSCA DALOSTO JAHNO
UNISINOS;UNIVERSIDADE DO VALE DO RIO DOS SINOS;ITT CHIP - Instituto Tecnológico de semicondutores- Unisinos;ALSONES BALESTRIN
UFPEL;UNIVERSIDADE FEDERAL DE PELOTAS;Políticas Públicas, Legislação e Instituições de gestão do patrimônio Cultural no Brasil;RENATA OVENHAUSEN ALBERNAZ
UFRGS;UNIVERSIDADE FEDERAL DO RIO GRANDE DO SUL;Análise de Materiais e Processos de Soldagem;JOSE ANTONIO ESMERIO MAZZAFERRO
UERGS;UNIVERSIDADE ESTADUAL DO RIO GRANDE DO SUL;Desenvolvimento e e controle de qualidade de produtos a base de carne ovina;FERNANDA LEAL LEAES
UFSM;UNIVERSIDADE FEDERAL DE SANTA MARIA;Tecnologias Educacionais em Rede (TER) e Recursos Educacionais Abertos (REA) na Formação de Professores: acervo de materiais digitais do ADE;ELENA MARIA MALLMANN
UFRGS;UNIVERSIDADE FEDERAL DO RIO GRANDE DO SUL;TERRA, TERRITÓRIO, DIREITO À MORADIA E EDUCAÇÃO GEOGRÁFICA NO QUILOMBO DOS ALPES;CLAUDIA LUISA ZEFERINO PIRES
UFRGS;UNIVERSIDADE FEDERAL DO RIO GRANDE DO SUL;Rejeitos de Mineração de Ferro: Comportamento de Pilhas sob Altas Tensões;NILO CESAR CONSOLI
UFRGS;UNIVERSIDADE FEDERAL DO RIO GRANDE DO SUL;ATENUAÇÃO DE CARGAS PELA INTERAÇÃO SOLO-ESTRUTURA EM LINHAS DE ANCORAGEM;NILO CESAR CONSOLI
ATITUS EDUCAÇÃO;FACULDADE ATITUS EDUCAÇÃO PASSO FUNDO;Codesign entre projetistas do século XXI e pessoas com deficiência visual: processos e produtos;ANDREA QUADRADO MUSSI
ATITUS EDUCAÇÃO;FACULDADE ATITUS EDUCAÇÃO PASSO FUNDO;Tecnologia, Inovação e Sustentabilidade;THAISA LEAL DA SILVA
FACS-GHC;FACULDADE DE CIÊNCIAS DA SAÚDE DO GRUPO HOSPITALAR CONCEIÇÃO;AVALIAÇÃO E CUIDADOS DE NUTRIÇÃO;ROSA MARIA LEVANDOVSKI
UFRGS;UNIVERSIDADE FEDERAL DO RIO GRANDE DO SUL;Uso de Veículos Aéreos Não Tripulados no monitoramento ambiental;ANDREAS KINDEL
UFN;UNIVERSIDADE FRANCISCANA;Tecnologias de Informação e Vigilância em Saúde Materno Infantil;PATRICIA PASQUALI DOTTO
UCS;UNIVERSIDADE DE CAXIAS DO SUL;PVCANTIMICRO;ROSMARY NICHELE BRANDALISE
FEEVALE;UNIVERSIDADE FEEVALE;VIGILÂNCIA EPIDEMIOLÓGICA MOLECULAR DE VARIANTES DO SARS-COV-2 EM PONTOS DA FRONTEIRA BRASIL-ARGENTINA;FERNANDO ROSADO SPILKI
HCPA;HOSPITAL DE CLÍNICAS DE PORTO ALEGRE;Desenvolvimento de Instrumento para Autoliberação da Musculatura Suboccipital e Proposta de Ensaio Clínico para Avaliação de Eficácia;FERNANDA DOS SANTOS DE OLIVEIRA
UFSM;UNIVERSIDADE FEDERAL DE SANTA MARIA;N2N - framework para criação automática de redes sociais orientadas à saúde e bem-estar;JOAO CARLOS DAMASCENO LIMA
ATITUS EDUCAÇÃO;FACULDADE ATITUS EDUCAÇÃO PASSO FUNDO;Utilização de diferentes tipos de resíduos na composição de materiais sustentáveis;RICHARD THOMAS LERMEN
FURG;UNIVERSIDADE FEDERAL DO RIO GRANDE;TORAS SERRA MORENA;EDUARDO NUNES BORGES
FURG;UNIVERSIDADE FEDERAL DO RIO GRANDE;Estudo e desenvolvimento de motor de busca baseado em aprendizado de máquina;EDUARDO NUNES BORGES
FURG;UNIVERSIDADE FEDERAL DO RIO GRANDE;3D XL - Impressão 3D para Indústria Automotiva;BRUNO LOPES DALMAZO
UNILASALLE;UNIVERSIDADE LA SALLE;Inovação em Instituições de Ensino Superior por meio do desenvolvimento e uso de ferramentas de gestão;PAULO FOSSATTI
UFN;UNIVERSIDADE FRANCISCANA;Empreendedorismo, Liderança e Tecnologias gerenciais e sociais em Enfermagem e Saúde Materno-Infantil;DIRCE STEIN BACKES
UCS;UNIVERSIDADE DE CAXIAS DO SUL;PPGRAPHE - FORD MAI DAI CNPq- Estudo de metodologias para o desenvolvimento de compósitos nanoestruturados de polipropileno contendo grafeno e/ou seus derivados;DIEGO PIAZZA
UCS;UNIVERSIDADE DE CAXIAS DO SUL;IMOGRAFENO;JADNA CATAFESTA
UNILASALLE;UNIVERSIDADE LA SALLE;A implantação da Base Nacional Comum Curricular como uma política pública articulada ao ideário do direito a educação de qualidade: perspectivas e desafios para a sua efetivação na Rede Municipal de Ensino de Nova Santa Rita;DIRLEIA FANFA SARMENTO
UPF;UNIVERSIDADE DE PASSO FUNDO;Sistema e-Lifestyle: uma solução e-Health para monitoramento das condições de saúde de pacientes hipertensos;ANA CAROLINA BERTOLETTI DE MARCHI
PUCRS;PONTIFÍCIA UNIVERSIDADE CATÓLICA DO RIO GRANDE DO SUL;Educação para a carreira em escolas públicas e privadas de Porto Alegre;MANOELA ZIEBELL DE OLIVEIRA
UNIPAMPA;UNIVERSIDADE FEDERAL DO PAMPA;Brio-tecnologia antártica como alternativa para produção de medicamentos.;FILIPE DE CARVALHO VICTORIA
UNIPAMPA;UNIVERSIDADE FEDERAL DO PAMPA;Desenvolvimento de processos de micropropagação clonal de plantas integrando cultura de tecidos, nanotecnologia e microbiologia;VALDIR MARCOS STEFENON
UERGS;UNIVERSIDADE ESTADUAL DO RIO GRANDE DO SUL;Qualidade e inovação com erva-mate;MARC FRANCOIS RICHTER
FEEVALE;UNIVERSIDADE FEEVALE;COMPORTAMENTO NO CONSUMO DE PRODUTOS QUE UTILIZAM ANIMAIS EM TESTES;MARCELO CURTH DE OLIVEIRA
FEEVALE;UNIVERSIDADE FEEVALE;ESTUDO E DESENVOLVIMENTO DE METODOLOGIA PARA RECUPERAÇÃO E ANÁLISE DAS TÉCNICAS PARA IDENTIFICAÇÃO E CARACTERIZAÇÃO DE MICROPLÁSTICOS EM SOLOS;VANUSCA DALOSTO JAHNO
FEEVALE;UNIVERSIDADE FEEVALE;FASE II - CORONA-ÔMICA BR MCTI REDE NACIONAL DE GENOMAS, EXOMA E TRANSCRIPTOMA DE COVID-19;FERNANDO ROSADO SPILKI
FEEVALE;UNIVERSIDADE FEEVALE;TRATAMENTO SUPERFICIAL DE MENOR IMPACTO AMBIENTAL COMO ALTERNATIVA AO PROCESSO INDUSTRIAL APLICADO EM IMPLANTES DE TITÂNIO;CLAUDIA TRINDADE OLIVEIRA
UFRGS;UNIVERSIDADE FEDERAL DO RIO GRANDE DO SUL;FUNDAMENTAL MOTOR SKILLS ANIMATION (FMSA-App) AND GROSS MOTOR SKILLS ANIMATION (GMS-App);NADIA CRISTINA VALENTINI
FURG;UNIVERSIDADE FEDERAL DO RIO GRANDE;LeME Transforma;MAUREN PORCIUNCULA MOREIRA DA SILVA
UFRGS;UNIVERSIDADE FEDERAL DO RIO GRANDE DO SUL;Desenvolvimento de Supercapacitor;MARCOS JOSE LEITE SANTOS
UFRGS;UNIVERSIDADE FEDERAL DO RIO GRANDE DO SUL;Reprodução in vitro e congelamento de gametas como ferramentas tecnológicas para conservação do coral-cérebro Mussismilia harttii (Verrill, 1868) e recuperação de recifes degradados;YUGO MORAES PASTRANA
UFRGS;UNIVERSIDADE FEDERAL DO RIO GRANDE DO SUL;UVCOVID-19: Desenvolvimento e estabelecimento de parâmetros de desinfecção para reutilização de EPIs durante a pandemia de COVID19;LILIANA AMARAL FERIS
UFRGS;UNIVERSIDADE FEDERAL DO RIO GRANDE DO SUL;Desenvolvimento de novas tecnologias e modelos de negócios aplicáveis à construção com base em conhecimento intensivo;CARLA SCHWENGBER TEN CATEN
PUCRS;PONTIFÍCIA UNIVERSIDADE CATÓLICA DO RIO GRANDE DO SUL;"SMART - Desenvolvimento inteligente de inibidores de corrosão de aço pelo CO2 a partir de ensaios experimentais e métodos de ""Materials Informatics";FELIPE DALLA VECCHIA
UFPEL;UNIVERSIDADE FEDERAL DE PELOTAS;REACLOUD: Solução para armazenamento e recuperação de REAs adaptados a BNCC para suporte ao Ensino Básico;TIAGO THOMPSEN PRIMO
UFPEL;UNIVERSIDADE FEDERAL DE PELOTAS;Estímulo da Cooperação Empresarial para Implantação de Projetos de Inovação Aberta no Ecossistema de Inovação da Região Sul do RS;FELIPE DE SOUZA MARQUES
UCS;UNIVERSIDADE DE CAXIAS DO SUL;Desenvolvimento de um compósito a base de grafeno para uso em escovas para motores elétricos de corrente contínua - IMOgrafeno;JADNA CATAFESTA
PUCRS;PONTIFÍCIA UNIVERSIDADE CATÓLICA DO RIO GRANDE DO SUL;Planejamento e desenvolvimento de biofármacos e biossimilares;LUIZ AUGUSTO BASSO
UFSM;UNIVERSIDADE FEDERAL DE SANTA MARIA;P&D/EMBRAPII - DESENVOLVIMENTO DE ESPECTRO LUMINOSO DEDICADO E DE SISTEMA DE ILUMINAÇÃO ‘GROW LIGHT’ PARA CULTIVO DE PLANTAS EM AMBIENTE FECHADO;MARCO ANTONIO DALLA COSTA
PUCRS;PONTIFÍCIA UNIVERSIDADE CATÓLICA DO RIO GRANDE DO SUL;Determinação da razão isotópica de carbono e hidrogênio de hidrocarbonetos de C1 a C5, presentes em baixas concentrações;FELIPE DALLA VECCHIA
UFRGS;UNIVERSIDADE FEDERAL DO RIO GRANDE DO SUL;Caracterização Constitutiva de Compostos Elastoméricos para Uso em Acoplamentos Flexíveis;ROGERIO JOSE MARCZAK
UFRGS;UNIVERSIDADE FEDERAL DO RIO GRANDE DO SUL;Manufatura avançada utilizando materiais compósitos, polímeros nanocarregados e biopolímeros para vasos de pressão;SANDRO CAMPOS AMICO
UFRGS;UNIVERSIDADE FEDERAL DO RIO GRANDE DO SUL;Utilização de métodos de otimização estrutural para o aumento da vida útil em fadiga de peças/componentes voltados ao transporte rodoviário de cargas;IGNACIO ITURRIOZ
UFRGS;UNIVERSIDADE FEDERAL DO RIO GRANDE DO SUL;Desenvolvimento de motor de alta eficiência movido a biogás e hidrogênio para geração de energia;MARIO EDUARDO SANTOS MARTINS
UFRGS;UNIVERSIDADE FEDERAL DO RIO GRANDE DO SUL;Desenvolvimento de Motor a Biogás de Alta Eficiência Para Veículos de Transporte de Carga;MARIO EDUARDO SANTOS MARTINS
UFRGS;UNIVERSIDADE FEDERAL DO RIO GRANDE DO SUL;Motor à etanol de elevada densidade de potência para aeronaves de pequeno porte e/ou VANT;MARIO EDUARDO SANTOS MARTINS
UFRGS;UNIVERSIDADE FEDERAL DO RIO GRANDE DO SUL;Soluções de propulsão a hidrogênio para motores de combustão interna de máquinas agrícolas;MARIO EDUARDO SANTOS MARTINS
UFRGS;UNIVERSIDADE FEDERAL DO RIO GRANDE DO SUL;Injeção de ultra-alta pressão para motores flex-fuel: desafios tecnológicos para uso de etanol;MARIO EDUARDO SANTOS MARTINS
IFRS;INSTITUTO FEDERAL DE EDUCAÇÃO, CIÊNCIA E TECNOLOGIA DO RIO GRANDE DO SUL;TechTrap: Sistema 4.0 automatizado de monitoramento remoto para auxílio no controle da mosca-das-frutas;SHANA SABBADO FLORES
UFRGS;UNIVERSIDADE FEDERAL DO RIO GRANDE DO SUL;PROPOSTA DE UM EQUIPAMENTO PARA MEDIR O TORQUE GERADO NA INTERAÇÃO DE DIFERENTES SOLADOS DE CALÇADOS COM A SUPERFÍCIE DE CONTATO;JEFFERSON FAGUNDES LOSS
UFRGS;UNIVERSIDADE FEDERAL DO RIO GRANDE DO SUL;AVALIAÇÃO DAS PROPRIEDADES PSICOMÉTRICAS DA ATUALIZAÇÃO DOS QUESTIONÁRIOS BACKPEI-CA E BACKPEI-A;CLAUDIA TARRAGO CANDOTTI
PUCRS;PONTIFÍCIA UNIVERSIDADE CATÓLICA DO RIO GRANDE DO SUL;Desenvolvimento de Células Solares Bifaciais PERT Base n com Redução de Etapas Térmicas;IZETE ZANESCO
UCS;UNIVERSIDADE DE CAXIAS DO SUL;Observatório de Turismo da Serra Gaúcha;SUZANA MARIA DE CONTO
UFRGS;UNIVERSIDADE FEDERAL DO RIO GRANDE DO SUL;Avaliação e controle em leite e derivados, ovos e mel;LIRIS KINDLEIN
ATITUS EDUCAÇÃO;FACULDADE ATITUS EDUCAÇÃO PASSO FUNDO;Codesign no ambiente escolar: fabricação digital, processos e produtos numa educação empreendedora;ANDREA QUADRADO MUSSI
ATITUS EDUCAÇÃO;FACULDADE ATITUS EDUCAÇÃO PASSO FUNDO;Codesign no ambiente escolar numa aprendizagem criativa utilizando fabricação digital e prototipagem rápida: processos e produtos;ANDREA QUADRADO MUSSI
ATITUS EDUCAÇÃO;FACULDADE ATITUS EDUCAÇÃO PASSO FUNDO;Criação de um Geoportal com tecnologias de software livres para o Estado do Rio Grande do Sul;ALCINDO NECKEL
UNISC;UNIVERSIDADE DE SANTA CRUZ DO SUL;INOVA + VALES: DESENVOLVENDO O ECOSSISTEMA REGIONAL DE INOVAÇÃO;ANDREIA ROSANE DE MOURA VALIM
FURG;UNIVERSIDADE FEDERAL DO RIO GRANDE;Instrumentação Científica;FABRICIO FERRARI
PUCRS;PONTIFÍCIA UNIVERSIDADE CATÓLICA DO RIO GRANDE DO SUL;Materiais híbridos magnético-fluorescentes: síntese e aplicação de reveladores de impressão digitiais;RICARDO MEURER PAPALEO
UNISINOS;UNIVERSIDADE DO VALE DO RIO DOS SINOS;CNPq No 23/2018 (DAI) - Projeto Doutorado Acadêmico para Inovação (DA)I - Unisinos;ALSONES BALESTRIN
UNISINOS;UNIVERSIDADE DO VALE DO RIO DOS SINOS;CNPq No 23/2018 (DAI) - Projeto Doutorado Acadêmico para Inovação (DA)I - Unisinos;ALSONES BALESTRIN
UNIPAMPA;UNIVERSIDADE FEDERAL DO PAMPA;Desenvolvimento e Construção de um Drone Aquático para o Monitoramento dos Parâmetros Físico-Químicos de Corpos Hídricos;THIAGO HENRIQUE LUGOKENSKI
UFSM;UNIVERSIDADE FEDERAL DE SANTA MARIA;DIMENSIONAMENTO AMOSTRAL E MELHORAMENTO DE PLANTAS DE COBERTURA DO SOLO;MARCOS TOEBE
UCS;UNIVERSIDADE DE CAXIAS DO SUL;REMODELAGEM_SIAMBIENTAL;JULIANO RODRIGUES GIMENEZ
UCS;UNIVERSIDADE DE CAXIAS DO SUL;PLANOS FLORES DA CUNHA;JULIANO RODRIGUES GIMENEZ
UCS;UNIVERSIDADE DE CAXIAS DO SUL;ESAAPP;JULIANO RODRIGUES GIMENEZ
UCS;UNIVERSIDADE DE CAXIAS DO SUL;EMPMSB;JULIANO RODRIGUES GIMENEZ
UNIPAMPA;UNIVERSIDADE FEDERAL DO PAMPA;Desenvolvimento de embalagens antimicrobianas para alimentos;CAROLINE COSTA MORAES
PUCRS;PONTIFÍCIA UNIVERSIDADE CATÓLICA DO RIO GRANDE DO SUL;Captura biológica de CO2 por microalgas marinhas para produção de biomassa e avaliação do seu potencial biotecnológico;RODRIGO SEBASTIAN IGLESIAS
UFPEL;UNIVERSIDADE FEDERAL DE PELOTAS;GT-Lanse Fase 1.0;TIAGO THOMPSEN PRIMO
UFPEL;UNIVERSIDADE FEDERAL DE PELOTAS;GT-Lanse Fase 2.0;TIAGO THOMPSEN PRIMO
UFRGS;UNIVERSIDADE FEDERAL DO RIO GRANDE DO SUL;APRIMORAMENTO DO MODELO DE PRECIFICAÇÃO PARA COMPRAS RGS;MARCIA HELENA BARBIAN
UNIPAMPA;UNIVERSIDADE FEDERAL DO PAMPA;CONCEPÇÃO E PROJETO DE FERRAMENTAS DE GESTÃO PARA O SETOR AGROPECUÁRIO;VINICIUS DO NASCIMENTO LAMPERT
UCS;UNIVERSIDADE DE CAXIAS DO SUL;Conforto_CR;CARLOS ALBERTO COSTA
UNIPAMPA;UNIVERSIDADE FEDERAL DO PAMPA;DESENVOLVIMENTO DE FITA DE INDICADOR ALIZAROL PARA DETECÇÃO DE ACIDEZ DO LEITE IN NATURA;ELTON LUIS GASPAROTTO DENARDIN
UFPEL;UNIVERSIDADE FEDERAL DE PELOTAS;Biotecnologia  e nanotecnologia aplicadas a alimentos de origem vegetal;CESAR VALMOR ROMBALDI
UNISC;UNIVERSIDADE DE SANTA CRUZ DO SUL;Desenvolvimento e implantação de novas tecnologias para análise foliar e de solos;ADILSON BEN DA COSTA
UFSM;UNIVERSIDADE FEDERAL DE SANTA MARIA;Rota2030-FUNDEP-Desenvolvimento de Motor a Biogás de Alta Eficiência Para Veículos de Transporte de Carga;MARIO EDUARDO SANTOS MARTINS
UNIPAMPA;UNIVERSIDADE FEDERAL DO PAMPA;Estudo e desenvolvimento de nanomateriais e biomateriais com aplicação tecnológica;ELTON LUIS GASPAROTTO DENARDIN
UFPEL;UNIVERSIDADE FEDERAL DE PELOTAS;Avaliação de formulações contendo probióticos na prevenção e no tratamento adjuvante da Diabetes Mellitus em camundongos Swiss com diabetes induzida com estreptozotocina;ANGELA NUNES MOREIRA
FURG;UNIVERSIDADE FEDERAL DO RIO GRANDE;DEOXIRRIBOZIMA COMO BASE DE UMA NOVA PLATAFORMA PARA O DIAGNÓSTICO DA TUBERCULOSE: EM BUSCA DO POINT-OF-CARE;PEDRO EDUARDO ALMEIDA DA SILVA
FURG;UNIVERSIDADE FEDERAL DO RIO GRANDE;E3 - Eletrônica Embarcada em Equipamentos;CARLOS EDUARDO PEREIRA
UNIPAMPA;UNIVERSIDADE FEDERAL DO PAMPA;Centro de Agrotecnologia e Inovação do Pampa;ALESSANDRO GONCALVES GIRARDI
IFRS;INSTITUTO FEDERAL DE EDUCAÇÃO, CIÊNCIA E TECNOLOGIA DO RIO GRANDE DO SUL;Viabilidade técnica e econômica para a implantação de um vinhedo de uvas Vitis vinifera com elementos da agricultura 4.0 no município de Urupema-SC.;TIAGO HENRIQUE DE PAULA ALVARENGA
UFCSPA;UNIVERSIDADE FEDERAL DE CIÊNCIAS DA SAÚDE DE PORTO ALEGRE;NOVOS PROCEDIMENOS E TECNICAS APLICADAS A CIRURGIA PLASTICA E REPARADORA;DENIS SOUTO VALENTE
FURG;UNIVERSIDADE FEDERAL DO RIO GRANDE;e-COO - Cooperativismo de Plataforma: Inovação e Tecnologia social para o fortalecimento da agricultura familiar da Região geográfica imediata de Pelotas;SILVIA SILVA DA COSTA BOTELHO
UFRGS;UNIVERSIDADE FEDERAL DO RIO GRANDE DO SUL;inPlace Design Automation;ANDRE INACIO REIS
PUCRS;PONTIFÍCIA UNIVERSIDADE CATÓLICA DO RIO GRANDE DO SUL;Desenvolvimento de catalisadores para obtenção de tereftalato de bis-hidroxietila (BHET): molécula-base para a;ROSANE ANGELICA LIGABUE
IFRS;INSTITUTO FEDERAL DE EDUCAÇÃO, CIÊNCIA E TECNOLOGIA DO RIO GRANDE DO SUL;Metodologia para a formação de professores para a educação 4.0;CARINE BUEIRA LOUREIRO
UFRGS;UNIVERSIDADE FEDERAL DO RIO GRANDE DO SUL;Criação de instrumentais no tratamento de afecções pélvicas.;RICARDO FRANCALACCI SAVARIS
UFRGS;UNIVERSIDADE FEDERAL DO RIO GRANDE DO SUL;ULP RADIO - RECEPTOR CMOS DE ULTRA-BAIXA DISSIPACAO PARA COMUNICACAO SEM-FIO EFICIENTE EM DISPOSITIVOS DE IOT;SERGIO BAMPI
UCS;UNIVERSIDADE DE CAXIAS DO SUL;ESTRATÉGIAS PARA PRODUÇÃO DE FILME FÚNGICO EMPREGANDO MICÉLIOS DE MACROFUNGOS REGIONAIS E MATÉRIAS-PRIMAS LIGNOCELULÓSICAS;MARLI CAMASSOLA
UCS;UNIVERSIDADE DE CAXIAS DO SUL;Compósitosmulticamadas - DESENVOLVIMENTO DE COMPÓSITO MULTICAMADA DE FIBRAS DE ALTO DESEMPENHO E FILMES POLIOLEFÍNICOS COM PROPRIEDADES BALÍSTICAS;ADEMIR JOSE ZATTERA
UCS;UNIVERSIDADE DE CAXIAS DO SUL;Otimização do Problema de Roteamento de Veículos com Coletas e Entregas Simultâneas e Janelas de Tempo;LEONARDO DAGNINO CHIWIACOWSKY
UNILASALLE;UNIVERSIDADE LA SALLE;"Aspectos Organizacionais, Indicadores de Qualidade Institucional e Epidemiologia em UTI: uma abordagem baseada em ""machine learning""";THIAGO COSTA LISBOA
UCS;UNIVERSIDADE DE CAXIAS DO SUL;Simulação esforços mecânicos;DIEGO PIAZZA
FEEVALE;UNIVERSIDADE FEEVALE;Concepção de um framework do ecossistema de inovação do Cluster de Tecnologias para Saúde;CRISTINE HERMANN NODARI
FEEVALE;UNIVERSIDADE FEEVALE;Programa Institucional de Bolsas de Pós-Graduação CNPq - Universidade Feevale;FERNANDO ROSADO SPILKI
FEEVALE;UNIVERSIDADE FEEVALE;METAGENÔMICA PARA A INVESTIGAÇÃO DE VÍRUS EM ANIMAIS, SERES HUMANOS E NO AMBIENTE;FERNANDO ROSADO SPILKI
FEEVALE;UNIVERSIDADE FEEVALE;Biomonitoramento da exposição humana a substâncias per e polifluoroalquiladas empregando estratégias alternativas de amostragem;RAFAEL LINDEN
UNIPAMPA;UNIVERSIDADE FEDERAL DO PAMPA;Nanocápsulas poliméricas contendo antioxidantes naturais destinadas à fotoproteção: desenvolvimento, caracterização físico-química e avaliação de eficácia e toxicidade;LETICIA MARQUES COLOME
FEEVALE;UNIVERSIDADE FEEVALE;AVALIAÇÃO FARMACOGENÉTICA E MONITORAMENTO DO MESILATO DE IMATINIBE EMPREGANDO SANGUE SECO;MARINA VENZON ANTUNES
UNISC;UNIVERSIDADE DE SANTA CRUZ DO SUL;IdeiaWare: Ferramenta Computacional Colaborativa Fase para promover a Cocriação;REJANE FROZZA
FURG;UNIVERSIDADE FEDERAL DO RIO GRANDE;Repense EcoMachine;DINALVA AIRES DE SALES
UFRGS;UNIVERSIDADE FEDERAL DO RIO GRANDE DO SUL;PANexus: governança da sociobiodiversidade para a segurança hídrica, energética e alimentar na Mata Atlântica Sul;GABRIELA PEIXOTO COELHO DE SOUZA
UCS;UNIVERSIDADE DE CAXIAS DO SUL;POSTURAL 2;CARLOS ALBERTO COSTA
UCS;UNIVERSIDADE DE CAXIAS DO SUL;Implantação de métodos diagnósticos e terapêuticos de neoplasmas em animais domésticos;EDUARDO CONCEICAO DE OLIVEIRA
FURG;UNIVERSIDADE FEDERAL DO RIO GRANDE;AVALIAÇÃO DA TOXICIDADE DE NANOCARREADORES LIPÍDICOS DE INTERESSE BIOTECNOLÓGICO;MARIANA APPEL HORT
UFRGS;UNIVERSIDADE FEDERAL DO RIO GRANDE DO SUL;Sistema e método para o monitoramento do comportamento e atividade reprodutiva de animais em rebanho;IVAN MULLER
UCS;UNIVERSIDADE DE CAXIAS DO SUL;Desenvolvimento de materiais avançados para utilização no setor automotivo;JANAINA DA SILVA CRESPO
UCS;UNIVERSIDADE DE CAXIAS DO SUL;Desenvolvimento e Caracterização de Geopolímeros;JANAINA DA SILVA CRESPO
UCS;UNIVERSIDADE DE CAXIAS DO SUL;Rotomoldados;CARLOS ALBERTO COSTA
UFRGS;UNIVERSIDADE FEDERAL DO RIO GRANDE DO SUL;ANÁLISE NUMÉRICA E EXPERIMENTAL DE SOLUÇÕES TECNOLÓGICAS PARA A INDÚSTRIA DE PETRÓLEO E GÁS;ROGERIO JOSE MARCZAK
UNIPAMPA;UNIVERSIDADE FEDERAL DO PAMPA;Concurso Binacional de Ideias Inovadoras;ANDRESSA HENNIG SILVA
UCS;UNIVERSIDADE DE CAXIAS DO SUL;PoliDrill;RODRIGO PANOSSO ZEILMANN
UFRGS;UNIVERSIDADE FEDERAL DO RIO GRANDE DO SUL;OpenROAD: Ferramentas de CAD para microeletrônica de código aberto;RICARDO AUGUSTO DA LUZ REIS
UCS;UNIVERSIDADE DE CAXIAS DO SUL;PROTEGE - FINEP;DIEGO PIAZZA
UCS;UNIVERSIDADE DE CAXIAS DO SUL;HMDrill;RODRIGO PANOSSO ZEILMANN
UCS;UNIVERSIDADE DE CAXIAS DO SUL;DEMIBAV;CARLOS ALBERTO COSTA
UCS;UNIVERSIDADE DE CAXIAS DO SUL;HMDrill;RODRIGO PANOSSO ZEILMANN
UCS;UNIVERSIDADE DE CAXIAS DO SUL;DMAV;ALEXANDRE FASSINI MICHELS
UNISINOS;UNIVERSIDADE DO VALE DO RIO DOS SINOS;Fostering Text Verticalization, Term Linking and Term Harmonization with Semanticterminological Approaches;RAFAEL KUNST
UNISINOS;UNIVERSIDADE DO VALE DO RIO DOS SINOS;APLICAÇÃO DE INTELIGÊNCIA ARTIFICIAL PARA O AUXÍLIO NAS TAREFAS DE GESTÃO DE PEQUENOS NEGÓCIOS;RAFAEL KUNST
UFSM;UNIVERSIDADE FEDERAL DE SANTA MARIA;Qualificação do Programa de Pós-Graduação em Tecnologia Ambiental (CNPq Processo nr 400862/2019-0);VALDERI LUIZ DRESSLER
IFSUL;INSTITUTO FEDERAL DE EDUCAÇÃO, CIÊNCIA E TECNOLOGIA SUL-RIO-GRANDENSE;Alterações sensoriais, microbiológicos e físico-químicas de destilados vínicos armazenados em madeiras brasileiras: comparação entre os efeitos do uso de pellets e barricas;RICARDO LEMOS SAINZ
UCS;UNIVERSIDADE DE CAXIAS DO SUL;Impulsionando o Ecossistema de Inovação da Serra Gaúcha: O level up da incubadora ao parque tecnológico UCS.;MATHEUS PARMEGIANI JAHN
UNISINOS;UNIVERSIDADE DO VALE DO RIO DOS SINOS;Projeto Doutorado Acadêmico para Inovação (DA)I - Unisinos;ALSONES BALESTRIN
UNISINOS;UNIVERSIDADE DO VALE DO RIO DOS SINOS;PROJETO INSTITUCIONAL DE INTERNACIONALIZAÇÃO - UNISINOS;ALSONES BALESTRIN
UCS;UNIVERSIDADE DE CAXIAS DO SUL;SETOR TURÍSTICO DE GRAMADO;MICHEL BREGOLIN
UFRGS;UNIVERSIDADE FEDERAL DO RIO GRANDE DO SUL;Empreendedorismo Campus Dom Pedrito: Inovação e Desenvolvimento;ADRIANA PIRES NEVES
UCS;UNIVERSIDADE DE CAXIAS DO SUL;ATUALIZAÇÃO DO PLANO ESTRATÉGICO DE DESENVOLVIMENTO DA SERRA 2022/2030;MARIA CAROLINA ROSA GULLO
UFPEL;UNIVERSIDADE FEDERAL DE PELOTAS;Desenvolvimento de um produto para prevenção de hipocalcemia;MARCIO NUNES CORREA
UCS;UNIVERSIDADE DE CAXIAS DO SUL;PROPOSTA PARA SERVIÇOS DE TREINAMENTO E/OU CONSULTORIA PARA RETOMADA DO OT-CMD (OBSERVATÓRIO DE TURISMO DE CONCEIÇÃO DE MATO DENTRO-MG);MICHEL BREGOLIN
UFPEL;UNIVERSIDADE FEDERAL DE PELOTAS;Oncologia Celular e Molecular;TIAGO VEIRAS COLLARES
IFRS;INSTITUTO FEDERAL DE EDUCAÇÃO, CIÊNCIA E TECNOLOGIA DO RIO GRANDE DO SUL;Avaliação do Poder e Vigor fermentativo de leveduras isoladas de Uvas Vitis labrusca 'BORDÔ' em vinhedos da Região do Alto Vale do Itajaí, Santa Catarina;MARCOS ROBERTO DOBLER STROSCHEIN
UCS;UNIVERSIDADE DE CAXIAS DO SUL;Filtros Antivirais;CESAR AGUZZOLI
UNISC;UNIVERSIDADE DE SANTA CRUZ DO SUL;COCRIAÇÃO, A ESTRATÉGIA PARA O DESENVOLVIMENTO SUSTENTÁVEL E INOVAÇÃO TECNOLÓGICA NA REGIÃO DOS VALES;ANDRE LUIZ EMMEL SILVA
UFPEL;UNIVERSIDADE FEDERAL DE PELOTAS;Construção de uma vacina vetorizada utilizando M. bovis BCG recombinante contra linfadenite caseosa;SIBELE BORSUK
UFPEL;UNIVERSIDADE FEDERAL DE PELOTAS;Nano-embryology: a fronteira do desenvolvimento tecnológico e a indução de inovações na produção comercial in vitro de embriões;TIAGO VEIRAS COLLARES
UFRGS;UNIVERSIDADE FEDERAL DO RIO GRANDE DO SUL;ESTUDO LONGITUDINAL EM IDOSOS ATIVOS: parâmetros cinemáticos da marcha, aptidão física e qualidade de vida;ANDREA KRUGER GONCALVES
UFPEL;UNIVERSIDADE FEDERAL DE PELOTAS;Seleção genômica em tilápia: validação de marcadores epigenéticos microRNAs para tolerância ao frio;VINICIUS FARIAS CAMPOS
UFSM;UNIVERSIDADE FEDERAL DE SANTA MARIA;POSCOM JUNTES EM CASA;SANDRA RUBIA DA SILVA
UCS;UNIVERSIDADE DE CAXIAS DO SUL;Horticerto;GABRIEL FERNANDES PAULETTI
UCS;UNIVERSIDADE DE CAXIAS DO SUL;Pirólise Bionow;MARCELO GODINHO
UCS;UNIVERSIDADE DE CAXIAS DO SUL;High Efficiency Graphene Saw;DIEGO PIAZZA
UCS;UNIVERSIDADE DE CAXIAS DO SUL;APPs Arroio do Sal;JULIANO RODRIGUES GIMENEZ
UCS;UNIVERSIDADE DE CAXIAS DO SUL;CISGA - PMMA;JULIANO RODRIGUES GIMENEZ
UCS;UNIVERSIDADE DE CAXIAS DO SUL;FungiTech-FINEP;MARLI CAMASSOLA
UCS;UNIVERSIDADE DE CAXIAS DO SUL;Planos Farroupilha;JULIANO RODRIGUES GIMENEZ
UCS;UNIVERSIDADE DE CAXIAS DO SUL;Obsturismo - SETUR;MICHEL BREGOLIN
UCS;UNIVERSIDADE DE CAXIAS DO SUL;APPs Garibaldi;JULIANO RODRIGUES GIMENEZ
UCS;UNIVERSIDADE DE CAXIAS DO SUL;PMSB Gentil;JULIANO RODRIGUES GIMENEZ
UCS;UNIVERSIDADE DE CAXIAS DO SUL;ESAPP São Pedro da Serra;JULIANO RODRIGUES GIMENEZ
UCS;UNIVERSIDADE DE CAXIAS DO SUL;Level UP - Finep;MAURICIO SCHAFER
UCS;UNIVERSIDADE DE CAXIAS DO SUL;Cidades limpas;MARCELO GODINHO
UCS;UNIVERSIDADE DE CAXIAS DO SUL;“ATCNST - Equipamento Automatizado para Cinesioterapia passiva de baixo custo”;LEANDRO VICOSA BONETTI
FURG;UNIVERSIDADE FEDERAL DO RIO GRANDE;RAE CWR;VINICIUS MENEZES DE OLIVEIRA
FURG;UNIVERSIDADE FEDERAL DO RIO GRANDE;ATECH;LUCIANO MACIEL RIBEIRO
FURG;UNIVERSIDADE FEDERAL DO RIO GRANDE;MEXTEC;OBERDAN CARRASCO NOGUEIRA
FURG;UNIVERSIDADE FEDERAL DO RIO GRANDE;MINDFOCUS;ANDRE PRISCO VARGAS
FURG;UNIVERSIDADE FEDERAL DO RIO GRANDE;LUCIA;BRUNO LOPES DALMAZO
FURG;UNIVERSIDADE FEDERAL DO RIO GRANDE;MÃO EXTRA;RODRIGO ZELIR AZZOLIN
FURG;UNIVERSIDADE FEDERAL DO RIO GRANDE;ROBÔ JARDINEIRO;RODRIGO DA SILVA GUERRA
FURG;UNIVERSIDADE FEDERAL DO RIO GRANDE;PLENA;LUCIANO MACIEL RIBEIRO
FURG;UNIVERSIDADE FEDERAL DO RIO GRANDE;SMARCT ALIANÇA;OBERDAN CARRASCO NOGUEIRA
FURG;UNIVERSIDADE FEDERAL DO RIO GRANDE;iChat UBOTS;VINICIUS MENEZES DE OLIVEIRA
FURG;UNIVERSIDADE FEDERAL DO RIO GRANDE;REPENSE;DINALVA AIRES DE SALES
FURG;UNIVERSIDADE FEDERAL DO RIO GRANDE;AGRIFENCE;VAGNER SANTOS DA ROSA
FURG;UNIVERSIDADE FEDERAL DO RIO GRANDE;WATER MAISURE;EDUARDO NUNES BORGES
FURG;UNIVERSIDADE FEDERAL DO RIO GRANDE;EPI DETECT;VINICIUS MENEZES DE OLIVEIRA
FURG;UNIVERSIDADE FEDERAL DO RIO GRANDE;DPDK;PEDRO DE BOTELHO MARCOS
PUCRS;PONTIFÍCIA UNIVERSIDADE CATÓLICA DO RIO GRANDE DO SUL;Células solares n+np+ em lâminas finas de silício cristalino com emissor seletivo posterior e junção flutuante;ADRIANO MOEHLECKE
PUCRS;PONTIFÍCIA UNIVERSIDADE CATÓLICA DO RIO GRANDE DO SUL;Avaliação de Política Pública Cultural - Sistema Estadual de Cultura (SEC);CRISTIANO MAX PEREIRA PINHEIRO
UNIPAMPA;UNIVERSIDADE FEDERAL DO PAMPA;Elaboração de aplicativo para dispositivos móveis dos códigos culturais materiais de São Borja - RS;ROBERTO BARBOZA CASTANHO
UFSM;UNIVERSIDADE FEDERAL DE SANTA MARIA;PD&I/EMBRAPII - PESQUISA E DESENVOLVIMENTO EM RECURSOS ENERGÉTICOS DISTRIBUÍDOS;LEANDRO MICHELS
IPVDF;CENTRO ESTADUAL DE DIAGNÓSTICO E PESQUISA EM SAÚDE ANIMAL DESIDÉRIO FINAMOR;Desenvolvimento de teste de PCR em tempo real para diagnóstico rápido de herpesvírus bovino 1 e herpesvírus bovino 5;LAURA LOPES DE ALMEIDA
IPVDF;CENTRO ESTADUAL DE DIAGNÓSTICO E PESQUISA EM SAÚDE ANIMAL DESIDÉRIO FINAMOR;Genômica e metagenômica de microrganismos: uma perspectiva molecular sobre a saúde animal;FABIANA QUOOS MAYER
UFSM;UNIVERSIDADE FEDERAL DE SANTA MARIA;ÓLEOS ESSENCIAIS PROMOVEM O CONTROLE DE PRAGAS AGRÍCOLAS?;BRAULIO OTOMAR CARON
UFPEL;UNIVERSIDADE FEDERAL DE PELOTAS;Inovação pedagógica nas ações educacionais da Educação Básica e Superior durante e no pós-crise pandêmica;ALVARO LUIZ MOREIRA HYPOLITO
UCS;UNIVERSIDADE DE CAXIAS DO SUL;Inovatec_2;DIEGO PIAZZA
PUCRS;PONTIFÍCIA UNIVERSIDADE CATÓLICA DO RIO GRANDE DO SUL;Desenvolvimento e validação de protótipo de um equipamento de enriquecimento físico de materiais na forma de pó;RICARDO MEURER PAPALEO
UNISC;UNIVERSIDADE DE SANTA CRUZ DO SUL;DESENVOLVIMENTO DE ANÁLISES POR FTIR EM MEDICINA LABORATORIAL E DIAGNÓSTICA;VALERIANO ANTONIO CORBELLINI
FEEVALE;UNIVERSIDADE FEEVALE;INDÚSTRIA 5.0 NO PROCESSO DE FABRICAÇÃO DE CALÇADOS;DUSAN SCHREIBER
FEEVALE;UNIVERSIDADE FEEVALE;Nível de Maturidade em Diversidade, Equidade e Inclusão (DEI): desenvolvimento e validação de uma escala voltada ao nível de maturidade das organizações;PAOLA SCHMITT FIGUEIRO
FEEVALE;UNIVERSIDADE FEEVALE;DESENVOLVIMENTO DE TECNOLOGIAS ASSISTIVAS PARA PESSOAS COM DEFICIÊNCIA ATENDIDAS PELO CENTRO ESPECIALIZADO DE REABILITAÇÃO (CER) IV DE NOVO HAMBURGO – RIO GRANDE DO SUL;JACINTA SIDEGUM RENNER
FEEVALE;UNIVERSIDADE FEEVALE;Aprimoramento e Validação de um jogo digital para avaliação neuropsicológica das funções executivas em crianças do Ensino Fundamental;DEBORA NICE FERRARI BARBOSA
FEEVALE;UNIVERSIDADE FEEVALE;Negro-poéticas escrita por mulheres na literatura brasileira nos séculos XX e XXI.;DANIEL CONTE
FEEVALE;UNIVERSIDADE FEEVALE;SOBRE SILÊNCIOS E DESAMPAROS: RUÍDOS DE IDENTIDADES NAS LITERATURAS ESCRITAS POR MULHERES EM LÍNGUA PORTUGUESA;DANIEL CONTE
FEEVALE;UNIVERSIDADE FEEVALE;Clusters Criativos como Catalisadores de Desenvolvimento: Um Estudo de Caso sobre o Clust-ER Create;DANIEL CONTE
FEEVALE;UNIVERSIDADE FEEVALE;Tratamento superficial de menor impacto ambiental como alternativa ao processo industrial aplicado em implantes de titânio;CLAUDIA TRINDADE OLIVEIRA
FEEVALE;UNIVERSIDADE FEEVALE;EFICÁCIA DO USO DE MEMBRANA DE POLIPROPILENO NA PRESERVAÇÃO DO REBORDO ALVEOLAR APÓS EXODONTIA;FERNANDO FREITAS PORTELLA
FEEVALE;UNIVERSIDADE FEEVALE;Intervenção no Ambiente Escolar para Validação da Versão Aprimorada de um Jogo Digital para Estimulação das Funções Executivas;JOAO BATISTA MOSSMANN
UNIPAMPA;UNIVERSIDADE FEDERAL DO PAMPA;Comprovações da qualidade e viabilidade da industrialização nacional dos insumos farmacêuticos ativos eFSH, eLH e eGH para o mercado agropecuário;FABRICIO DESCONSI MOZZAQUATRO
UFRGS;UNIVERSIDADE FEDERAL DO RIO GRANDE DO SUL;PARENT IN SCIENCE: DIVULGAÇÃO E DIÁLOGO - MENINAS, MULHERES E MÃES NA CIÊNCIA;FERNANDA MACIEL REICHERT
UFSM;UNIVERSIDADE FEDERAL DE SANTA MARIA;Portabilidade em análises químicas: Desenvolvimento e inovação em métodos miniaturizados;VALDERI LUIZ DRESSLER
UCS;UNIVERSIDADE DE CAXIAS DO SUL;Desenvolvimento de filmes biodegradáveis de amido de milho e nanocelulose para aplicação em embalagem de alimentos – Nanoembalagem;ADEMIR JOSE ZATTERA
FURG;UNIVERSIDADE FEDERAL DO RIO GRANDE;Mão Extra;RODRIGO ZELIR AZZOLIN
FURG;UNIVERSIDADE FEDERAL DO RIO GRANDE;Sistema para Monitoramento de alongamento e rasgo de Correias Transportadoras;OBERDAN CARRASCO NOGUEIRA
FURG;UNIVERSIDADE FEDERAL DO RIO GRANDE;Levantes: Sistema de monitoramento e acionamento inteligente de bombas para irrigação por inundação em lavouras de arroz;VAGNER SANTOS DA ROSA
FURG;UNIVERSIDADE FEDERAL DO RIO GRANDE;SACA AGULHAS - Sistema Automatizado para Extração de Agulhas;RODRIGO ZELIR AZZOLIN
UNISC;UNIVERSIDADE DE SANTA CRUZ DO SUL;Desenvolvimento de biomaterias para prevenção de infecções relacionadas à assistência à saúde (IRAS);JANE DAGMAR POLLO RENNER
FEEVALE;UNIVERSIDADE FEEVALE;MÍDIA, INFÂNCIAS E DISCRIMINAÇÃO: AMPLIANDO O DEBATE SOBRE COMUNICAÇÃO E EDUCAÇÃO;SARAI PATRICIA SCHMIDT
UNISC;UNIVERSIDADE DE SANTA CRUZ DO SUL;DESENVOLVIMENTO DE BIOFILMES COM ATIVIDADE ANTIBACTERIANA E ANTIFÚNGICA PARA PREVENÇÃO DE INFECÇÕES RELACIONADAS À ASSISTÊNCIA À SAÚDE (IRAS;JANE DAGMAR POLLO RENNER
FURG;UNIVERSIDADE FEDERAL DO RIO GRANDE;iChat - Sistemas Inteligentes de Atendimento;VINICIUS MENEZES DE OLIVEIRA
UFSM;UNIVERSIDADE FEDERAL DE SANTA MARIA;CONSTRUÇÃO DE FERRAMETNAS DE GESTÃO VISANDO A SUSTENTABILIDADE ENERGÉTICA A PARTIR DE BIOMASSA FLORESTAL;JORGE ANTONIO DE FARIAS
PUCRS;PONTIFÍCIA UNIVERSIDADE CATÓLICA DO RIO GRANDE DO SUL;Desenvolvimento de Células Solares Bifaciais PERC com Processos Inovadores para a Difusão dos Dopantes;IZETE ZANESCO
UNIPAMPA;UNIVERSIDADE FEDERAL DO PAMPA;Centro de Agrotecnologia e Inovação do Pampa (FAPERGS 02/2022 - Inova Clusters Tecnológicos);ALESSANDRO GONCALVES GIRARDI
PUCRS;PONTIFÍCIA UNIVERSIDADE CATÓLICA DO RIO GRANDE DO SUL;Desenvolvimento de Células Solares Bifaciais PERC com Difusão de Dopantes e Passivação Formados com Processo Inovador;IZETE ZANESCO
PUCRS;PONTIFÍCIA UNIVERSIDADE CATÓLICA DO RIO GRANDE DO SUL;Novas tecnologias em radioterapia: Investigação do processo de radiosensibilização induzido por nanopartículas em células tumorais irradiadas com feixes de íons e raios-X de alta energia;RICARDO MEURER PAPALEO
PUCRS;PONTIFÍCIA UNIVERSIDADE CATÓLICA DO RIO GRANDE DO SUL;Avaliação de Líquidos Iônicos Miscíveis em Água para captura de CO2 em gás natural - FASE 2;MARCUS SEFERIN
PUCRS;PONTIFÍCIA UNIVERSIDADE CATÓLICA DO RIO GRANDE DO SUL;Desenvolvimento de membranas de poli(líquidos iônicos) seletivas para separação do CO2 do gás natural;SANDRA MARA OLIVEIRA EINLOFT
UFRGS;UNIVERSIDADE FEDERAL DO RIO GRANDE DO SUL;Mapeo de mercados territoriales: un enfoque participativo para la recopilación de datos;SERGIO SCHNEIDER
UFSM;UNIVERSIDADE FEDERAL DE SANTA MARIA;Rota2030-FUNDEP-Injeção de ultra-alta pressão para motores flex-fuel: desafios tecnológicos para uso de etanol;MARIO EDUARDO SANTOS MARTINS
UFSM;UNIVERSIDADE FEDERAL DE SANTA MARIA;Rota2030-FUNDEP-Utilização de ozônio para aumento de eficiência de motores flex-fuel;MARIO EDUARDO SANTOS MARTINS
UNIPAMPA;UNIVERSIDADE FEDERAL DO PAMPA;Avaliação da eficácia do tratamento com extrato de frutas roxas sobre os parâmetros de estresse oxidativo em um modelo experimental da doença de Parkinson;CRISTIANE CASAGRANDE DENARDIN
UNISC;UNIVERSIDADE DE SANTA CRUZ DO SUL;Sistemas Enxutos de Produção e Indústria 4.0: competências e tecnologias para a sustentabilidade;LIANE MAHLMANN KIPPER
FEEVALE;UNIVERSIDADE FEEVALE;ESTUDO DE RESINAS POLIMÉRICAS PARA REPARO E PREVENÇÃO DA ABRASÃO EM DORMENTES DE CONCRETO;DAIANA CRISTINA METZ ARNOLD
UNISINOS;UNIVERSIDADE DO VALE DO RIO DOS SINOS;Pacto pela Inovação para Porto Alegre;ALSONES BALESTRIN
UFPEL;UNIVERSIDADE FEDERAL DE PELOTAS;OBSERVATÓRIO DE DIREITOS SOCIAIS;BRUNO ROTTA ALMEIDA
UFPEL;UNIVERSIDADE FEDERAL DE PELOTAS;SISTEMA DE REGISTRO, COMUNICAÇÃO E ATENÇÃO A VÍTIMAS DE VIOLÊNCIA INSTITUCIONAL EM CONTEXTO DE PRIVAÇÃO DE LIBERDADE;BRUNO ROTTA ALMEIDA
UFRGS;UNIVERSIDADE FEDERAL DO RIO GRANDE DO SUL;CREM - CENTRO DE REFERENCIA EM ENVELHECIMENTO E MOVIMENTO: DESFECHOS CLÍNICOS E FUNCIONAIS EM UM ENSAIO CLÍNICO CONTROLADO COM IDOSOS;ANDREA KRUGER GONCALVES
UCS;UNIVERSIDADE DE CAXIAS DO SUL;Smart Supply Chain 4.0 para industrialização de fixadores automobilísticos com uso de AMRs e integração ciber-fisica para fluxo operacional autônomo;LEONARDO DAGNINO CHIWIACOWSKY
UNIPAMPA;UNIVERSIDADE FEDERAL DO PAMPA;DESENVOLVIMENTO DE MÉTODOS PARA O MONITORAMENTO DOS SISTEMAS PRODUTIVOS AGROPECUÁRIOS;LEONARDO BIDESE DE PINHO
UFPEL;UNIVERSIDADE FEDERAL DE PELOTAS;Avaliação Externa e Censo das Unidades Básicas de Saúde - PMAQ ciclo 1;LUIZ AUGUSTO FACCHINI
UFPEL;UNIVERSIDADE FEDERAL DE PELOTAS;PRODUÇÃO DE BIOPOLÍMEROS E APLICAÇÃO EM PROTÓTIPOS DE BIOADESIVOS TÓPICOS-BATS-ANESTÉSICOS, ANTI-INFLAMATÓRIOS E CICATRIZANTES PARA USO BUCAL;ANGELITA DA SILVEIRA MOREIRA
UFPEL;UNIVERSIDADE FEDERAL DE PELOTAS;Desenvolvimento de antígenos recombinantes de Clostridium spp.;FABRICIO ROCHEDO CONCEICAO
UFRGS;UNIVERSIDADE FEDERAL DO RIO GRANDE DO SUL;Desenvolvimento de cateter implantável para monitorização de pressão e temperatura intracranianas;HENRI IVANOV BOUDINOV
PUCRS;PONTIFÍCIA UNIVERSIDADE CATÓLICA DO RIO GRANDE DO SUL;Estudo da migração de aditivos em filmes poliméricos;ROSANE ANGELICA LIGABUE
IFRS;INSTITUTO FEDERAL DE EDUCAÇÃO, CIÊNCIA E TECNOLOGIA DO RIO GRANDE DO SUL;Inovação tecnológica na cadeia vitivinícola;LEONARDO CURY DA SILVA
IFRS;INSTITUTO FEDERAL DE EDUCAÇÃO, CIÊNCIA E TECNOLOGIA DO RIO GRANDE DO SUL;Estruturação de um sistema de gestão para viticultura sustentável;SHANA SABBADO FLORES
IFRS;INSTITUTO FEDERAL DE EDUCAÇÃO, CIÊNCIA E TECNOLOGIA DO RIO GRANDE DO SUL;ClickLabs: Open Innovation Hub - Hub de Inovação Aberta na Serra Gaúcha;SHANA SABBADO FLORES
UFRGS;UNIVERSIDADE FEDERAL DO RIO GRANDE DO SUL;IOTCHIPLET: Pesquisa e Desenvolvimento em Tecnologia Chiplet para Produtos em IoT;FERNANDA GUSMAO DE LIMA KASTENSMIDT
UCS;UNIVERSIDADE DE CAXIAS DO SUL;ESTUDO E PROPOSIÇÃO DE MELHORIAS PARA A CADEIA DE LOGÍSTICA REVERSA DE RESÍDUOS ELETROELETRÔNICOS NO SUL DO BRASIL ATRAVÉS DA TÉCNICA DE AVALIAÇÃO DO CICLO DE VIDA;MATHEUS POLETTO
UNISC;UNIVERSIDADE DE SANTA CRUZ DO SUL;TECNOLOGIA E INOVAÇÃO EM SAÚDE: ESTIMULANDO O POTENCIAL EMPREENDEDOR DOS DISCENTES DO PROGRAMA DE PÓS-GRADUAÇÃO EM PROMOÇÃO DA SAÚDE;JANINE KOEPP
UNISC;UNIVERSIDADE DE SANTA CRUZ DO SUL;TECNOLOGIA E INOVAÇÃO EM SAÚDE: ESTIMULANDO O POTENCIAL EMPREENDEDOR DOS DISCENTES DO PROGRAMA DE PÓS-GRADUAÇÃO EM PROMOÇÃO DA SAÚDE;JANINE KOEPP
UFRGS;UNIVERSIDADE FEDERAL DO RIO GRANDE DO SUL;WORKSHOP DE VISUALIZAÇÃO E MANIPULAÇÃO DE DADOS DE EEG: PYTHON PARA NÃO PROGRAMADORES;TERCIO APOLINARIO DE SOUZA
FEEVALE;UNIVERSIDADE FEEVALE;PROGRAMA INSTITUCIONAL DE BOLSAS DE PÓS-GRADUAÇÃO (PIBPG);FERNANDO ROSADO SPILKI
UFRGS;UNIVERSIDADE FEDERAL DO RIO GRANDE DO SUL;SenseTag: Projeto e Prototipação de Circuito Integrado e Antenas para Harvesting de Energia para Internet das Coisas;SERGIO BAMPI
FURG;UNIVERSIDADE FEDERAL DO RIO GRANDE;Laboratório de Ciência de Imagens - INOV[ENTER];DINALVA AIRES DE SALES
UFSM;UNIVERSIDADE FEDERAL DE SANTA MARIA;50/50 - Igualdade de gênero no ensino e no mercado da comunicação;JULIANA PETERMANN
UFN;UNIVERSIDADE FRANCISCANA;Empreendedorismo, Liderança e Tecnologias gerenciais e sociais em Enfermagem e Saúde Materno-Infantil;DIRCE STEIN BACKES
UCS;UNIVERSIDADE DE CAXIAS DO SUL;DESENVOLVIMENTO DE SISTEMA COMPUTACIONAL PARA COLETA E GERENCIAMENTO DE DADOS DE QUALIDADE DE  INCUBATÓRIO DE FRANGOS DE CORTE;SCHEILA DE AVILA E SILVA
UCS;UNIVERSIDADE DE CAXIAS DO SUL;Garra;MATHEUS PARMEGIANI JAHN
UCS;UNIVERSIDADE DE CAXIAS DO SUL;FungiTech - FINEP;MARLI CAMASSOLA
UNISINOS;UNIVERSIDADE DO VALE DO RIO DOS SINOS;Soluções baseadas em Aprendizagem para Gerenciamento de Cidades Inteligentes.;RAFAEL KUNST
UFRGS;UNIVERSIDADE FEDERAL DO RIO GRANDE DO SUL;Inteligência Artificial aplicada às Ciências Sociais;HENRIQUE CARLOS DE OLIVEIRA DE CASTRO
UCS;UNIVERSIDADE DE CAXIAS DO SUL;ATCNST;ALEXANDRE JOSE GONCALVES AVINO
UFSM;UNIVERSIDADE FEDERAL DE SANTA MARIA;Rota 2030 - FUNDEP: Desenvolvimento de motor automotivo movido a biohidrogênio para o mercado brasileiro;MARIO EDUARDO SANTOS MARTINS
UFSM;UNIVERSIDADE FEDERAL DE SANTA MARIA;Motor a etanol de elevada densidade de potência para aeronaves de pequenoporte e/ou VANT;MARIO EDUARDO SANTOS MARTINS
UCS;UNIVERSIDADE DE CAXIAS DO SUL;PREPARE-TID;ANDRE FELIPE STRECK
UCS;UNIVERSIDADE DE CAXIAS DO SUL;PREPARE-TID;ANDRE FELIPE STRECK
IFRS;INSTITUTO FEDERAL DE EDUCAÇÃO, CIÊNCIA E TECNOLOGIA DO RIO GRANDE DO SUL;Desenvolvimento de uma plataforma para apoiar cenários de atividades educacionais em grupo a distância configuráveis e extensíveis.;RODRIGO PRESTES MACHADO
UCS;UNIVERSIDADE DE CAXIAS DO SUL;COLETA E SISTEMATIZAÇÃO DE DADOS SOBRE O SETOR TURÍSTICO DE GRAMADO;MICHEL BREGOLIN
UNISC;UNIVERSIDADE DE SANTA CRUZ DO SUL;Bioconversão de resíduos agroindustriais para produção de ração animal e biofertilizante;DIEGO PRADO DE VARGAS
UFPEL;UNIVERSIDADE FEDERAL DE PELOTAS;Desenvolvimento de testes sorológicos nacionais (Point-of-Care e ELISA) para COVID-19;FABRICIO ROCHEDO CONCEICAO
UCS;UNIVERSIDADE DE CAXIAS DO SUL;Observatório de Turismo da Serra Gaúcha;SUZANA MARIA DE CONTO
PUCRS;PONTIFÍCIA UNIVERSIDADE CATÓLICA DO RIO GRANDE DO SUL;Desenvolvimento de membranas de poli(líquidos)iônicos para remoção de CO2 de correntes gasosas;SANDRA MARA OLIVEIRA EINLOFT
IFRS;INSTITUTO FEDERAL DE EDUCAÇÃO, CIÊNCIA E TECNOLOGIA DO RIO GRANDE DO SUL;Inovação pedagógica e qualificação da Educação Básica;CARINE BUEIRA LOUREIRO
UCS;UNIVERSIDADE DE CAXIAS DO SUL;COMAT;DIEGO PIAZZA
UCS;UNIVERSIDADE DE CAXIAS DO SUL;Agro. CityLivingLab: Agricultura Inteligente em Cidades;ANA CRISTINA FACHINELLI BERTOLINI
UCS;UNIVERSIDADE DE CAXIAS DO SUL;Arroz;MARCELO GODINHO
FURG;UNIVERSIDADE FEDERAL DO RIO GRANDE;BIO-CANETA;EDER MATEUS NUNES GONCALVES
FURG;UNIVERSIDADE FEDERAL DO RIO GRANDE;SAFEYE;VINICIUS MENEZES DE OLIVEIRA
FURG;UNIVERSIDADE FEDERAL DO RIO GRANDE;TUBOMAQ;VINICIUS MENEZES DE OLIVEIRA
FURG;UNIVERSIDADE FEDERAL DO RIO GRANDE;VIANEST;EDUARDO NUNES BORGES
UERGS;UNIVERSIDADE ESTADUAL DO RIO GRANDE DO SUL;Caracterização e estudo do potencial de inovação de Plantas Alimentícias Não Convencionais (PANCs) no RS;ELAINE BIONDO
UNIJUÍ;UNIVERSIDADE REGIONAL DO NOROESTE DO ESTADO DO RIO GRANDE DO SUL;Controle Social e Transferência de Tecnologias Sociais em Desenvolvimento de Territórios: Inovação e Criatividade para uma Cidade Inteligente - 12/2020 - 12/2024;SERGIO LUIS ALLEBRANDT
UNISINOS;UNIVERSIDADE DO VALE DO RIO DOS SINOS;Fabcare: Integração de Tecnologias Emergentes na Saúde através do Design Estratégico e Biodesign;ANDRE CANAL MARQUES
UNISC;UNIVERSIDADE DE SANTA CRUZ DO SUL;O uso de tecnologia no treino cognitivo em idosos saudáveis;SILVIA VIRGINIA COUTINHO AREOSA
UFSM;UNIVERSIDADE FEDERAL DE SANTA MARIA;GT-MaisAção - Uma Plataforma Gameficada para Auxiliar na Curricularização da Extensão;RICARDO TOMBESI MACEDO
UFSM;UNIVERSIDADE FEDERAL DE SANTA MARIA;USO DE ÓLEOS ESSENCIAIS NO CONTROLE DE PRAGAS E DOENÇAS NA AGRICULTURA;DENISE SCHMIDT
FEEVALE;UNIVERSIDADE FEEVALE;MÍDIA, INFÂNCIAS E DISCRIMINAÇÃO: AMPLIANDO O DEBATE SOBRE COMUNICAÇÃO E EDUCAÇÃO;SARAI PATRICIA SCHMIDT
PUCRS;PONTIFÍCIA UNIVERSIDADE CATÓLICA DO RIO GRANDE DO SUL;Potencial de bioinsumos para adaptação climática e mitigação de emissões de carbono na agricultura;MARCUS SEFERIN
UFPEL;UNIVERSIDADE FEDERAL DE PELOTAS;LIVING LAB AZONASUL RURAL;MARCELO FERNANDES PACHECO DIAS
FEEVALE;UNIVERSIDADE FEEVALE;Mídia, Infâncias e Discriminação: limites e possibilidades dos desafios da Comunicação e Educação no século XXI;SARAI PATRICIA SCHMIDT
UNIPAMPA;UNIVERSIDADE FEDERAL DO PAMPA;Pesquisa e transferência de tecnologia para o desenvolvimento de sistemas sustentáveis de integração lavoura-pecuária (ILP) e lavoura-pecuária-floresta (ILPF) no Bioma Pampa;NAYLOR BASTIANI PEREZ
UNIPAMPA;UNIVERSIDADE FEDERAL DO PAMPA;Eventos Climáticos Extremos: Mapeamento de Áreas Susceptíveis a Movimentos de Massa e Inundação;FELIPE GUADAGNIN
UFRGS;UNIVERSIDADE FEDERAL DO RIO GRANDE DO SUL;Empilhamento de Rejeito Filtrado Aglomerado;NILO CESAR CONSOLI
UFRGS;UNIVERSIDADE FEDERAL DO RIO GRANDE DO SUL;Modernização do Centro de Pesquisas Avançadas em Neoplasias;LEANDRO TOTTI CAVAZZOLA
UFSM;UNIVERSIDADE FEDERAL DE SANTA MARIA;Programa de Pesquisa e Desenvolvimento voltado a desastres climáticos: Governança e Multidimensionalidade dos riscos climático: abordagem multidisciplinar em comunicação de proximidade, interpretação geopatrimonial e economia ecológica;ADRIANO SEVERO FIGUEIRO
UFSM;UNIVERSIDADE FEDERAL DE SANTA MARIA;Desenvolvimento e inovação em bioprodutos, ecotoxicologia e processos analíticos;LEANDRO MACHADO DE CARVALHO
FEEVALE;UNIVERSIDADE FEEVALE;AVALIAÇÃO DE AGROTÓXICOS EM ÁGUAS SUPERFICIAIS E A UTILIZAÇÃO DO MODELO ALTERNATIVO IN VIVO CAERNORHABDITIS ELEGANS COMO FERRAMENTA INTEGRATIVA NA ECOTOXICOLOGIA;MARIELE FEIFFER CHARAO
UFPEL;UNIVERSIDADE FEDERAL DE PELOTAS;Tecnologias Inovadoras para a Descarbonização Agropecuária e Produção de Hidrogênio de Baixo carbono e Produção de Bioinsumos;MAURIZIO SILVEIRA QUADRO
UFRGS;UNIVERSIDADE FEDERAL DO RIO GRANDE DO SUL;AVALIACAO DE CHAPAS CONFORMADAS EM LIGAS DE MAGNESIO COM TERRAS RARAS;JAKSON MANFREDINI VASSOLER
UFPEL;UNIVERSIDADE FEDERAL DE PELOTAS;Suplementos e bioprodutos derivados de fontes alternativas para o bem-estar animal: Um projeto de inovação tecnológica;CLAUDIO MARTIN PEREIRA DE PEREIRA
UPF;UNIVERSIDADE DE PASSO FUNDO;: IMOBILIZAÇÃO DE MICRORGANISMOS EM BIOCHAR DE RESÍDUOS DE UVA PARA INCORPORAÇÃO EM FERTILIZANTE NPK;JEFERSON STEFFANELLO PICCIN
UPF;UNIVERSIDADE DE PASSO FUNDO;"BeiCrop Lab: prospecção, validação e produção de insumos voltados para a multiplicação ""On Farm"" de bioinsumos";JEFERSON STEFFANELLO PICCIN
PUCRS;PONTIFÍCIA UNIVERSIDADE CATÓLICA DO RIO GRANDE DO SUL;Centro de Avaliação de Segurança, Desempenho e Caracterização de Materiais de Baterias Para Veículos Elétricos, SAFEEVMOB;MARCAL JOSE RODRIGUES PIRES
UCS;UNIVERSIDADE DE CAXIAS DO SUL;DataLink Innovation: uma plataforma de conexão de atores do ecossistema de inovação de Caxias do Sul;DANIEL LUIS NOTARI
UFSM;UNIVERSIDADE FEDERAL DE SANTA MARIA;MUSEU DO CONHECIMENTO: SCIENTIAH EM EXTENSÃO;CLAUDIA RIBEIRO BELLOCHIO
FURG;UNIVERSIDADE FEDERAL DO RIO GRANDE;Tratamento superficial em aço patinável como estratégia para formação acelerada de produtos de corrosão;JOSE HENRIQUE ALANO
UNIJUÍ;UNIVERSIDADE REGIONAL DO NOROESTE DO ESTADO DO RIO GRANDE DO SUL;Melhoramento Genético de Plantas no Desenvolvimento de Genótipos Mais Resilientes Com Produtividade e Qualidade de Grãos Ajustados a Manejos Mais Sustentáveis;IVAN RICARDO CARVALHO
UFRGS;UNIVERSIDADE FEDERAL DO RIO GRANDE DO SUL;Impulsionamento de vendas de assinaturas (inPulse);ANDRE INACIO REIS
FEEVALE;UNIVERSIDADE FEEVALE;PESQUISAS EMERGENTES EM EMPREENDEDORISMO, INOVAÇÃO E SUSTENTABILIDADE;CRISTINE HERMANN NODARI
FURG;UNIVERSIDADE FEDERAL DO RIO GRANDE;Termovisão: Plataforma de software e hardware para controle de qualidade de juntas soldadas, voltada à otimização de soldabilidade, tenacidade à fratura e corrosão;HENARA LILLIAN COSTA MURRAY
FEEVALE;UNIVERSIDADE FEEVALE;VIGILÂNCIA EPIDEMIOLÓGICA MOLECULAR DE VARIANTES DO SARS-COV-2 EM PONTOS DA FRONTEIRA BRASIL-ARGENTINA;FERNANDO ROSADO SPILKI
UCS;UNIVERSIDADE DE CAXIAS DO SUL;Otimização da gestão de energia de um sistema elétrico híbrido adaptável para caminhões;LEONARDO DAGNINO CHIWIACOWSKY
FEEVALE;UNIVERSIDADE FEEVALE;EVOLUÇÃO DOS GENOMAS DE SARS-COV-2 NO PANORAMA ANTERIOR E POSTERIOR À INTRODUÇÃO DE VACINAS CONTRA A COVID-19;FERNANDO ROSADO SPILKI
UFSM;UNIVERSIDADE FEDERAL DE SANTA MARIA;Tecnologias Educacionais em Rede (TER) e Recursos Educacionais Abertos (REA) na Formação de Professores: acervo de materiais digitais do ADE;DEBORA TEIXEIRA DE MELLO
UFPEL;UNIVERSIDADE FEDERAL DE PELOTAS;Tribologia Verde Voltada à Transição Energética – CT Trib;HENARA LILLIAN COSTA MURRAY
UPF;UNIVERSIDADE DE PASSO FUNDO;Produção de biocombustíveis e bioprodutos a partir de nabo-forrageiro;LUCIANE MARIA COLLA
UPF;UNIVERSIDADE DE PASSO FUNDO;Viabilidade de bioinsumos em meios de cultivo e estudo de compatibilidade com agroquímicos;LUCIANE MARIA COLLA
IFSUL;INSTITUTO FEDERAL DE EDUCAÇÃO, CIÊNCIA E TECNOLOGIA SUL-RIO-GRANDENSE;Estudo de biocarvões obtidos a partir da casca do arroz para adsorção de contaminantes emergentes;PEDRO JOSE SANCHES FILHO
FURG;UNIVERSIDADE FEDERAL DO RIO GRANDE;Digital Twin Automotivo: Indústria 4.0 com Visão computacional e inteligência artificial em processos de manufatura cadeia automotiva;MARCELO RITA PIAS
FURG;UNIVERSIDADE FEDERAL DO RIO GRANDE;Termovisão: Plataforma de software e hardware para controle de qualidade de juntas soldadas, voltada à otimização de soldabilidade, tenacidade à fratura e corrosão;HENARA LILLIAN COSTA MURRAY
UCS;UNIVERSIDADE DE CAXIAS DO SUL;MAIDAI - Mestrado e Doutorado Acadêmico para Inovação;MATHEUS PARMEGIANI JAHN
UCS;UNIVERSIDADE DE CAXIAS DO SUL;MAIDAI- Mestrado e Doutorado Acadêmico para Inovação;MATHEUS PARMEGIANI JAHN
UPF;UNIVERSIDADE DE PASSO FUNDO;Produção de biocombustíveis e bioprodutos a partir de nabo forrageiro;LUCIANE MARIA COLLA
UFRGS;UNIVERSIDADE FEDERAL DO RIO GRANDE DO SUL;Proposta de nova classificação das perfurações da membrana timpânica;Neil Sperling
UPF;UNIVERSIDADE DE PASSO FUNDO;Viabilidade de bioinsumos em meios de cultivo e estudo de compatibilidade com agroquímicos;LUCIANE MARIA COLLA
FURG;UNIVERSIDADE FEDERAL DO RIO GRANDE;Resistência à Corrosão, Propriedades Tribológicas e Mecânicas de um Novo Aço Patinável de Alta Resistência para a Indústria Ferroviária;JOSE HENRIQUE ALANO
FURG;UNIVERSIDADE FEDERAL DO RIO GRANDE;Adesividade e resistência de pátinas formadas em aços resistentes a intemperismos;HENARA LILLIAN COSTA MURRAY
FURG;UNIVERSIDADE FEDERAL DO RIO GRANDE;Modelagem Computacional e Fabricação de um Skimmer Aplicado ao Cultivo de Microalgas;WALDIR TERRA PINTO
FEEVALE;UNIVERSIDADE FEEVALE;PLATAFORMA HORUS E A MEDIAÇÃO DE UM JOGO DIGITAL ATIVO NA AVALIAÇÃO DO EQUILÍBRIO DE CRIANÇAS E DE PESSOAS IDOSAS;JORGE LUIS VICTORIA BARBOSA
FEEVALE;UNIVERSIDADE FEEVALE;PLATAFORMIZAÇÃO DA PRODUÇÃO CULTURAL NO BRASIL;SANDRA PORTELLA MONTARDO
FEEVALE;UNIVERSIDADE FEEVALE;CRIATIVIDADE, ENSINO E MINECRAFT: A ADOÇÃO DE ESTRATÉGIAS LÚDICAS PARA O ENSINO DIGITAL EM TEMPOS PANDÊMICOS;CRISTIANO MAX PEREIRA PINHEIRO
FEEVALE;UNIVERSIDADE FEEVALE;DETECÇÃO E CARACTERIZAÇÃO DE VÍRUS ENTÉRICOS EM PROPRIEDADES LEITEIRAS NA REGIÃO DO PARANHANA, RIO GRANDE DO SUL, BRASIL.;MARCIA REGINA LOIKO
FEEVALE;UNIVERSIDADE FEEVALE;PLATAFORMIZAÇÃO DA PRODUÇÃO CULTURAL NO BRASIL;SANDRA PORTELLA MONTARDO
FEEVALE;UNIVERSIDADE FEEVALE;POLÍTICAS PÚBLICAS NO RIO GRANDE DO SUL: UM MAPEAMENTO SOBRE OS RECURSOS INVESTIDOS NOS SETORES CRIATIVOS;CRISTIANO MAX PEREIRA PINHEIRO
FEEVALE;UNIVERSIDADE FEEVALE;ESTUDO DE RESINAS POLIMÉRICAS PARA REPARO E PREVENÇÃO DA ABRASÃO EM DORMENTES DE CONCRETO;DAIANA CRISTINA METZ ARNOLD
FEEVALE;UNIVERSIDADE FEEVALE;POLÍTICAS PÚBLICAS NO RIO GRANDE DO SUL: UM MAPEAMENTO SOBRE OS RECURSOS INVESTIDOS NOS SETORES CRIATIVOS;CRISTIANO MAX PEREIRA PINHEIRO
FEEVALE;UNIVERSIDADE FEEVALE;FASE II - CORONA-ÔMICA BR MCTI REDE NACIONAL DE GENOMAS, EXOMA E TRANSCRIPTOMA DE COVID-19;FERNANDO ROSADO SPILKI
FEEVALE;UNIVERSIDADE FEEVALE;ESTUDO E DESENVOLVIMENTO DE METODOLOGIA PARA RECUPERAÇÃO E ANÁLISE DAS TÉCNICAS PARA IDENTIFICAÇÃO E CARACTERIZAÇÃO DE MICROPLÁSTICOS EM SOLOS;VANUSCA DALOSTO JAHNO
FEEVALE;UNIVERSIDADE FEEVALE;ANÁLISE DA RELAÇÃO ENTRE SÍNDROME DA FRAGILIDADE, ESTRATÉGIAS DE SELEÇÃO, OTIMIZAÇÃO E COMPENSAÇÃO, FADIGA EMOCIONAL E DERMATOGLIFIA EM PESSOAS IDOSAS;GERALDINE ALVES DOS SANTOS
PUCRS;PONTIFÍCIA UNIVERSIDADE CATÓLICA DO RIO GRANDE DO SUL;Desenvolvimento de Células Solares Bifaciais com Processo Inovador para a Difusão dos Dopantes;IZETE ZANESCO
FURG;UNIVERSIDADE FEDERAL DO RIO GRANDE;Termovisão: Plataforma de software e hardware para controle de qualidade de juntas soldadas, voltada à otimização de soldabilidade, tenacidade à fratura e corrosão;HENARA LILLIAN COSTA MURRAY
FURG;UNIVERSIDADE FEDERAL DO RIO GRANDE;Estruturação iTec/EMBRAPII - Soluções Tecnológicas em Automação e Sistemas Robóticos para o Setor Industrial e iTec/FURG;SILVIA SILVA DA COSTA BOTELHO
UFRGS;UNIVERSIDADE FEDERAL DO RIO GRANDE DO SUL;Otimização de forma aplicada a componentes fabricados via processos de fundição;DANIEL MILBRATH DE LEON
PUCRS;PONTIFÍCIA UNIVERSIDADE CATÓLICA DO RIO GRANDE DO SUL;Centro de Pesquisa e Inovação em Eletroquímica e Materiais Avançados Especializado em Acumuladores de Energia para Aplicação Automotiva;MARCAL JOSE RODRIGUES PIRES
UNIPAMPA;UNIVERSIDADE FEDERAL DO PAMPA;PLATAFORMA INTEGRATIVA DE VIGILÂNCIA E MONITORAMENTO DE LEISHMANIOSE VISCERAL PARA DEFINIÇÃO DE ESTRATÉGIAS E POLÍTICAS DE SAÚDE;FABIO PAULO BASSO
PUCRS;PONTIFÍCIA UNIVERSIDADE CATÓLICA DO RIO GRANDE DO SUL;Produção de hidrogênio verde para uso em tecnologias power-to-X offshore: perspectivas de integração tecnológica e avaliação de desempenho ambiental no contexto de Captura, Utilização e Armazenamento de Carbono (CCUS).;FELIPE DALLA VECCHIA
PUCRS;PONTIFÍCIA UNIVERSIDADE CATÓLICA DO RIO GRANDE DO SUL;Desenvolvimento de materiais avançados sustentáveis empregando resíduos industriais e suas aplicações tecnológicas e ambientais - CLUSTER INOVACLEAN RS;ROSANE ANGELICA LIGABUE
UFRGS;UNIVERSIDADE FEDERAL DO RIO GRANDE DO SUL;Otimização estrutural aplicada a componentes voltados ao transporte rodoviário de cargas;DANIEL MILBRATH DE LEON
ATITUS EDUCAÇÃO;FACULDADE ATITUS EDUCAÇÃO PASSO FUNDO;Análise de um modelo de transferência de fabricação digital para a habitação social. Estudo de caso Brasil e Colômbia.;GRACE TIBERIO CARDOSO
UPF;UNIVERSIDADE DE PASSO FUNDO;Interações solo, planta e atmosfera e o manejo de sistemas de produção irrigados e de sequeiro;MATEUS POSSEBON BORTOLUZZI
ATITUS EDUCAÇÃO;FACULDADE ATITUS EDUCAÇÃO PASSO FUNDO;Programa MAI/DAI (Fundação Meridional / IMED);ANDREA QUADRADO MUSSI
UFRGS;UNIVERSIDADE FEDERAL DO RIO GRANDE DO SUL;Rejeitos de Mineração: Resposta Mecânica sob Carregamento Multiaxial;NILO CESAR CONSOLI
UCS;UNIVERSIDADE DE CAXIAS DO SUL;Programa Mestrado e Doutorado Acadêmico para Inovação - MAI/DAI UCS;ROBINSON CARLOS DUDLEY CRUZ
UFPEL;UNIVERSIDADE FEDERAL DE PELOTAS;Suplementos e bioprodutos derivados de fontes alternativas para o bem-estar animal;CLAUDIO MARTIN PEREIRA DE PEREIRA
UFSM;UNIVERSIDADE FEDERAL DE SANTA MARIA;P&D/EMBRAPII - DETECÇÃO DE ARCO ELÉTRICO SÉRIE NO LADO CC DE SISTEMAS DE GERAÇÃO FOTOVOLTAICA;HUMBERTO PINHEIRO
UFRGS;UNIVERSIDADE FEDERAL DO RIO GRANDE DO SUL;Desenvolvimento de materiais avançados sustentáveis empregando resíduos industriais e suas aplicações tecnológicas e ambientais - CLUSTER INOVACLEAN – RS;JOAO HENRIQUE ZIMNOCH DOS SANTOS
UNISC;UNIVERSIDADE DE SANTA CRUZ DO SUL;BIOFÁBRICAS PARA PRODUÇÃO MASSAL DE AGENTES BIOLÓGICOS E BIOCONVERSÃO;ANDREAS KOHLER
UNISC;UNIVERSIDADE DE SANTA CRUZ DO SUL;DETECÇÃO RÁPIDA DE NEMATOIDES DE IMPORTÂNCIA AGRONÔMICA UTILIZANDO MÉTODOS MOLECULARES;ALEXANDRE RIEGER
UFRGS;UNIVERSIDADE FEDERAL DO RIO GRANDE DO SUL;DEMONSTRADOR DO PROCESSO DE MANUFATURA ADITIVA EM AREIA DE FUNDICAO PARA GEOMETRIAS COMPLEXAS - DMA2F;RODRIGO ROSSI
UNISC;UNIVERSIDADE DE SANTA CRUZ DO SUL;IdeiaWare: Ferramenta Computacional Colaborativa: Fase para promover a Cocriação;REJANE FROZZA
UNISC;UNIVERSIDADE DE SANTA CRUZ DO SUL;Living Vales - Ambiente para promoção, qualificação e desenvolvimento de projetos em gestão estratégica de dados na Região dos Vales;LEONEL PABLO CARVALHO TEDESCO
FURG;UNIVERSIDADE FEDERAL DO RIO GRANDE;Data Symbion Environmental intelligence;EDUARDO NUNES BORGES
FURG;UNIVERSIDADE FEDERAL DO RIO GRANDE;iCrane - Guindaste Inteligente e Seguro;SILVIA SILVA DA COSTA BOTELHO
UCS;UNIVERSIDADE DE CAXIAS DO SUL;ZYMOMONAS – Desenvolvimento de filmes ativos e nanocompósitos para incorporação de ácidos aldônicos produzidos por células imobilizadas de Zymomonas mobilis;ELOANE MALVESSI
UNIPAMPA;UNIVERSIDADE FEDERAL DO PAMPA;NANOTECNOLOGIA APLICADA AO DESENVOVIMENTO DE NOVOS MATERIAIS;GABRIELA SILVEIRA DA ROSA
FURG;UNIVERSIDADE FEDERAL DO RIO GRANDE;(EMBRAPII) AUROS ROBOTICS - Monitoramento de Fruticultura por Visão Computacional;ALESSIO ALMADA DA COSTA
FURG;UNIVERSIDADE FEDERAL DO RIO GRANDE;iCrane - Guidaste Inteligente;SILVIA SILVA DA COSTA BOTELHO
UFSM;UNIVERSIDADE FEDERAL DE SANTA MARIA;DESENVOLVIMENTO DE CULTIVARES DE LINHAÇA PARA O NORTE DO RIO GRANDE DO SUL;VOLMIR SERGIO MARCHIORO
FURG;UNIVERSIDADE FEDERAL DO RIO GRANDE;beeBot - Inspeção Indoor de Cascos FPSO;SILVIA SILVA DA COSTA BOTELHO
IFRS;INSTITUTO FEDERAL DE EDUCAÇÃO, CIÊNCIA E TECNOLOGIA DO RIO GRANDE DO SUL;Enogastronomia: Possibilidades e potencialidades regionais;HERNANDA TONINI
IFRS;INSTITUTO FEDERAL DE EDUCAÇÃO, CIÊNCIA E TECNOLOGIA DO RIO GRANDE DO SUL;Desenvolvimento e aprimoramento de aplicativo mobile conectado com estações meteorológicas para rastreabilidade da produção agrícola e monitoramento das condições climáticas;MARCUS ANDRE KURTZ ALMANCA
IFRS;INSTITUTO FEDERAL DE EDUCAÇÃO, CIÊNCIA E TECNOLOGIA DO RIO GRANDE DO SUL;Aplicação de um plano de negócios em um vinícola familiar e desenvolvimento de experiências enoturisticas;TATIANE PELLIN CISLAGHI
IFRS;INSTITUTO FEDERAL DE EDUCAÇÃO, CIÊNCIA E TECNOLOGIA DO RIO GRANDE DO SUL;Diagnóstico e sistema de acompanhamento para implantação de programa de gestão para a sustentabilidade;SHANA SABBADO FLORES
IFRS;INSTITUTO FEDERAL DE EDUCAÇÃO, CIÊNCIA E TECNOLOGIA DO RIO GRANDE DO SUL;Diagnóstico de Indicação Geográfica nos Campos de Cima da Serra.;SHANA SABBADO FLORES
IFRS;INSTITUTO FEDERAL DE EDUCAÇÃO, CIÊNCIA E TECNOLOGIA DO RIO GRANDE DO SUL;Click-Up: implantação de uma pré-incubadora no IFRS Campus Bento Gonçalves;RONALDO SERPA DA ROSA
IFRS;INSTITUTO FEDERAL DE EDUCAÇÃO, CIÊNCIA E TECNOLOGIA DO RIO GRANDE DO SUL;PIPA IFmakeRS – Pesquisar, Inovar, Prototipar e Aprender;DELAIR BAVARESCO
FURG;UNIVERSIDADE FEDERAL DO RIO GRANDE;ORUS 2.0 - Pesquisa Tecnológica em Sistemas Autônomos e Robóticos Para a Indústria;PAULO LILLES JORGE DREWS JUNIOR
FURG;UNIVERSIDADE FEDERAL DO RIO GRANDE;Desenvolvimento de materiais avançados sustentáveis empregando resíduos industriais e suas aplicações tecnológicas e ambientais - CLUSTER INOVACLEAN-RS;GILBER RICARDO ROSA
PUCRS;PONTIFÍCIA UNIVERSIDADE CATÓLICA DO RIO GRANDE DO SUL;DACCS - Captura e Armazenamento de Carbono Direto do Ar: estudo da integração e otimização dos processos para remoção de gases de efeito estufa;FELIPE DALLA VECCHIA
UNISC;UNIVERSIDADE DE SANTA CRUZ DO SUL;Diagnóstico precoce de infecções relacionadas a cateteres venosos utilizando imagem termográfica por infravermelho em dispositivo móvel;MARI ANGELA GAEDKE
UNIPAMPA;UNIVERSIDADE FEDERAL DO PAMPA;REPOSITÓRIO DIGITAL TATU – INOVAÇÃO NA PESQUISA EM HISTÓRIA DA EDUCAÇÃO;ALESSANDRO CARVALHO BICA
UFRGS;UNIVERSIDADE FEDERAL DO RIO GRANDE DO SUL;DESENVOLVIMENTO DE  CRITÉRIOS DE ANÁLISE DE SUPORTES DE RISER - FADIGA E AVALIAÇÃO DE DEFEITOS;ROGERIO JOSE MARCZAK
UCS;UNIVERSIDADE DE CAXIAS DO SUL;ATE BR;MARCELO GODINHO
PUCRS;PONTIFÍCIA UNIVERSIDADE CATÓLICA DO RIO GRANDE DO SUL;Rede de Inteligência Artificial Ética e Segura - RAIES;NYTHAMAR HILARIO FERNANDES DE OLIVEIRA JUNIOR
FEEVALE;UNIVERSIDADE FEEVALE;Capacidades para Cocriação de Valor Social;SERJE SCHMIDT
FEEVALE;UNIVERSIDADE FEEVALE;RS³ - Conexão, Capacitação e Captação para o Ecossistema Regional de Inovação de TIC;PAULO RICARDO MUNIZ BARROS
FEEVALE;UNIVERSIDADE FEEVALE;Turismo e desenvolvimento socioeconômico no Vale Germânico/RS, no contexto de territórios criativos;MARY SANDRA GUERRA ASHTON
UCS;UNIVERSIDADE DE CAXIAS DO SUL;IHR-1 Fadiga;ALEXANDRE VIECELI
FEEVALE;UNIVERSIDADE FEEVALE;Circulando: Economia circular compartilhada;VANUSCA DALOSTO JAHNO
FEEVALE;UNIVERSIDADE FEEVALE;INCT Vigilância Genômica de Vírus e Saúde Única;FERNANDO ROSADO SPILKI
FEEVALE;UNIVERSIDADE FEEVALE;PROGRAMA INSTITUCIONAL DE BOLSAS DE PÓS-GRADUAÇÃO (PIBPG);FERNANDO ROSADO SPILKI
UNISC;UNIVERSIDADE DE SANTA CRUZ DO SUL;DETECÇÃO RÁPIDA DE PATÓGENOS TRANSMITIDOS PELA CIGARRINHA (Dalbulus maidis) NA CULTURA DO MILHO (Zea mays);ALEXANDRE RIEGER
UNISC;UNIVERSIDADE DE SANTA CRUZ DO SUL;BIOESTIMULANTES PARA APLICAÇÃO EM SEMENTES: EXPLORAÇÃO BIOTECNOLÓGICA DE MICROALGAS;ROSANA DE CASSIA DE SOUZA SCHNEIDER
FEEVALE;UNIVERSIDADE FEEVALE;Monitoramento da farmacoterapia com inibidores da tirosina quinase nilotinibe e dasatinibe em pacientes com leucemia mieloide crônica resistentes ao imatinibe: desenvolvimento de estratégias bioanaliticas e abordagem farmacogenética;MARINA VENZON ANTUNES
UNISC;UNIVERSIDADE DE SANTA CRUZ DO SUL;BIOESTIMULANTES PARA APLICAÇÃO EM SEMENTES: EXPLORAÇÃO BIOTECNOLÓGICA DE MICROALGA;ROSANA DE CASSIA DE SOUZA SCHNEIDER
FEEVALE;UNIVERSIDADE FEEVALE;Trabalho, Informalidade e Precariado: panorama do mercado de trabalho informal de sujeitos negros na Região do Vale dos Sinos;SUELI MARIA CABRAL
FEEVALE;UNIVERSIDADE FEEVALE;PESQUISA E CARACTERIZAÇÃO DE VÍRUS EM MORCEGOS FILOSTOMÍDEOS E MOLOSSÍDEOS EM ÁREAS URBANAS, PERIURBANAS E RURAIS NA REGIÃO METROPOLITANA DE PORTO ALEGRE E VALE DO RIO DOS SINOS, RIO GRANDE DO SUL;MATHEUS NUNES WEBER
IFRS;INSTITUTO FEDERAL DE EDUCAÇÃO, CIÊNCIA E TECNOLOGIA DO RIO GRANDE DO SUL;Capacitação empresarial em sistemas de gestão da qualidade e segurança de alimentos nas vinícolas no Brasil;TATIANE PELLIN CISLAGHI
FURG;UNIVERSIDADE FEDERAL DO RIO GRANDE;Levantes: Sistema de monitoramento e acionamento inteligente de bombas para irrigação por inundação em lavouras de arroz;VAGNER SANTOS DA ROSA
IFRS;INSTITUTO FEDERAL DE EDUCAÇÃO, CIÊNCIA E TECNOLOGIA DO RIO GRANDE DO SUL;Desenvolvimento de plataforma para autoavaliação da sustentabilidade na vitivinicultura;SHANA SABBADO FLORES
IFRS;INSTITUTO FEDERAL DE EDUCAÇÃO, CIÊNCIA E TECNOLOGIA DO RIO GRANDE DO SUL;IGS: Prospecção, inovação e Sustentabilidade em indicações geográficas;SHANA SABBADO FLORES
UCS;UNIVERSIDADE DE CAXIAS DO SUL;DESENVOLVIMENTO DE MÉTODOS MOLECULARES DE ANÁLISE LABORATORIAL E ESTUDO EPIDEMIOLÓGICO DOS RETROVÍRUS FELINOS FELV (FELINE LEUKEMIA VIRUS) E FIV (FELINE IMMUNODEFICIENCY VIRUS);ANDRE FELIPE STRECK
UCS;UNIVERSIDADE DE CAXIAS DO SUL;TEXTENE EMBRAPII;DIEGO PIAZZA
UCS;UNIVERSIDADE DE CAXIAS DO SUL;GRAPHFILTER;DIEGO PIAZZA
UCS;UNIVERSIDADE DE CAXIAS DO SUL;COMPAG;DIEGO PIAZZA
UCS;UNIVERSIDADE DE CAXIAS DO SUL;Blindar FINEP;ADEMIR JOSE ZATTERA
UCS;UNIVERSIDADE DE CAXIAS DO SUL;TOGRAPH;DIEGO PIAZZA
UCS;UNIVERSIDADE DE CAXIAS DO SUL;IMOGRAFENO;JADNA CATAFESTA
UCS;UNIVERSIDADE DE CAXIAS DO SUL;GRAFIMEC;DIEGO PIAZZA
UFSM;UNIVERSIDADE FEDERAL DE SANTA MARIA;Soluções de propulsão a hidrogênio para motores de combustão interna de máquinas agrícolas;MARIO EDUARDO SANTOS MARTINS
UFRGS;UNIVERSIDADE FEDERAL DO RIO GRANDE DO SUL;TideSat – uma startup de sensoriamento remoto geodésico;FELIPE GEREMIA NIEVINSKI
IFSUL;INSTITUTO FEDERAL DE EDUCAÇÃO, CIÊNCIA E TECNOLOGIA SUL-RIO-GRANDENSE;Estudo de biocarvões obtidos a partir pirólise da casca do arroz para adsorção de Fármacos;PEDRO JOSE SANCHES FILHO
IFRS;INSTITUTO FEDERAL DE EDUCAÇÃO, CIÊNCIA E TECNOLOGIA DO RIO GRANDE DO SUL;Gestão estratégica na viticultura familiar;RAQUEL BREITENBACH
UFPEL;UNIVERSIDADE FEDERAL DE PELOTAS;Aumento de Estabilidade e Aumento de Escala de Células Solares de Perovskitas Impressas;SERGIO DA SILVA CAVA
IFSUL;INSTITUTO FEDERAL DE EDUCAÇÃO, CIÊNCIA E TECNOLOGIA SUL-RIO-GRANDENSE;Influência das madeiras brasileiras no envelhecimento de vinhos tintos: aspectos tecnológicos, sensoriais e analíticos;RICARDO LEMOS SAINZ
IFSUL;INSTITUTO FEDERAL DE EDUCAÇÃO, CIÊNCIA E TECNOLOGIA SUL-RIO-GRANDENSE;Uso de bagaço de Vinificação para Obtenção de Bioetanol;RICARDO LEMOS SAINZ
UPF;UNIVERSIDADE DE PASSO FUNDO;Imobilização de microrganismos em biochar de resíduos de uva para incorporação em fertilizante NPK;JEFERSON STEFFANELLO PICCIN
IFRS;INSTITUTO FEDERAL DE EDUCAÇÃO, CIÊNCIA E TECNOLOGIA DO RIO GRANDE DO SUL;Robótica Educacional: qualificação docente no contexto da Educação 4.0;SILVIA DE CASTRO BERTAGNOLLI
UPF;UNIVERSIDADE DE PASSO FUNDO;RECICLAGEM DE MEMBRANAS DE OSMOSE INVERSA PARA PÓS-TRATAMENTO DE EFLUENTES;VANDRE BARBOSA BRIAO
FURG;UNIVERSIDADE FEDERAL DO RIO GRANDE;Desenvolvimento de materiais avançados sustentáveis empregando resíduos industriais e suas aplicações tecnológicas e ambientais - CLUSTER INOVACLEAN – RS;JOAO HENRIQUE ZIMNOCH DOS SANTOS
UCS;UNIVERSIDADE DE CAXIAS DO SUL;OBSERVATÓRIO DE TURISMO DA SERRA GAÚCHA;MICHEL BREGOLIN
UFPEL;UNIVERSIDADE FEDERAL DE PELOTAS;Suplementos e bioprodutos derivados de fontes alternativas para o bem-estar animal: Um projeto de inovação tecnológica;CLAUDIO MARTIN PEREIRA DE PEREIRA
UFRGS;UNIVERSIDADE FEDERAL DO RIO GRANDE DO SUL;EXTRAÇÃO DE PURIFICAÇÃO DE CANABIDIOL A PARTIR DE MACONHA APREENDIDA PELA POLÍCIA FEDERAL;FLAVIO ANASTACIO DE OLIVEIRA CAMARGO
FEEVALE;UNIVERSIDADE FEEVALE;INDÚSTRIA 5.0 NO PROCESSO DE FABRICAÇÃO DE CALÇADOS;DUSAN SCHREIBER
UFRGS;UNIVERSIDADE FEDERAL DO RIO GRANDE DO SUL;Entendendo as políticas públicas de forma abrangente e comparável: proposta de automatização da avaliação dos elementos do desenho;LUCIANA LEITE LIMA
UFRGS;UNIVERSIDADE FEDERAL DO RIO GRANDE DO SUL;Entendendo as políticas públicas de forma abrangente e comparável: proposta de automatização da avaliação dos elementos do desenho;LUCIANA LEITE LIMA
UFPEL;UNIVERSIDADE FEDERAL DE PELOTAS;Desenvolvimento e validação de diagnóstico de fertilidade em ruminantes baseados em microRNAs espermáticos;VINICIUS FARIAS CAMPOS
UFRGS-LITORAL NORTE;UNIVERSIDADE FEDERAL DO RIO GRANDE DO SUL - CAMPUS LITORAL NORTE;Avaliação de desempenho acústico de sistemas construtivo em protótipos.;DANIEL TREGNAGO PAGNUSSAT
UFRGS;UNIVERSIDADE FEDERAL DO RIO GRANDE DO SUL;GT-IMPACTO: Plataforma de Capacitação em Cibersegurança  Baseada em Modelagem e Simulação de Aspectos e Impactos Econômicos de Ciberataques;JEFERSON CAMPOS NOBRE
UCS;UNIVERSIDADE DE CAXIAS DO SUL;Serras circulares com desempenho e/ou durabilidade melhorados através da aplicação de grafeno;RODRIGO PANOSSO ZEILMANN
UFPEL;UNIVERSIDADE FEDERAL DE PELOTAS;InovaAgro - Incubadora de empresas de base tecnológica para a agricultura, pecuária e agroindústria;BRUNA DA ROSA CURCIO
IFRS;INSTITUTO FEDERAL DE EDUCAÇÃO, CIÊNCIA E TECNOLOGIA DO RIO GRANDE DO SUL;Caracterização Genética e Tecnológica de Leveduras em Vinhos de Altitude: Estudo em Vinhedos de Sauvignon Blanc.;MARCOS ROBERTO DOBLER STROSCHEIN
IFRS;INSTITUTO FEDERAL DE EDUCAÇÃO, CIÊNCIA E TECNOLOGIA DO RIO GRANDE DO SUL;Produção de mudas de alface utilizando vermicomposto elaborado com resíduos enológicos.;JANICE REGINA GMACH BORTOLI
UFRGS;UNIVERSIDADE FEDERAL DO RIO GRANDE DO SUL;MODELAGEM NUMÉRICO-EXPERIMENTAL DA INTERAÇÃO AÇO-CONCRETO POR ADERÊNCIA;LUIZ CARLOS PINTO DA SILVA FILHO
UFRGS;UNIVERSIDADE FEDERAL DO RIO GRANDE DO SUL;SUSTENTABILIDADE DE PRODUTOS E PROCESSOS;JOSE LUIS DUARTE RIBEIRO
UFRGS;UNIVERSIDADE FEDERAL DO RIO GRANDE DO SUL;Instituto de Avaliação de Tecnologias em Saúde;CARISI ANNE POLANCZYK
UCS;UNIVERSIDADE DE CAXIAS DO SUL;Desenvolvimento de vacinas peptídicas embasadas em epítopos contra viroses suínas abortivas em circulação no Brasil.;ANDRE FELIPE STRECK
