Sigla da IES;Instituição;Publicação;Tipo de produção;Autores
UFRGS;UNIVERSIDADE FEDERAL DO RIO GRANDE DO SUL;Enhancing Classification with Hybrid Feature Selection: A Multi-Objective Genetic Algorithm for High-Dimensional Data;DISSERTAÇÃO;['JONAS DA SILVEIRA BOHRER']
UFPEL;UNIVERSIDADE FEDERAL DE PELOTAS;Descrição da Precipitação ocorrida durante a germinação da canola, no ano de 2022, no Centro Agropecuário da Palma - Capão do Leão - RS;DISSERTAÇÃO;['MARCOS JEAN DA SILVA']
UFRGS;UNIVERSIDADE FEDERAL DO RIO GRANDE DO SUL;CÁLCULOS MECÂNICOS QUÂNTICOS NO DESENVOLVIMENTO DE CAMPOS DE FORÇA PARA SÉRIE DE CRISTAIS LÍQUIDOS 3-(4-ALQUILOXIFENIL)-5-(4-ARIL)ISOXAZOL;TESE;['LEANDRO GREFF DA SILVEIRA']
UFRGS;UNIVERSIDADE FEDERAL DO RIO GRANDE DO SUL;“Produção de matéria escura em ressonância através de um novo mediador massivo de spin-1” (“Resonant dark matter production through a new spin-1 massive mediator”);TESE;['MARCIO DE SOUSA MATEUS JUNIOR']
UNISINOS;UNIVERSIDADE DO VALE DO RIO DOS SINOS;“ParkMapSense: Um Modelo Computacional de Mapeamento e Predição de Ocupação de Vagas de Estacionamento Rotativo Público baseado em Históricos de Contextos;DISSERTAÇÃO;['CARLOS EDUARDO LIEDTKE BORGES']
UFPEL;UNIVERSIDADE FEDERAL DE PELOTAS;Alfaba: Desenvolvimento de uma Ferramenta Multissensorial com Interface Tangível para o Suporte à Alfabetização de Crianças com Dislexia;DISSERTAÇÃO;['LAURA QUEVEDO JURGINA']
FURG;UNIVERSIDADE FEDERAL DO RIO GRANDE;“PAPEL DO FITOPLÂNCTON NA DINÂMICA DO CO2 NA PROFUNDIDADE DO  MÁXIMO DA CLOROFILA-A AO LONGO DE UMA SEÇÃO ZONAL (34.5ºS) NO  OCEANO ATLÂNTICO SUL;DISSERTAÇÃO;['JOAO VITOR LANGORTE BUENO']
UFRGS;UNIVERSIDADE FEDERAL DO RIO GRANDE DO SUL;NOVA ESTRÁTEGIA DE SÍNTESE DE TIOHIDANTOÍNAS: ESTUDO DA RELAÇÃO ESTRUTURA-ATIVIDADE E DOCKING MOLECULAR;DISSERTAÇÃO;['TARSIS AUGUSTO ALEXANDRE CHAGAS']
UFPEL;UNIVERSIDADE FEDERAL DE PELOTAS;Um pipeline de aprendizado de máquina para reconhecimento de emoções com base em informações temporais e espaciais de mapas topográficos gerados a partir de sinais de eletroencefalograma;DISSERTAÇÃO;['BRUNO CASCAES ALVES']
FURG;UNIVERSIDADE FEDERAL DO RIO GRANDE;“IMPACTOS ECOLÓGICOS E AVALIAÇÃO DA EFICIÊNCIA DE MEDIDAS REDUTORAS DE CAPTURA INCIDENTAL NA PESCA ARTESANAL DE CAMARÃO-ROSA (Penaeus paulensis)”. ;TESE;['SAMANTA DA SILVEIRA BORGES']
UFRGS;UNIVERSIDADE FEDERAL DO RIO GRANDE DO SUL;Providing an energy efficient UAV BS positioning mechanism to improve wireless connectivity;TESE;['FAEZEH PASANDIDEH']
UFPEL;UNIVERSIDADE FEDERAL DE PELOTAS;Towards Teaching Abstraction: Approaching Modeling and Problem-Solving Skills with Graph Grammars and Game-Based Learning;TESE;['BRAZ ARAUJO DA SILVA JUNIOR']
UPF;UNIVERSIDADE DE PASSO FUNDO;NATURAL LANGUAGE PROCESSING  FOR SENSITIVE DATA  RECOGNITION AND PRIVACY IN  DIGITAL DOCUMENTS;DISSERTAÇÃO;['SAMUEL ANTUNES VIEIRA']
UFRGS;UNIVERSIDADE FEDERAL DO RIO GRANDE DO SUL;CompOD: LGPD Compliance framework for Open Data;DISSERTAÇÃO;['SHIRLEI LUCIA OLIVEIRA DO CARMO']
PUCRS;PONTIFÍCIA UNIVERSIDADE CATÓLICA DO RIO GRANDE DO SUL;A MODULAR ARCHITECTURE FOR THE EMULATION OF SCALABLE EDGE APPLICATIONS;TESE;['MATHEUS LYRA DA SILVA']
FURG;UNIVERSIDADE FEDERAL DO RIO GRANDE;BIODIVERSIDADE E BIOGEOGRAFIA DO MESOZOOPLÂNCTON AO LONGO DE UM TRANSECTO TRANSATLÂNTICO;DISSERTAÇÃO;['CLAUS INCK FREITAS FURTADO']
UFSM;UNIVERSIDADE FEDERAL DE SANTA MARIA;Desenvolvimento e aplicação de método QuEChERS e UHPLC-MS/MS para determinação multirresíduo de agrotóxicos em polpa de açaí;TESE;['RAFAEL BEL PRESTES DA SILVA']
UFRGS;UNIVERSIDADE FEDERAL DO RIO GRANDE DO SUL;MODELO DEPOSICIONAL E EVOLUÇÃO BASEADOS EM ATRIBUTOS SÍSMICOS DO CANYON ALMIRANTE CÂMARA: NEÓGENO AO QUATERNÁRIO DA BACIA DE CAMPOS, BRASIL;DISSERTAÇÃO;['SAMUEL APARECIDO DA SILVA CORREA']
UFRGS;UNIVERSIDADE FEDERAL DO RIO GRANDE DO SUL;Uma estimativa ABP para equações do tipo integro-diferencial totalmente não lineares;DISSERTAÇÃO;['ADIR MATOS DE SOUZA JUNIOR']
UFRGS;UNIVERSIDADE FEDERAL DO RIO GRANDE DO SUL;CARACTERIZAÇÃO DAS ESTRUTURAS DE DEFORMAÇÃO EM SEDIMENTOS INCONSOLIDADOS EM SISTEMAS EÓLICOS ÚMIDOS, FORMAÇÃO BUENA VISTA, PERMIANO SUPERIOR DA BACIA DO PARANÁ;DISSERTAÇÃO;['GABRIEL SCHAFFER SIPP']
FURG;UNIVERSIDADE FEDERAL DO RIO GRANDE;Ocorrência de Ocratoxina A e perfil de ácidos fenólicos em vinho;DISSERTAÇÃO;['ELIZANGELA GONCALVES']
UFRGS;UNIVERSIDADE FEDERAL DO RIO GRANDE DO SUL;OCORRÊNCIAS DE CONODONTES NO MAR DEVONIANO DA REGIÃO AMAZÔNICA, GONDWANA OCIDENTAL: BIOESTRATIGRAFIA E PALEOAMBIENTE;DISSERTAÇÃO;['JORDANA MARIA VICCARI']
FURG;UNIVERSIDADE FEDERAL DO RIO GRANDE;Estrutura mega porosa à base de quitosana e modificadas com nanotubos de carbono como adsorvente  do ibuprofeno;DISSERTAÇÃO;['KELI ARRUDA DA SILVA']
UFRGS;UNIVERSIDADE FEDERAL DO RIO GRANDE DO SUL; “Feedback de AGNs em gás molecular frio” (“AGN feedback in cold molecular gas”);TESE;['BRUNO DALL AGNOL DE OLIVEIRA']
UFRGS;UNIVERSIDADE FEDERAL DO RIO GRANDE DO SUL;GLACIOQUÍMICA E INTERPRETAÇÃO AMBIENTAL DE UM TESTEMUNHO DE NEVE DO INTERIOR DA ANTÁRTICA;DISSERTAÇÃO;['REGINA DE SOUZA FERREIRA']
UFRGS;UNIVERSIDADE FEDERAL DO RIO GRANDE DO SUL;ESTROMATÓLITOS DESÉRTICOS SILICICLÁSTICOS DA FORMAÇÃO GUARÁ, JURÁSSICO SUPERIOR DA BACIA DO PARANÁ: TRAPEAMENTO E AGLUTINAÇÃO EM UM CONTEXTO NÃO-MARINHO;DISSERTAÇÃO;['BRUNO SILVERSTON ANGONESE']
UFRGS;UNIVERSIDADE FEDERAL DO RIO GRANDE DO SUL;Análise da Correlação entre Erros Transientes, Desempenho e Eficiência Energética de Aplicações Paralelas Executadas em Dispositivos com Múltiplos Núcleos;DISSERTAÇÃO;['JOSE EDUARDO THUMS']
UFPEL;UNIVERSIDADE FEDERAL DE PELOTAS;MPC-SDP: um classificador genérico baseado em múltiplas perspectivas para a predição da evasão estudantil;TESE;['MIRIAM PIZZATTO COLPO']
UFRGS;UNIVERSIDADE FEDERAL DO RIO GRANDE DO SUL;FILMES DE CARBONO TIPO DIAMANTE (DLC) PARA LIGAS DE BRONZE: ESTUDO DO COMPORTAMENTO ELETROQUÍMICO E VIABILIDADE COMO ALTERNATIVA À PÁTINA ARTIFICIAL;TESE;['LAZARO ALEIXO DOS SANTOS']
UFPEL;UNIVERSIDADE FEDERAL DE PELOTAS;Estudo da produção de quarks top na evaporação de buracos negros no LHC e FCC;DISSERTAÇÃO;['BRENDA ROLIN ARIGOITO MIRANDA']
UFRGS;UNIVERSIDADE FEDERAL DO RIO GRANDE DO SUL;Degradação de sacolas plásticas de polietileno oxo-degradável: potenciais fontes de microplásticos e contaminantes metálicos;TESE;['RAIMARA DE SOUZA GOMES']
UNIPAMPA;UNIVERSIDADE FEDERAL DO PAMPA;Belezati: Desenvolvimento de um módulo de escaneamento e descrição de ingredientes cosméticos baseado na web utilizando tecnologia OCR via API;DISSERTAÇÃO;['DEISE DALL AGNOL SEVERO']
UFRGS;UNIVERSIDADE FEDERAL DO RIO GRANDE DO SUL;Simulação Numérica de Aspiração de Células por Micropipetas ;TESE;['GUSTAVO OURIQUE']
UFRGS;UNIVERSIDADE FEDERAL DO RIO GRANDE DO SUL;Globalização de Ações Parciais de Grupoides sobre Anéis Semiprimos;TESE;['JULIANA CAMILE DO NASCIMENTO']
PUCRS;PONTIFÍCIA UNIVERSIDADE CATÓLICA DO RIO GRANDE DO SUL;UNSUPERVISED DEEP LEARNING TO SUPERVISED INTERPRETABILITY: A DUAL-STAGE APPROACH FOR FINANCIAL ANOMALY DETECTION;DISSERTAÇÃO;['MARCOS BRUM FREIRE']
FURG;UNIVERSIDADE FEDERAL DO RIO GRANDE;DIVERSIDADE DE RAIAS (MYLIOBATIFORMES) FÓSSEIS DA PANÍCIE COSTEIRA DO RIO GRANDE DO SUL (QUATERNÁRIO);DISSERTAÇÃO;['THIAGO BRITTO RODRIGUES']
UFPEL;UNIVERSIDADE FEDERAL DE PELOTAS;Projeto Eficiente de Arquiteturas de Hardware Dedicadas para o Módulo das Transformadas na Codificação de Sinais Visuais: Estudo de Caso no Codificador AV1;TESE;['JONES WILLIAM GOEBEL']
UNISINOS;UNIVERSIDADE DO VALE DO RIO DOS SINOS;“SLICE AGENT FOR IDENTIFICATION AND DATA SEGREGATION IN A SHARED OPEN RADIO UNIT MULTIPOINT-TO-MULTIPOINT;DISSERTAÇÃO;['FELIPE ARNHOLD']
PUCRS;PONTIFÍCIA UNIVERSIDADE CATÓLICA DO RIO GRANDE DO SUL;UMA ABORDAGEM PARA ORQUESTRAR TIMES HÍBRIDOS DE DESENVOLVIMENTO DE SOFTWARE;TESE;['EVERTON LUIS LUZ DE QUADROS']
FURG;UNIVERSIDADE FEDERAL DO RIO GRANDE;VARIAÇÃO TEMPORAL E ESPACIAL DAS COMUNIDADES MESOZOOPLANCTÔNICAS SUB-SUPERFICIAIS NOS ESTREITOS DE GERLACHE E BRANSFIELD, PENÍNSULA ANTÁRTICA OCIDENTAL;DISSERTAÇÃO;['CAMILA MAXIMO LEONOR']
UFRGS;UNIVERSIDADE FEDERAL DO RIO GRANDE DO SUL;Mapping Crowd-based Dynamic Blockages for Navighation in Indoor Environments;DISSERTAÇÃO;['ALLEFF DYMYTRY PEREIRA DE DEUS']
UFPEL;UNIVERSIDADE FEDERAL DE PELOTAS;Ensino de Química: um estudo de caso acerca das estratégias didáticas usadas com alunos deficientes visuais.;DISSERTAÇÃO;['EDUARDA VIEIRA DE SOUZA']
FURG;UNIVERSIDADE FEDERAL DO RIO GRANDE;BIOLOGIA REPRODUTIVA, DISTRIBUIÇÃO E ABUNDÂNCIA DE SQUALUS MEGALOPS E SQUALUS MITSUKURII NO SUL DO BRASIL;DISSERTAÇÃO;['MONICA CAMILA LOURENCO']
UFRGS;UNIVERSIDADE FEDERAL DO RIO GRANDE DO SUL;"""Regulação de Carga de Partículas Coloidais” (“Charge Regulation of Colloidal Particles”)";TESE;['AMIN BAKHSHANDEH']
FURG;UNIVERSIDADE FEDERAL DO RIO GRANDE;Comparação entre diferentes tipos de função de ativação em um controlador cascata neural para um atuador hidráulico  4) Linha de Pesquisa;DISSERTAÇÃO;['THOMAZ PEREIRA DA SILVA JUNIOR']
UFRGS;UNIVERSIDADE FEDERAL DO RIO GRANDE DO SUL; Bayesian, Frequentist and Ensemble  methods on human decision making  compared with machine decision;DISSERTAÇÃO;['SOFIA TADEU APUZZO']
UFSM;UNIVERSIDADE FEDERAL DE SANTA MARIA;MÁQUINAS DE TURING, DECIDIBILIDADE E COMPUTABILIDADE;DISSERTAÇÃO;['FILIPE RAMOS NETTO']
UFRGS;UNIVERSIDADE FEDERAL DO RIO GRANDE DO SUL;ESTIMATIVA DE GASES DE EFEITO ESTUFA EM ÁREA DE EXTRAÇÃO DE CARVÃO  MINERAL E EMPREENDIMENTOS TERMELÉTRICOS – CANDIOTA/RS;TESE;['BRUNA LUDTKE PAIM']
UFRGS;UNIVERSIDADE FEDERAL DO RIO GRANDE DO SUL;Designing and Evaluating  Immersive Analytics Environments for  Spatio-Temporal Data;TESE;['JORGE ALBERTO WAGNER FILHO']
UFRGS;UNIVERSIDADE FEDERAL DO RIO GRANDE DO SUL;REMOTE SENSING  FOR HERBICIDE ASSESSMENT IN SOYBEAN ;TESE;['TALES CAMARGOS ABRANTES']
UFRGS;UNIVERSIDADE FEDERAL DO RIO GRANDE DO SUL;Evaluation of Question Answer Generation for Portuguese: Insights and Datasets;DISSERTAÇÃO;['FELIPE SOARES FAGUNDES PAULA']
UFRGS;UNIVERSIDADE FEDERAL DO RIO GRANDE DO SUL;Beyond Accuracy: Completeness and Relevance Metrics for Evaluating Long Answers;TESE;['EDUARDO GABRIEL CORTES']
UFPEL;UNIVERSIDADE FEDERAL DE PELOTAS;Exploring Approximate Arithmetic Computing in Hardware Security Applications;TESE;['MORGANA MACEDO AZEVEDO DA ROSA']
UFPEL;UNIVERSIDADE FEDERAL DE PELOTAS;Estudo Computacional de Sistemas Polimórficos;TESE;['THIAGO PUCCINELLI ORLANDI NOGUEIRA']
FURG;UNIVERSIDADE FEDERAL DO RIO GRANDE;ESTUDOS DE ADSORÇÃO DE AZOCARBOXILATOS EM BIOCHAR E FILME DE QUITOSANA;DISSERTAÇÃO;['ISIS ANDRESSA RIBEIRO DE ARAUJO']
UFRGS;UNIVERSIDADE FEDERAL DO RIO GRANDE DO SUL;DeAR: Combining Desktop and Augmented  Reality for Visual Data Analysis;DISSERTAÇÃO;['YHONATAN JESUS IQUIAPAZA CCAMA']
UFPEL;UNIVERSIDADE FEDERAL DE PELOTAS;Produção Exclusiva de Díons em Colisões de Altas Energias;DISSERTAÇÃO;['LUIS FELIPE DA CONCEICAO INACIO']
UFSM;UNIVERSIDADE FEDERAL DE SANTA MARIA;ANÁLISE DOS DADOS DO SISAGUA E VALIDAÇÃO DE MÉTODO PARA DETERMINAÇÃO DE AGROTÓXICOS EM ÁGUA POTÁVEL A FIM DE ATENDER AS LEGISLAÇÕES BRASILEIRAS;DISSERTAÇÃO;['PAOLA JENNIFER BABINSKI']
UFRGS;UNIVERSIDADE FEDERAL DO RIO GRANDE DO SUL;Hidrogéis biomiméticos Adesivos à base de gelatina funcionalizada por compostos fenólicos;DISSERTAÇÃO;['BIBIANA MADEIRA MELO']
UFRGS;UNIVERSIDADE FEDERAL DO RIO GRANDE DO SUL;MODELAGEM ESPACIAL PARA A AVALIAÇÃO DE SERVIÇOS  ECOSSISTÊMICOS HIDROLÓGICOS (SEH) EM BACIAS HIDROGRÁFICAS.  ESTUDO DE CASO DA BACIA DA LAGOA MIRIM-RS, BRASIL. ;TESE;['KAHUAM DE SOUZA GIANUCA']
UFRGS;UNIVERSIDADE FEDERAL DO RIO GRANDE DO SUL;Monocular depth estimation applied to global localization over 2D floor plans;DISSERTAÇÃO;['CRISTIAN LOPES']
UFRGS;UNIVERSIDADE FEDERAL DO RIO GRANDE DO SUL;CONTRIBUIÇÃO AO CONHECIMENTO SOBRE OS PADRÕES DE CRESCIMENTO DOS ARCOSSAUROS PSEUDOSUCHIA, A PARTIR DA ANÁLISE OSTEOHISTOLÓGICA DE DECURIASUCHUS QUARTACOLONIA E PRESTOSUCHUS CHINIQUENSIS (PARACROCODYLOMORPHA, LORICATA) DO TRIÁSSICO DO RIO GRANDE DO SUL, BRASIL;TESE;['BRODSKY DANTAS MACEDO DE FARIAS']
UFRGS;UNIVERSIDADE FEDERAL DO RIO GRANDE DO SUL;ESTIMATIVAS PARA SOLUC¸ ˜OES E EXISTˆENCIA DE SOLUC¸ ˜OES OPTIMAIS PARA PROBLEMAS ENVOLVENDO O p-LAPLACIANO FRACION´ARIO;TESE;['EDUARDO HENRIQUE PHILIPPSEN']
PUCRS;PONTIFÍCIA UNIVERSIDADE CATÓLICA DO RIO GRANDE DO SUL;DIMENSIONS FOR PLANNING AND DEVELOPING CAPSTONE PROJECT COURSES;DISSERTAÇÃO;['LUIZ HENRIQUE BORGES MOSMANN']
UFRGS;UNIVERSIDADE FEDERAL DO RIO GRANDE DO SUL;ÍNDICE DE VULNERABILIDADE COSTEIRA E ANÁLISE TEMPORAL DE  ALTERAÇÕES NO ECOSSISTEMA DE DUNAS NO DISTRITO DE QUINTÃO/RS;DISSERTAÇÃO;['FILIPE AGUIAR ROCHA']
FURG;UNIVERSIDADE FEDERAL DO RIO GRANDE;REPRESENTAÇÃO DOS TRANSPORTES DE VOLUME E CALOR ASSOCIADOS À AMOC NO ATLÂNTICO SUL;DISSERTAÇÃO;['SOPHIA BUSS RAFFI']
UFPEL;UNIVERSIDADE FEDERAL DE PELOTAS;Produção de partículas em colisões hadrônicas para baixas e altas multiplicidades;TESE;['YURI DO NASCIMENTO LIMA']
UFSM;UNIVERSIDADE FEDERAL DE SANTA MARIA;FLUORESCÊNCIA MOLECULAR SÍNCRONA ASSOCIADA À CALIBRAÇÃO MULTIVARIADA COMO ALTERNATIVA EXPEDITA NA DETERMINAÇÃO DE HIDROCARBONETOS POLICÍCLICOS AROMÁTICOS EM MATRIZES ORGÂNICAS COMPLEXAS;TESE;['WILLIAM CRISTIANO LORENZONI']
FURG;UNIVERSIDADE FEDERAL DO RIO GRANDE;Ajuste de Primitivas Geométricas a Nuvens de Pontos de Larga Escala utilizando Aprendizado Profund;DISSERTAÇÃO;['IGOR PARDO MAURELL']
PUCRS;PONTIFÍCIA UNIVERSIDADE CATÓLICA DO RIO GRANDE DO SUL;HARDWARE ACCELERATION FOR POST-QUANTUM CRYPTOGRAPHY IN RESOURCE CONSTRAINED EMBEDDED SYSTEMS WITH RISC-V ISES;DISSERTAÇÃO;['CARLOS GABRIEL DE ARAUJO GEWEHR']
UFRGS;UNIVERSIDADE FEDERAL DO RIO GRANDE DO SUL;CARACTERIZAÇÃO E IMPLICAÇÕES PRESERVACIONAIS DA BIOEROSÃO EM FORAMINÍFEROS PLANCTÔNICOS QUATERNÁRIOS;TESE;['CRISTIANE FRAGA FROZZA']
UFRGS;UNIVERSIDADE FEDERAL DO RIO GRANDE DO SUL;Modelo de longa duração com distribuição exponencial por partes potência e aplicação no contexto de crédito;DISSERTAÇÃO;['LEONARDO DE MIRANDA PINHEIRO']
UFRGS;UNIVERSIDADE FEDERAL DO RIO GRANDE DO SUL;Hyperkinetic Movement Disorder Analysis using Multidimensional Projections;DISSERTAÇÃO;['ANDRESSA SILVA DA SILVA']
UFRGS;UNIVERSIDADE FEDERAL DO RIO GRANDE DO SUL;CARACTERIZAÇÃO PETROGRÁFICA, QUÍMICA MINERAL E PETROGÊNESE DO KIMBERLITO ROSÁRIO 16 – ROSÁRIO DO SUL/RS;DISSERTAÇÃO;['ANDREA BRUM DA SILVA']
UFPEL;UNIVERSIDADE FEDERAL DE PELOTAS;Síntese de N-heterociclos: 5-carboxialdeído-oxazóis e tetrazolo[1,5- a]quinolinas;DISSERTAÇÃO;['LOANA IMBRIAGO MONZON']
UFRGS;UNIVERSIDADE FEDERAL DO RIO GRANDE DO SUL;EVOLUÇÃO PALEOAMBIENTAL DO BIOMA PAMPA DURANTE OS ÚLTIMOS 17.400 ANOS: UMA ABORDAGEM MULTI-PROXY;TESE;['VITOR LUIZ SCARTAZZINI BOCALON']
UFRGS;UNIVERSIDADE FEDERAL DO RIO GRANDE DO SUL;OVERCOMING TECHNOLOGICAL BARRIERS IN RERAM-BASED NEURAL NETWORKS BY ADDRESSING SCALABILITY AND COMPLEXITY CHALLENGES;TESE;['RAFAEL FAO DE MOURA']
UFPEL;UNIVERSIDADE FEDERAL DE PELOTAS;Aplicação do Ácido Tricloroisocianúrico e Disselenetos de Diorganoíla para a Síntese de Compostos Organosselenados;TESE;['GUSTAVO BIERHALS BLODORN']
FURG;UNIVERSIDADE FEDERAL DO RIO GRANDE;δ13CDIC COMO INDICADOR DE PROCESSOS BIOGEOQUÍMICOS  E HIDRODINÂMICOS NO VERÃO AUSTRAL AO LONGO DO ESTREITO DE BRANSFIELD, ANTÁRTICA;DISSERTAÇÃO;['YASMYM SCHUTZ DE VINCENZI WEIRICH']
UFRGS;UNIVERSIDADE FEDERAL DO RIO GRANDE DO SUL;NVESTIGAÇÃO DE MÉTODOS DE PREPARO DE AMOSTRAS PARA SUPLEMENTOS DIETÉTICOS E DETERMINAÇÃO DE SELÊNIO TOTAL;DISSERTAÇÃO;['LARISSA MAYARA ALVES DE OLIVEIRA']
UPF;UNIVERSIDADE DE PASSO FUNDO;SYSDAE - USANDO MACHINE LEARNING NUMA ANÁLISE DO PERFIL COMPORTAMENTAL DOS ALUNOS DO ENSINO MÉDIO DO IFRS - CÂMPUS  SERTÃO;DISSERTAÇÃO;['CEDEMIR PEREIRA']
UFSM;UNIVERSIDADE FEDERAL DE SANTA MARIA;Dinâmica do gás ionizado em Núcleos Ativos de Galáxias de baixa luminosidade;TESE;['KELLY FRANK HECKLER']
UNISINOS;UNIVERSIDADE DO VALE DO RIO DOS SINOS;ATHENA: UM MODELO COMPUTACIONAL PARA SERVIÇOS INTELIGENTES NA EDUCAÇÃO A DISTÂNCIA USANDO HISTÓRICOS DE CONTEXTOS;TESE;['LIDIA MARTINS DA SILVA']
UFRGS;UNIVERSIDADE FEDERAL DO RIO GRANDE DO SUL;CONVERSÃO DE PET PÓS-CONSUMO EM MACROMONÔMEROS POR MEIO DA REAÇÃO DE GLICERÓLISE EM MICRO-ONDAS E FORMAÇÃO DE HIDROGÉIS COM POTENCIAL PARA REMOÇÃO DE CORANTES;DISSERTAÇÃO;['DANIELA EDUARDA SCHNEIDER']
FURG;UNIVERSIDADE FEDERAL DO RIO GRANDE;Utilização de esponja de quitosana para remoção de petróleo e óleo lubrificante usado em sistema aquoso;TESE;['ROMULO HENRIQUE BATISTA DE FARIAS']
FURG;UNIVERSIDADE FEDERAL DO RIO GRANDE;Desenvolvimento de uma plataforma multipropósito programável microcontrolada para aquisição de dados e controle de potência em fontes de energias renováveis.;DISSERTAÇÃO;['LUCAS BONIFACIO SELBACH']
UFSM;UNIVERSIDADE FEDERAL DE SANTA MARIA;Evidências da eletrização de polímeros dielétricos durante a impressão 3D;DISSERTAÇÃO;['EZEQUIEL LORENZETT']
UFRGS;UNIVERSIDADE FEDERAL DO RIO GRANDE DO SUL;CARACTERÍSTICAS DEPOSICIONAIS DAS ROCHAS INTRACLÁSTICAS DO PRÉ-SAL DA BACIA DE SANTOS;TESE;['SABRINA DANNI ALTENHOFEN']
UFRGS;UNIVERSIDADE FEDERAL DO RIO GRANDE DO SUL;BIOESTRATIGRAFIA E PALEOAMBIENTES DE DEPÓSITOS PERMIANOS DA BACIA DO PARNAÍBA, NOROESTE DO GONDWANA OCIDENTAL;TESE;['EDVALDO JOSE DE OLIVEIRA']
UFRGS;UNIVERSIDADE FEDERAL DO RIO GRANDE DO SUL;VARIAÇÃO PALEOSECULAR E PALEOINTENSIDADE RELATIVA DO CAMPO GEOMAGNÉTICO NO SUL DO BRASIL ENTRE 45 E 3 MIL ANOS;TESE;['CAMILA TRINDADE LOPES']
UFRGS;UNIVERSIDADE FEDERAL DO RIO GRANDE DO SUL;Análise espaço-temporal do campo térmico superficial de Porto Alegre  utilizando o Google Earth Engine;DISSERTAÇÃO;['GABRIEL AMORETTI FRANCO']
UFSM;UNIVERSIDADE FEDERAL DE SANTA MARIA;EMULSIFICAÇÃO DO FLUCONAZOL UTILIZANDO LÍQUIDOS IÔNICOS COM CÁTIONS IMIDAZOLÍNEOS E COM CONTRAÍONS CARBOXILATOS;DISSERTAÇÃO;['LETICIA ZIBETTI']
UFSM;UNIVERSIDADE FEDERAL DE SANTA MARIA;Identificação de números primos com computadores quânticos;DISSERTAÇÃO;['VICTOR FERREIRA DOS SANTOS']
UFRGS;UNIVERSIDADE FEDERAL DO RIO GRANDE DO SUL;Automating Risk of Bias Inference in  Clinical Studies;TESE;['ABEL CORREA DIAS']
UNISINOS;UNIVERSIDADE DO VALE DO RIO DOS SINOS;MILPDM: AN ARCHITECTURE FOR PREDICTIVE MAINTENANCE OF ASSETS IN THE MILITARY DOMAIN;TESE;['JOVANI DALZOCHIO']
PUCRS;PONTIFÍCIA UNIVERSIDADE CATÓLICA DO RIO GRANDE DO SUL;ENTENDENDO VANTAGENS E DESVANTAGENS EM APLICAÇÕES MONOLÍTICAS VERSUS O USO DE MICRO-SERVIÇOS;DISSERTAÇÃO;['DANIEL DOS SANTOS KRUG']
UFPEL;UNIVERSIDADE FEDERAL DE PELOTAS;Inserção de óxido de grafeno em fotoeletrodos de ZnS crescidos sobre ZnO;DISSERTAÇÃO;['THIAGO KURZ PEDRA']
FURG;UNIVERSIDADE FEDERAL DO RIO GRANDE;Modelagem preditiva visando o suporte à operação de guindastes;DISSERTAÇÃO;['MARCOS VILLELA RODRIGUES']
UFRGS;UNIVERSIDADE FEDERAL DO RIO GRANDE DO SUL;Sementes paleozóicas do Afloramento Cocuruto (Mariana Pimentel, RS): taxonomia, síndromes de dispersão, afinidades botânicas e significado bioestratigráfico;DISSERTAÇÃO;['RAUL SANTOS DO PRADO']
FURG;UNIVERSIDADE FEDERAL DO RIO GRANDE;RELAÇÃO ENTRE CICLONES EXTRATROPICAIS E ONDAS DE CALOR MARINHAS NO SUDOESTE DO OCEANO ATLÂNTICO;TESE;['CARINA KLUG PADILHA REINKE']
UFRGS;UNIVERSIDADE FEDERAL DO RIO GRANDE DO SUL;RECONSTITUIÇÃO PALEOAMBIENTAL E PALEOECOLÓGICA DO TRIÁSSICO DO RIO GRANDE DO SUL COM BASE EM EVIDÊNCIAS GEOQUÍMICAS EM DENTES DE TETRÁPODES;TESE;['LEONARDO CORECCO DE QUEIROZ']
UFPEL;UNIVERSIDADE FEDERAL DE PELOTAS;Balanceamento de Carga Baseado em Divisão de Tarefas Multimídia para RSSF Reativas;TESE;['WESLEN SCHIAVON DE SOUZA']
UFRGS;UNIVERSIDADE FEDERAL DO RIO GRANDE DO SUL;"""Astrossismologia de estrelas anãs brancas pulsantes de baixa massa""";TESE;['GABRIEL LAUFFER RAMOS']
PUCRS;PONTIFÍCIA UNIVERSIDADE CATÓLICA DO RIO GRANDE DO SUL;DIVERSITY IN VIRTUAL HUMANS: UNVEILING BIASES IN HUMAN CHARACTERISTICS;TESE;['VICTOR FLAVIO DE ANDRADE ARAUJO']
UFRGS;UNIVERSIDADE FEDERAL DO RIO GRANDE DO SUL;ContAudIT - Uma Abordagem de Auditoria Contínua com Blockchain para Gerenciamento de Mudanças em TI;DISSERTAÇÃO;['CARLOS EDUARDO DOS SANTOS FRAGA']
UFRGS;UNIVERSIDADE FEDERAL DO RIO GRANDE DO SUL;DFA and DCCA estimation in the presence of missing data								 								 								;DISSERTAÇÃO;['ALISSON SILVA NEIMAIER']
UFSM;UNIVERSIDADE FEDERAL DE SANTA MARIA;SÍNTESE DE DERIVADOS 1,2,3- TRIAZÓIS: OBTENÇÃO, CARACTERIZAÇÃO E ATIVIDADE TOXICOLÓGICA;DISSERTAÇÃO;['ELBA LIXINSKI GUTTERRES']
FURG;UNIVERSIDADE FEDERAL DO RIO GRANDE;Planejamento de Próximo Melhor Ponto de Vista com Imagens Multi-domínio Baseado em Aprendizado por Reforço Profundo;DISSERTAÇÃO;['MATHEUS GONCALVES MATEUS']
UFRGS;UNIVERSIDADE FEDERAL DO RIO GRANDE DO SUL;Uma Reflexão em Ciência de Dados sobre o Comportamento de Compra e Sistemas de Recomendação Explicáveis;DISSERTAÇÃO;['CLAUDIA FRANCESCA SUAREZ MARISCAL']
UFRGS;UNIVERSIDADE FEDERAL DO RIO GRANDE DO SUL; Areference ontology of portions of matter;DISSERTAÇÃO;['LUCAS VALADARES VIEIRA']
UFPEL;UNIVERSIDADE FEDERAL DE PELOTAS;Abordagem IoT PD-RPM: Promovendo Aderência à Diálise Peritoneal Considerando o Cenário da Internet das Coisas;TESE;['ROGERIO DA COSTA ALBANDES']
FURG;UNIVERSIDADE FEDERAL DO RIO GRANDE;Biorremediação de micotoxinas nas águas residuais do cultivo do arroz;TESE;['JULIANE NATALIA LIMA DA SILVA']
UFPEL;UNIVERSIDADE FEDERAL DE PELOTAS;+Ludus: Inclusão e Aprendizagem Através de Jogos Digitais para Crianças com TEA;TESE;['MARCELO DA SILVEIRA SIEDLER']
UFRGS;UNIVERSIDADE FEDERAL DO RIO GRANDE DO SUL;INTEGRAÇÃO DE DADOS DE CERTIFICAÇÃO EM SUSTENTABILIDADE  AMBIENTAL NA INFRAESTRUTURA DE DADOS ESPACIAIS DO MUNICÍPIO DE  PORTO ALEGRE  ;DISSERTAÇÃO;['WANESSA MEZZOMO']
UFPEL;UNIVERSIDADE FEDERAL DE PELOTAS;ABSAuDA - Análise de Sentimentos baseado em Aspectos utilizando Análise de Dependência.;DISSERTAÇÃO;['FRANCISCO DIAS FRANCO']
FURG;UNIVERSIDADE FEDERAL DO RIO GRANDE;":"" DIVERSIDADE E DISTRIBUIÇÃO DOS TALIÁCEOS (TUNICATA, THALIACEA), NA PLATAFORMA EXTERNA E TALUDE SUDESTE E SUL DO BRASIL";DISSERTAÇÃO;['DOUGLAS DA SILVA RODRIGUES']
UFRGS;UNIVERSIDADE FEDERAL DO RIO GRANDE DO SUL;ANÁLISE DE MICROESTRUTURA DENTÁRIA E ÓSSEA EM MESOSAURIDAE: IMPLICAÇÕES NA TAXONOMIA, ONTOGENIA E PALEOECOLOGIA DO GRUPO;TESE;['THIAGO CARLISBINO']
FURG;UNIVERSIDADE FEDERAL DO RIO GRANDE;A influência dos parâmetros físicos sobre o ictioplâncton mesopelágico do Atlântico Sudoeste;DISSERTAÇÃO;['VERONICA FERNANDES COSTA']
PUCRS;PONTIFÍCIA UNIVERSIDADE CATÓLICA DO RIO GRANDE DO SUL;VISUALIZAÇÃO DE DADOS FALTANTES PARA MELHORIA DA QUALIDADE DOS CONJUNTOS DE DADOS;DISSERTAÇÃO;['LEANDRO DE OLIVEIRA ALFONSO']
UNIPAMPA;UNIVERSIDADE FEDERAL DO PAMPA;ONTOOBADI: UMA ONTOLOGIA PARA REPOSITÓRIOS DE OBJETOS DE APRENDIZAGEM DIGITAIS;DISSERTAÇÃO;['SAMUEL MULLER FORRATI']
UFRGS;UNIVERSIDADE FEDERAL DO RIO GRANDE DO SUL;ANÁLISE ESTRATIGRÁFICA DE SUCESSÕES VULCÂNICAS: UMA ABORDAGEM MULTIPROXY NA ILHA DA TRINDADE;TESE;['NATALIA GAUER PASQUALON']
UFSM;UNIVERSIDADE FEDERAL DE SANTA MARIA;ENGENHARIA DE CRISTAIS: ESTUDO SUPRAMOLECULAR DE 1-, 1,3-BIS E 1,3,5-TRIS (CARBOXAMIDA)BENZENOS CONTENDO SUBSTITUINTES AMINOÁCIDOS;TESE;['PRISCILA SANTOS VIEIRA DE LIMA']
PUCRS;PONTIFÍCIA UNIVERSIDADE CATÓLICA DO RIO GRANDE DO SUL;RISK SITUATION DETECTOR FOR ELDERLY PEOPLE BASED ON TIME-SERIES ANALYSIS;TESE;['MAICON DIOGO MUCH']
UNISINOS;UNIVERSIDADE DO VALE DO RIO DOS SINOS;HEALCITY: USANDO DADOS DE SINAIS VITAIS DOS CIDADÃOS E A TÉCNICA DE ELASTICIDADE PARA GERÊNCIA DE AMBIENTES DE SAÚDE NO CONTEXTO DE CIDADES INTELIGENTES;TESE;['GABRIEL SOUTO FISCHER']
UNISINOS;UNIVERSIDADE DO VALE DO RIO DOS SINOS;Arquitetura para identificação de pragas em imagens utilizando aprendizado profundo;TESE;['MARIA ELOISA MIGNONI']
UFRGS;UNIVERSIDADE FEDERAL DO RIO GRANDE DO SUL;PerfResolv: Analisando o Desempenho de Resolvedores DNS Públicos em Relação à Popularidade de Domínios;DISSERTAÇÃO;['MARCELO ALMEIDA DA SILVA']
UNISINOS;UNIVERSIDADE DO VALE DO RIO DOS SINOS;Estudos potenciais e radiométricos aplicados às regiões offshore e onshore das bacias de Pelotas (Brasil) e do SW da África;TESE;['CLAUDIA DOMINGUES TEIXEIRA']
UFRGS;UNIVERSIDADE FEDERAL DO RIO GRANDE DO SUL;SÍNTESE DE POLÍMEROS E COPOLÍMEROS EM BLOCO ANFÍFILICOS DE POLI( -CAPROLACTONA) E POLI(METACRILATO DE 2-HIDROXIETILA) UTILIZANDO INICIADORES LIPÍDICOS;TESE;['JULIANA RODRIGUES ISIDORO']
UFSM;UNIVERSIDADE FEDERAL DE SANTA MARIA;AVALIAÇÃO DO EMPREGO DA RADIAÇÃO MICRO-ONDAS PARA A PIRÓLISE DE CASCA DE ARROZ E OBTENÇÃO DE PRODUTOS COM MAIOR VALOR AGREGADO;DISSERTAÇÃO;['MARIANGELA BRUCH DOS SANTOS']
UFRGS;UNIVERSIDADE FEDERAL DO RIO GRANDE DO SUL;CARACTERIZAÇÃO DE DEPÓSITOS DE MINERAIS PESADOS RICOS EM  TITÂNIO NO LITORAL DO ESTADO DO RIO GRANDE DO SUL A PARTIR DE  DADOS DE SENSORIAMENTO REMOTO TERMAL ORBITAL E PROXIMAL ;TESE;['GABRIEL PRATES HALLAL']
UFRGS;UNIVERSIDADE FEDERAL DO RIO GRANDE DO SUL;EFEITOS DA ADIÇÃO DE ÁCIDO CÍTRICO E CELULOSE MICROFIBRILADA EM FILMES DE AMIDO TERMOPLÁSTICO PARA LIBERAÇÃO LENTA DE UREIA;DISSERTAÇÃO;['VANESSA SILVA DE LIMA']
UFPEL;UNIVERSIDADE FEDERAL DE PELOTAS;Estudo da adsorção de glifosato em grafeno e algumas de suas funcionalizações via teoria do funcional da densidade;DISSERTAÇÃO;['WANDERSON SOUZA ARAUJO']
UFRGS;UNIVERSIDADE FEDERAL DO RIO GRANDE DO SUL;O COMPLEXO PINHEIRO MACHADO: IMPLICAÇÕES NA EVOLUÇÃO DO TERRENO PELOTAS, CINTURÃO DOM FELICIANO, RS;TESE;['VIVIANNE ANDRADE BASTOS']
UFRGS;UNIVERSIDADE FEDERAL DO RIO GRANDE DO SUL;NEATRouter: A New Tool for 2D Global Routing;DISSERTAÇÃO;['LUIS ENRIQUE MURILLO VIZCARDO']
UFRGS;UNIVERSIDADE FEDERAL DO RIO GRANDE DO SUL;Seleção de ordem em modelos GARMA: uma perspectiva bayesiana;DISSERTAÇÃO;['KATERINE ZUNIGA LASTRA']
FURG;UNIVERSIDADE FEDERAL DO RIO GRANDE;TECNOLOGIA DO HIDROGÊNIO: CARVÕES DE BIOMASSAS COMO SUPORTES DE NANOPARTÍCULAS DE Pd APLICADOS EM ELETROCATÁLISE;DISSERTAÇÃO;['IDELSO CANDIDO PEREIRA JUNIOR']
FURG;UNIVERSIDADE FEDERAL DO RIO GRANDE;PROTOMAGNETARES COMO POSSÍVEIS MOTORES CENTRAIS EM GRBS LONGOS COM EMISSÃO ESTENDIDA;DISSERTAÇÃO;['HENRIQUE DOMINGUES HIRSCH']
FURG;UNIVERSIDADE FEDERAL DO RIO GRANDE;Modelagem, Simulação e Controle de Uma Plataforma Robótica Omnidirecional para Aplicação em Treinamento de Marcha;DISSERTAÇÃO;['VICTOR BARROS COCH']
UFPEL;UNIVERSIDADE FEDERAL DE PELOTAS;Análise Preditiva do Nível de Água no Canal São Gonçalo Utilizando Modelos de Aprendizado de Máquina: Uma Abordagem Integrativa para a Gestão Hídrica;TESE;['PAULO RICARDO BARBIERI DUTRA LIMA']
UFSM;UNIVERSIDADE FEDERAL DE SANTA MARIA;COGRAFOS COM INTERVALOS LIVRES DE AUTOVALORES;DISSERTAÇÃO;['RAFAEL MUHD PEDROSO']
UFRGS;UNIVERSIDADE FEDERAL DO RIO GRANDE DO SUL;APLICAÇÃO DE MODELOS IN SILICO PARA AVALIAÇÃO DA TOXICIDADE DE RESÍDUOS DE AGROTÓXICOS, FÁRMACOS E SEUS METABÓLITOS;DISSERTAÇÃO;['MARCELO SIQUEIRA ALVES']
UFRGS;UNIVERSIDADE FEDERAL DO RIO GRANDE DO SUL;Número Mínimo de Autovalores Distintos de um Grafo;DISSERTAÇÃO;['VIRGINIA PIGATTO PEREIRA']
FURG;UNIVERSIDADE FEDERAL DO RIO GRANDE;Comparação de Ensemble de Funções de Escore em Docagem Molecular Proteína-Ligante;DISSERTAÇÃO;['MAURICIO DORNELES CALDEIRA BALBONI']
PUCRS;PONTIFÍCIA UNIVERSIDADE CATÓLICA DO RIO GRANDE DO SUL;EXPLORING SOFT ERROR SUSCEPTIBILITY IN FET DEVICES VIA GEANT4 SIMULATION;DISSERTAÇÃO;['ELISA GARCIA PEREIRA']
UFSM;UNIVERSIDADE FEDERAL DE SANTA MARIA;REAÇÕES DE FLUORAÇÃO EM 5-ARIL(HETEROARIL)-7-(TRIFLUORMETIL)-2-METILPIRAZOLO[1,5-A]PIRIMIDINAS: SÍNTESE E ESTUDO FOTOFÍSICO;DISSERTAÇÃO;['JULIANE NASCIMENTO ARAUJO']
UNIPAMPA;UNIVERSIDADE FEDERAL DO PAMPA;Explorando a Estratégia Serverless First no Desenvolvimento de Aplicativos em Nuvem;DISSERTAÇÃO;['ADRIANO PRADO CAVALHEIRO']
PUCRS;PONTIFÍCIA UNIVERSIDADE CATÓLICA DO RIO GRANDE DO SUL;RECOMMENDATIONS TO APPLY ARTIFICIAL INTELLIGENCE IN SOFTWARE ENGINEERING;TESE;['DOUGLAS MATOS DE SOUZA']
UFRGS;UNIVERSIDADE FEDERAL DO RIO GRANDE DO SUL;EXPLORING NITROGEN-CONTAINING HETEROCYCLIC COMPOUNDS: Synthesis of Amino Acid Derivatives as Enantioselective Sensors and Photocatalytic Synthesis of Phenanthridine in Bioorthogonal Medium;TESE;['NATALI PIRES DEBIA']
UNISINOS;UNIVERSIDADE DO VALE DO RIO DOS SINOS;A semantic interoperability model based on NLP for non-structured health data;TESE;['BLANDA HELENA DE MELLO']
UFRGS;UNIVERSIDADE FEDERAL DO RIO GRANDE DO SUL;MUDROCKZOOM: ANÁLISE COMPARATIVA ENTRE DATASETS REAIS E DEGRADADOS PARA SUPER-RESOLUÇÃO PETROGRÁFICA;DISSERTAÇÃO;['GABRIEL MONACO RIBEIRO DA SILVA']
UNISINOS;UNIVERSIDADE DO VALE DO RIO DOS SINOS;IMPULSE RESPONSE POSITION AND RESOLUTION INFLUENCE IN SPATIAL AUDIO FOR VIRTUAL REALITY: An Immersive Paleontological Experience;DISSERTAÇÃO;['GUSTAVO CORREA DE ALMEIDA']
UFRGS;UNIVERSIDADE FEDERAL DO RIO GRANDE DO SUL;DESENVOLVIMENTO E CARACTERIZAÇÃO DE NANO E MICROESTRUTURAS PREPARADAS A PARTIR DE SURFACTANTES NATURAIS;DISSERTAÇÃO;['ALIAR ANACLETO JUNG']
UFRGS;UNIVERSIDADE FEDERAL DO RIO GRANDE DO SUL;PARTÍCULAS BIOINORGÂNICAS METAL-PROTEÍNA, COM AÇÃO ANTIMICROBIANA, INCORPORADAS EM FILMES DE CASEÍNA PARA APLICAÇÃO EM DOENÇAS DE PELE CANINA;DISSERTAÇÃO;['LEONARDO FERREIRA MEDEIROS']
UFSM;UNIVERSIDADE FEDERAL DE SANTA MARIA;EFEITO HARTMAN E MECÂNICA BOHMIANA;TESE;['SAID JOSE LANTIGUA LOPEZ']
FURG;UNIVERSIDADE FEDERAL DO RIO GRANDE;AMOSTRAGEM PASSIVA COMO FERRAMENTA DE AVALIAÇÃO DE MICROCONTAMINANTES ORGÂNICOS NA COLUNA DE ÁGUA NO ESTUÁRIO DE SANTOS (SP);DISSERTAÇÃO;['ALAN CARLOS DE ALMEIDA']
FURG;UNIVERSIDADE FEDERAL DO RIO GRANDE;Sobre a reativação tardia de magnetares de milissegundos no cenário dos GRBs;DISSERTAÇÃO;['ANA BEATRIZ MINARI DOS SANTOS']
UFPEL;UNIVERSIDADE FEDERAL DE PELOTAS;Power-Efficient Motion Estimation Hardware Design for Real-Time UHD Video Compression in Mobile Devices: A Memory-Centered and CTB-Based Approach;TESE;['MURILO ROSCHILDT PERLEBERG']
UFRGS;UNIVERSIDADE FEDERAL DO RIO GRANDE DO SUL;INFLUÊNCIAS NATURAIS E ANTRÓPICAS NA EVOLUÇÃO PALEOAMBIENTAL DO SISTEMA LAGUNAR PATOS-MIRIM AO LONGO DO HOLOCENO: UMA ANÁLISE MULTIPROXY;TESE;['ANDREIA SOUZA PEREIRA DE AVILA']
FURG;UNIVERSIDADE FEDERAL DO RIO GRANDE;MOLUSCOS BIVALVES COMO SENTINELAS DA CONTAMINAÇÃO POR MICROPLÁSTICOS NO EXTREMO SUL DO BRASIL;DISSERTAÇÃO;['LAURA MARQUIS JANKAUSKAS']
UFSM;UNIVERSIDADE FEDERAL DE SANTA MARIA;UMA METODOLOGIA PARA DESENVOLVER SIMULAÇÕES DISTRIBUÍDAS HLA USANDO DSEEP GUIADO A MODELOS COM OPM E UML;DISSERTAÇÃO;['JOAO GABRIEL DA CUNHA SCHITTLER']
UFRGS;UNIVERSIDADE FEDERAL DO RIO GRANDE DO SUL;Heterociclos para a formação de compostos fluorescentes, ligantes para metais de transição e borilação de fenóis;TESE;['CAMILA PORTO EBERSOL']
UFRGS;UNIVERSIDADE FEDERAL DO RIO GRANDE DO SUL;Interactive Exploration of User Data Based on Multiple Hypothesis Testing;DISSERTAÇÃO;['VICENTE NEJAR DE ALMEIDA']
UFSM;UNIVERSIDADE FEDERAL DE SANTA MARIA;SÍNTESE, CARACTERIZAÇÃO E ESTRUTURA MOLECULAR DE COMPLEXOS DE COORDENAÇÃO DE COBRE(II) COM LIGANTES DERIVADOS DE 1,3,4-TIADIAZÓIS;TESE;['ANA JULIA ZIMMERMANN LONDERO']
UFSM;UNIVERSIDADE FEDERAL DE SANTA MARIA;SÍNTESE DE PIRIDO/BENZO[b][1,4]SELENAZINAS E 1,3-SELENAZÓIS 2-ACIL-SUBSTITUÍDOS A PARTIR DE DISSELENETOS DE (BIS)ORTO-AMINO (HETERO)ARILA;TESE;['FELIPE BOZ SANTOS']
UFRGS;UNIVERSIDADE FEDERAL DO RIO GRANDE DO SUL;Álgebras de Hopf fracas sobre anéis comutativos e extensões de Hopf-Ore primitivas fracas;DISSERTAÇÃO;['RAFAEL HAAG PETASNY']
UFSM;UNIVERSIDADE FEDERAL DE SANTA MARIA;AGRUPAMENTO DE RECOMENDAÇÕES DE RACIOCÍNIO BASEADO EM CASOS NA RESPOSTA A INCIDENTES DE SEGURANÇA CIBERNÉTICA;DISSERTAÇÃO;['PATRICK ANDREI CARON GUERRA']
UFSM;UNIVERSIDADE FEDERAL DE SANTA MARIA;ESTUDO COMPUTACIONAL  DAS PROPRIEDADES TERMODINÂMICAS E DINÂMICAS DA ÁGUA SOBRE SUPERFÍCIES BI- DIMENSIONAIS COM CORRUGAÇÃO;DISSERTAÇÃO;['RAFAEL GUSTAVO ROSSATTO']
PUCRS;PONTIFÍCIA UNIVERSIDADE CATÓLICA DO RIO GRANDE DO SUL;Business Discovery: Como descobrir valor de negócio antecipadamente em desenvolvimento de software;DISSERTAÇÃO;['MATEUS KIRINUS PIVETA']
PUCRS;PONTIFÍCIA UNIVERSIDADE CATÓLICA DO RIO GRANDE DO SUL;SECURING APPLICATIONS IN NOC-BASED MANY-CORE SYSTEMS: A COMPREHENSIVE METHODOLOGY;TESE;['RAFAEL FOLLMANN FACCENDA']
UFRGS;UNIVERSIDADE FEDERAL DO RIO GRANDE DO SUL;Graph Neural Networks for Clinical Risk Prediction Based on Patient Similarity Graphs;DISSERTAÇÃO;['HELOISA OSS BOLL']
PUCRS;PONTIFÍCIA UNIVERSIDADE CATÓLICA DO RIO GRANDE DO SUL;ORCA RT-TOOLS - A SUITE OF TOOLS TO SUPPORT REAL-TIME ANALYSIS ON MANYCORE SYSTEMS;TESE;['ANDERSON ROBERTO PINHEIRO DOMINGUES']
FURG;UNIVERSIDADE FEDERAL DO RIO GRANDE;Desreplicação dos extratos brutos de vegetais dos gêneros Eugenia e Myrceugenia e atividades biológicas;TESE;['MATHEUS HENRIQUE OLIVEIRA DE SOUSA']
UFSM;UNIVERSIDADE FEDERAL DE SANTA MARIA;ARQUITETURA DE MICRO-FRONTENDS BASEADA EM PRINCÍPIOS DE MICROSSERVIÇOS PARA O PDSA-RS;DISSERTAÇÃO;['RODRIGO PERLIN']
FURG;UNIVERSIDADE FEDERAL DO RIO GRANDE;MICROEXTRAÇÃO LÍQUIDO-LÍQUIDO DISPERSIVA EM FASE REVERSA COMBINADA COM HR-CS GF AAS PARA A DETERMINAÇÃO DE CROMO EM HIDRATANTE LABIAL;DISSERTAÇÃO;['ENILIN DE MENDONCA DE AZEVEDO']
UFRGS;UNIVERSIDADE FEDERAL DO RIO GRANDE DO SUL;SÍNTESE E CARACTERIZAÇÃO DE FORMIL DERIVADOS FOTOATIVOS POR TRANSFERÊNCIA PROTÔNICA INTRAMOLECULAR NO ESTADO EXCITADO (ESIPT);DISSERTAÇÃO;['LILIAN CAMARGO DA LUZ']
UFPEL;UNIVERSIDADE FEDERAL DE PELOTAS;Em Busca de Navegação Socialmente Aceita e Confortável com Foco em Cadeiras de Rodas Autônomas;TESE;['KRISTOFER STIFT KAPPEL']
UFRGS;UNIVERSIDADE FEDERAL DO RIO GRANDE DO SUL;Parabolicidade de Variedades Riemannianas Sob a Perspectiva da Teoria do Potencial;DISSERTAÇÃO;['LUIZA DE PIZZOL']
UFPEL;UNIVERSIDADE FEDERAL DE PELOTAS;Provendo Eficiência Energética na Codificação de Vídeo usando Subtratores Aproximados na Predição Interquadros;TESE;['RAFAEL DOS SANTOS FERREIRA']
UFPEL;UNIVERSIDADE FEDERAL DE PELOTAS;Efeito de campos magnéticos na rede de ising triangular frustrada;DISSERTAÇÃO;['MATEUS BARCELLOS DA SILVA']
UFRGS;UNIVERSIDADE FEDERAL DO RIO GRANDE DO SUL;Explorando a Fronteira da Tomada de Decisões: Realidade Virtual e Habilidades Espaciais no Planejamento Estratégico;DISSERTAÇÃO;['JERSON GERALDO NETO']
UFRGS;UNIVERSIDADE FEDERAL DO RIO GRANDE DO SUL;Aprendizagem Temporal Neuro-simbólica em Redes de Tensores Lógicos;DISSERTAÇÃO;['ANDRE LUCIANO RAKOWSKI']
UFSM;UNIVERSIDADE FEDERAL DE SANTA MARIA;CATÁLOGO DE MELHORES PRÁTICAS DE GESTÃO DE PESSOAS EM PROJETOS DE DESENVOLVIMENTO DE SOFTWARE;DISSERTAÇÃO;['MARCELO FALKOWSKI BURKARD']
UFRGS;UNIVERSIDADE FEDERAL DO RIO GRANDE DO SUL;Efficient Constraint-Based Approach for Endoscopic Surgery Simulation;DISSERTAÇÃO;['MARCELO GOMES MARTINS']
UFRGS;UNIVERSIDADE FEDERAL DO RIO GRANDE DO SUL;A CORAGEM DE DESALOJAR-SE DE CONCEITOS DO ENSINO DE CIÊNCIAS DA NATUREZA E SEUS DESAFIOS PARA A FORMAÇÃO DOCENTE;TESE;['MARIANA STEGUES MARASCA DOS SANTOS']
UFPEL;UNIVERSIDADE FEDERAL DE PELOTAS;Development of Methods for Halogen and Sulfur Determination, Speciation and Bioavailability Assessment in Seafood;TESE;['FERNANDA PITT BALBINOT']
UNISINOS;UNIVERSIDADE DO VALE DO RIO DOS SINOS;AIDA: UMA ARQUITETURA INTELIGENTE PARA GERENCIAMENTO DE DIABETES;TESE;['LUIS CLAUDIO GUBERT']
UFRGS;UNIVERSIDADE FEDERAL DO RIO GRANDE DO SUL;RELAÇÕES ENTRE A PERMEABILIDADE E A EROSÃO COSTEIRA NO LITORAL NORTE DO RIO GRANDE DO SUL;TESE;['ELAINE BARONI DE OLIVEIRA']
UFRGS;UNIVERSIDADE FEDERAL DO RIO GRANDE DO SUL;Frequency Adjustment of Triangle Meshes;DISSERTAÇÃO;['FELIPE EINSFELD KERSTING']
UFRGS;UNIVERSIDADE FEDERAL DO RIO GRANDE DO SUL;HIDROGÉIS DE ALGINATO PARA BIOIMPRESSÃO 3D: UM ESTUDO EXPLORATÓRIO.;DISSERTAÇÃO;['NATALIA KOHLRAUSCH VERNETTI DOS SANTOS']
UNISINOS;UNIVERSIDADE DO VALE DO RIO DOS SINOS;VIBES: A COMPUTATIONAL MODEL FOR STUDENT BEHAVIOR INFERENCE THROUGH USER-DEFINED BEHAVIORS AND CONTEXT AWARENESS;DISSERTAÇÃO;['LUIS GUILHERME EICH']
UFRGS;UNIVERSIDADE FEDERAL DO RIO GRANDE DO SUL;Captação  de  água  atmosférica  utilizando  nanomateriais (Atmospheric  Water  Harvesting  Using Nanomaterials);TESE;['FERNANDA RODRIGUES LEIVAS']
FURG;UNIVERSIDADE FEDERAL DO RIO GRANDE;AGROTÓXICOS EM AMOSTRAS DE ÁGUA E SEDIMENTO: ESTUDO DE MÉTODOS ANALÍTICOS E INVESTIGAÇÃO DA OCORRÊNCIA NA BACIA HIDROGRÁFICA DO ARROIO SÃO LOURENÇO;TESE;['JULIANE MARQUES DOS SANTOS']
PUCRS;PONTIFÍCIA UNIVERSIDADE CATÓLICA DO RIO GRANDE DO SUL;ARMAZENAMENTO DE DADOS EM APPENDABLE-BLOCK BLOCKCHAIN: CASO DE USO PARA A GESTÃO DO CICLO DE VIDA DE DISPOSITIVOS;DISSERTAÇÃO;['RODRIGO WETZEL SILVEIRA']
UNIPAMPA;UNIVERSIDADE FEDERAL DO PAMPA;CoderBot: um assistente virtual para apoiar a aprendizagem de programação por meio de worked examples;DISSERTAÇÃO;['RENATO DE SOUZA GARCIA']
PUCRS;PONTIFÍCIA UNIVERSIDADE CATÓLICA DO RIO GRANDE DO SUL;ENHANCING LIFETIME RELIABILITY OF MANYCORE SYSTEMS THROUGH REINFORCEMENT LEARNING-BASED TASK MANAGEMENT;TESE;['IACANA IANISKI WEBER']
FURG;UNIVERSIDADE FEDERAL DO RIO GRANDE;CARCAÇAS ENCALHADAS COMO INDICADORES DA INTERAÇÃO DA MEGAFAUNA COM A PESCA: UM ESTUDO DE CASO COM O LEÃO-MARINHO -SUL-AMERICANO NO EXTREMO SUL DO BRASIL;DISSERTAÇÃO;['CAIO RIBEIRO SOARES OLIVEIRA']
UFRGS;UNIVERSIDADE FEDERAL DO RIO GRANDE DO SUL;SÍNTESE DE NANOPARTÍCULAS MULTIFUNCIONAIS COM POTENCIAL APLICAÇÃO EM MATERIAIS CONDUTORES;DISSERTAÇÃO;['ANA PAULA SOARES ZANATTA']
FURG;UNIVERSIDADE FEDERAL DO RIO GRANDE;Recursos Didáticos Acessíveis com Foco na Deficiência Visual: uma abordagem baseada na Internet das Coisas;DISSERTAÇÃO;['DERLAIN MONTEIRO DE LEMOS']
UFPEL;UNIVERSIDADE FEDERAL DE PELOTAS;Metaciência da Computação: Um Estudo Sobre Taxonomia de Pesquisa;TESE;['ALESSANDER OSORIO']
UFSM;UNIVERSIDADE FEDERAL DE SANTA MARIA; Síntese de 3 e 4-(organosselenil)-quinolinas via reação de  ciclização intramolecular;TESE;['GUILHERME LUTZ DA SILVA']
UFRGS;UNIVERSIDADE FEDERAL DO RIO GRANDE DO SUL;SÍNTESE REGIOSSELETIVA DE CALCOGENOFURANOS POLISSUBSTITUÍDOS MEDIADA POR LUZ VISÍVEL;TESE;['BIANCA THAIS DALBERTO']
UFRGS;UNIVERSIDADE FEDERAL DO RIO GRANDE DO SUL;A evolução da mineração de processos no Brasil: Uma revisão sistemática da literatura;DISSERTAÇÃO;['TASSIANE GIACOMELLI DINKOWSKI']
UFRGS;UNIVERSIDADE FEDERAL DO RIO GRANDE DO SUL; Anapproach based on language models and  natural language definitions for relationship  classification;DISSERTAÇÃO;['MARINA MARTINS AMORIM']
FURG;UNIVERSIDADE FEDERAL DO RIO GRANDE;"""Ecologia trófica de Gymnoscopelus bolini e Lepidophanes guentheri (Myctophidae: Myctophiformes) no Atlântico Sudoeste Subtropical”.";DISSERTAÇÃO;['LAURA ALMA SAMPAIO MORAES DA COSTA']
PUCRS;PONTIFÍCIA UNIVERSIDADE CATÓLICA DO RIO GRANDE DO SUL;LODUS-HEALTH: UMA FERRAMENTA PARA SIMULAÇÃO DO FLUXO DE PACIENTES NOS LEITOS DOS HOSPITAIS DE PORTO ALEGRE.;DISSERTAÇÃO;['GABRIEL VAZ DE SOUZA']
UFRGS;UNIVERSIDADE FEDERAL DO RIO GRANDE DO SUL;Grafos com poucos autovalores distintos;TESE;['NELCY ESPERANZA AREVALO BAQUERO']
UFPEL;UNIVERSIDADE FEDERAL DE PELOTAS;Dedicated Hardware Architectures for the Affine Motion Estimation of Versatile Video Coding Video Standard for Real-Time UHD Videos;DISSERTAÇÃO;['MARCELLO MORALES MUNOZ']
FURG;UNIVERSIDADE FEDERAL DO RIO GRANDE;TOLERÂNCIA DO MICROCRUSTÁCEO Artemia franciscana AOS METAIS: UMA ABORDAGEM INTEGRADA DE ANÁLISE TOXICOLÓGICA, PROCESSOS TOXICOCINÉTICOS E TOXICODINÂMICOS E MECANISMOS MOLECULARES;TESE;['RAFAEL GREGORIO PINTO HIDROGO']
UNISINOS;UNIVERSIDADE DO VALE DO RIO DOS SINOS;UM MODELO MULTINÍVEL PARA ESTRUTURAÇÃO DE INFORMAÇÕES CONTIDAS EM EVOLUÇÕES DE PRONTUÁRIOS ESCRITOS EM TEXTO LIVRE;TESE;['JEZER MACHADO DE OLIVEIRA']
UFRGS;UNIVERSIDADE FEDERAL DO RIO GRANDE DO SUL;Método ANN-MoC para problemas de transporte de partículas neutras em geometria 1D;DISSERTAÇÃO;['AUGUSTO TCHANTCHALAM']
UFRGS;UNIVERSIDADE FEDERAL DO RIO GRANDE DO SUL;Designing and Implementing Digital Twins with Cloud and Edge Computing: Challenges and Opportunities;DISSERTAÇÃO;['FRANCISCO PAIVA KNEBEL']
UFRGS;UNIVERSIDADE FEDERAL DO RIO GRANDE DO SUL;In-network computing: overcoming constraints, failures, and configuration challenges;TESE;['RICARDO PARIZOTTO']
FURG;UNIVERSIDADE FEDERAL DO RIO GRANDE;O EFEITO DE EVENTOS EXTREMOS DE SALINIDADENOICTIOPLÂNCTON ESTUARINO E COSTEIRO;DISSERTAÇÃO;['RUAN MATHEUS TEIXEIRA SOARES']
UFRGS;UNIVERSIDADE FEDERAL DO RIO GRANDE DO SUL;Estratégia Multialvo: Híbridos Lofina-Ácido Micofenólico com possíveis propriedades anticolinesterásicas, antioxidantes e antiagregação para a Doença de Alzheimer;DISSERTAÇÃO;['GUILHERME CARTAXO DE LIMA GOSSLING']
UFRGS;UNIVERSIDADE FEDERAL DO RIO GRANDE DO SUL;Simulação de uma Célula a Combustível a Etanol Direto por meio de Diferenças Finitas;DISSERTAÇÃO;['NEEMIAS RODRIGUES DE VARGAS']
UFRGS;UNIVERSIDADE FEDERAL DO RIO GRANDE DO SUL;Hidrogenação catalítica do CO2 para a produção de ácido fórmico utilizando complexos de rutênio(II) contendo ligantes aciltioureia na presença de líquido iônico;TESE;['LUCIELLE CODEIM DRESCH']
UFRGS;UNIVERSIDADE FEDERAL DO RIO GRANDE DO SUL;AVALIAÇÃO DA PRODUTIVIDADE PRIMÁRIA BRUTA DE VEGETAÇÃO  CAMPESTRE NO BIOMA PAMPA BRASILEIRO: INTEGRAÇÃO DE DADOS DE  CAMPO, TORRES DE FLUXO E SENSORIAMENTO REMOTO;DISSERTAÇÃO;['JUAN CARLOS GUERRA BLAS']
UFSM;UNIVERSIDADE FEDERAL DE SANTA MARIA;PLANEJAMENTO BASEADO EM CASOS PARA PATHFINDING ENGANOSO EM TERRENOS COM TOPOGRAFIA;DISSERTAÇÃO;['CRHISTOPHER LENHARD']
FURG;UNIVERSIDADE FEDERAL DO RIO GRANDE;“ALTERAÇÕES DE LONGO PRAZO NA DINÂMICA POPULACIONAL EM AVALIAÇÕES DE ESTOQUES DE PEIXES DEMERSAIS INTENSAMENTE EXPLORADOS NO SUL DO BRASIL.”,;TESE;['EIDI KIKUCHI SANTOS']
FURG;UNIVERSIDADE FEDERAL DO RIO GRANDE;Eletrodo modificado com filme de biochar de soja aplicado a determinação voltamétrica de cafeína;DISSERTAÇÃO;['CAROLINE ATHAIDES MILER']
FURG;UNIVERSIDADE FEDERAL DO RIO GRANDE;MUDANÇAS RELATIVAS NO NÍVEL DE BASE E EVOLUÇÃO RESULTANTE DE UM SISTEMA LAGUNAR HOLOCÊNICO NO EXTREMO SUL DO BRASIL;DISSERTAÇÃO;['VERIDIANA OLIVEIRA DOS SANTOS']
UNIPAMPA;UNIVERSIDADE FEDERAL DO PAMPA;Uma API Gateway para Controle de Acesso baseado em Arquitetura para Microsserviços;DISSERTAÇÃO;['RODRIGO CARGNELUTTI']
UFRGS;UNIVERSIDADE FEDERAL DO RIO GRANDE DO SUL;Generalized Differences Methods for the fractional Laplacian and equations involving it;TESE;['GUILHERME FIORIN FORNEL']
UFRGS;UNIVERSIDADE FEDERAL DO RIO GRANDE DO SUL;"""Desvendando o mecanismo de armazenamento de hidrogênio em nanoestruturas metálicas"" (""Unraveling the hydrogen storage mechanism in metallic nanostructures"")";TESE;['LIVIA PUGENS MATTE']
UFRGS;UNIVERSIDADE FEDERAL DO RIO GRANDE DO SUL;IMPLEMENTAÇÃO DE METODOLOGIAS SUSTENTÁVEIS PARA A DETERMINAÇÃO DE FÁRMACOS, AGROTÓXICOS E COMPOSTOS ODORÍFEROS EM ÁGUAS SUPERFICIAIS;DISSERTAÇÃO;['NICOLE HAAS LAZZARI']
FURG;UNIVERSIDADE FEDERAL DO RIO GRANDE;ÁREAS MARINHAS PROTEGIDAS SOB AMEAÇA DE MICROPLÁSTICOS: UMA ABORDAGEM MULTI-ESCALAR;TESE;['BEATRIZ ZACHELLO NUNES']
UFSM;UNIVERSIDADE FEDERAL DE SANTA MARIA;CLIMATOLOGIA DA TEMPERATURA DA ALTA TROPOSFERA E BAIXA ESTRATOSFERA NA REGIÃO SUL DA AMÉRICA DO SUL;DISSERTAÇÃO;['MARCO ANTONIO GODINHO DOS REIS']
UFPEL;UNIVERSIDADE FEDERAL DE PELOTAS;Novas Alternativas Catalíticas para a Síntese de Compostos Heterocíclicos Nitrogenados;TESE;['LUIZ HENRIQUE DAPPER']
UNISINOS;UNIVERSIDADE DO VALE DO RIO DOS SINOS;NASP - NETWORK SLICE AS A SERVICE PLATFORM FOR NEW-GENERATION NETWORKS BEYOND 5G;DISSERTAÇÃO;['FELIPE HAUSCHILD GRINGS']
UFPEL;UNIVERSIDADE FEDERAL DE PELOTAS;Selenilação de 2-arilimidazo[1,2-a]piridinas promovida por Luz Visível utilizando Ácidos Arilselenínicos;DISSERTAÇÃO;['CAROLINE SIGNORINI GOMES']
PUCRS;PONTIFÍCIA UNIVERSIDADE CATÓLICA DO RIO GRANDE DO SUL;LEVERAGING NETWORK-WIDE ORCHESTRATION IN PROGRAMMABLE NETWORKS FOR ENHANCED NIDS PERFORMANCE;DISSERTAÇÃO;['HENRIQUE BECKER BRUM']
UNISINOS;UNIVERSIDADE DO VALE DO RIO DOS SINOS;B-TRACK: A MODEL FOR ASSISTING IN NON-COMMUNICABLE DISEASES THROUGH HUMAN BEHAVIOR ANALYSIS;TESE;['LUCAS PFEIFFER SALOMAO DIAS']
UFSM;UNIVERSIDADE FEDERAL DE SANTA MARIA;Distribuição de cromo e tálio em suplementos alimentares e águas estuarinas empregando voltametria associada à decomposição de amostras por radiação uv e de micro-ondas;TESE;['IGOR MARTINEZ TESSELE']
UFPEL;UNIVERSIDADE FEDERAL DE PELOTAS;Implementação de Programas de Formação Continuada para o Domínio de Tecnologias Educacionais: Análise de Percepções de Educadores sobre o Programa Letramento Digital e Criativo;TESE;['DIRCEU ANTONIO MARASCHIN JUNIOR']
UFRGS;UNIVERSIDADE FEDERAL DO RIO GRANDE DO SUL;Dinâmica e influência de fatores ambientais e antrópicos no transporte e distribuição de microplásticos no estuário do rio Tramandaí;DISSERTAÇÃO;['VANESSA FONTANA FONSECA']
UFSM;UNIVERSIDADE FEDERAL DE SANTA MARIA;GAMIEFECTS 2.0: UM FRAMEWORK PARA AVALIAR APRENDIZAGEM A PARTIR DO USO DA GAMIFICAÇÃO;DISSERTAÇÃO;['MARIA RITA OLIVEIRA BARNASKI']
UFRGS;UNIVERSIDADE FEDERAL DO RIO GRANDE DO SUL;Design of a Blockchain-based Secure Storage Architecture for Resource-Constrained Healthcare;DISSERTAÇÃO;['LAURA RODRIGUES SOARES']
FURG;UNIVERSIDADE FEDERAL DO RIO GRANDE;BIOMECÂNICA DA NATAÇÃO E ALIMENTAÇÃO DA MEDUSA Olindias sambaquiensis (CNIDARIA, HYDROZOA) DETERMINAM SUA DIETA E SELETIVIDADE DE PRESAS;DISSERTAÇÃO;['VITORIA RODRIGUES DE LEMOS']
UNISINOS;UNIVERSIDADE DO VALE DO RIO DOS SINOS;ADAPTIVE NETWORK MANAGEMENT IN 6G O-RAN: A Framework for Dynamic User Demands with Energy Efficiency Use-Case;TESE;['GUSTAVO ZANATTA BRUNO']
FURG;UNIVERSIDADE FEDERAL DO RIO GRANDE;Segmentação de Ervas Daninhas da Soja usando VT-Net: Um Modelo Transformer-Convolucional;DISSERTAÇÃO;['LUCAS DE SOUZA SILVA']
UNISINOS;UNIVERSIDADE DO VALE DO RIO DOS SINOS;A Value-based Approach for Information Classification;TESE;['LUCIANO IGNACZAK']
UFSM;UNIVERSIDADE FEDERAL DE SANTA MARIA;UM ESTUDO SOBRE A RESPOSTA FUNCIONAL EM MODELOS DISCRETOS PRESA PREDADOR;DISSERTAÇÃO;['RAVINE TAIS WENNINGKAMP']
UFRGS;UNIVERSIDADE FEDERAL DO RIO GRANDE DO SUL;ESTUDO ELETROQUÍMICO E ELETROANALÍTICO DO ANTICOAGULANTE ORAL EDOXABANA;TESE;['MANOELLY OLIVEIRA ROCHA']
UFPEL;UNIVERSIDADE FEDERAL DE PELOTAS;DESENVOLVIMENTO DE FUNÇÕES EM AMBIENTE R PARA A AUTOMAÇÃO  DOS PROCESSOS DE PREVISÕES METEOROLÓGICAS DE CURTO PRAZO  UTILIZANDO DADOS DO GLOBAL ENSEMBLE FORECAST SYSTEM (GEFS) ;DISSERTAÇÃO;['BRUNO COELHO BULCAO']
UFRGS;UNIVERSIDADE FEDERAL DO RIO GRANDE DO SUL;Avaliac¸ ˜ao da manutenc¸ ˜ao da estrutura secund´aria da melitina e Candida antarctica lipase B em sistemas contendo l´ıquidos iˆonicos atrav´es de Dinˆamica Molecular;TESE;['JESSE GUILHERME MARIANO NEUMANN']
UFRGS;UNIVERSIDADE FEDERAL DO RIO GRANDE DO SUL;INTERAÇÃO ENTRE O BYPASSING E O OVERPASSING SEDIMENTAR NA PRAIA DO SANTINHO, ILHA DE SANTA CATARINA, SUL DO BRASIL;TESE;['MAIARA WERNER PINTO']
UFPEL;UNIVERSIDADE FEDERAL DE PELOTAS;Síntese de organocalcogenilcromenos e 9,10-bis(organocalcogenil)fenantrenos via reação de carbociclização promovida por Oxone®;TESE;['PAOLA DOS SANTOS HELLWIG']
UFRGS;UNIVERSIDADE FEDERAL DO RIO GRANDE DO SUL;MAGMATISMO EDIACARANO PROLONGADO (630 - 578 MA) DO BLOCO ENCRUZILHADA: PETROLOGIA DOS SIENITOS E MONZONITOS NA TRANSIÇÃO DO ESTÁGIO PÓS-COLISIONAL PARA PÓS-OROGÊNICO, SETOR CENTRAL DO CINTURÃO DOM FELICIANO, RS, BRASIL;TESE;['DIONATAN FERRI PADILHA']
UFRGS;UNIVERSIDADE FEDERAL DO RIO GRANDE DO SUL;CARACTERIZAÇÃO GEOQUÍMICA ORGÂNICA DA FORMAÇÃO BARRA VELHA (PRÉ-SAL, BACIA DE SANTOS);DISSERTAÇÃO;['RAFAELA LUANA LENZ']
UFRGS;UNIVERSIDADE FEDERAL DO RIO GRANDE DO SUL;CATALISADORES MONO- E BINUCLEARES DE Cr(III) CONTENDO BASES DE SCHIFF APLICADOS A PRODUÇÃO DE OLIGÔMEROS E POLIETILENO;TESE;['SABRINA MORAES DA SILVA']
FURG;UNIVERSIDADE FEDERAL DO RIO GRANDE;Voltametria de micropartículas imobilizadas aplicada a identificação de adulterantes em cocaína e mecanismos redox em estado sólido;TESE;['SABRINE DE ARAUJO AQUINO']
UFPEL;UNIVERSIDADE FEDERAL DE PELOTAS;Análise e Otimização do Algoritmo Criptográfico AES para Utilização em Aplicações IoT;DISSERTAÇÃO;['YURI SILVA VAZ']
UFRGS;UNIVERSIDADE FEDERAL DO RIO GRANDE DO SUL;DESENVOLVIMENTO DE UM CATALISADOR ENZIMÁTICO PARA A VALORIZAÇÃO DE RESÍDUOS DOMÉSTICOS DE ALIMENTOS;DISSERTAÇÃO;['CAMILA ANGELA GONZATTI']
UFSM;UNIVERSIDADE FEDERAL DE SANTA MARIA;SOBRE A EXISTÊNCIA DE FOLHEAÇÕES POR SOLUÇÕES DO PROBLEMA EXTERIOR DE DIRICHLET PARA A EQUAÇÃO DAS HIPERSUPERFÍCIES MÍNIMAS;DISSERTAÇÃO;['FILIPE ALMEIDA PEDRA']
UFRGS;UNIVERSIDADE FEDERAL DO RIO GRANDE DO SUL;GEOFÍSICA APLICADA NA INVESTIGAÇÃO DO VULCANISMO EDIACARANO RODEIO VELHO – BACIA DO CAMAQUÃ, SUL DO BRASIL: DISTRIBUIÇÃO ESPACIAL E CONTROLE MORFOESTRUTURAL;DISSERTAÇÃO;['GABRIEL ENDRIZZI']
UFRGS;UNIVERSIDADE FEDERAL DO RIO GRANDE DO SUL;Reliability Evaluation of Low-Power Embedded Devices under Radiation;TESE;['PABLO RAFAEL BODMANN']
UFRGS;UNIVERSIDADE FEDERAL DO RIO GRANDE DO SUL;Fundamental Requirements of Digital Twins for  Production System in Oil and Gas Industry;DISSERTAÇÃO;['RICARDO DOS CASAES BELO']
UFRGS;UNIVERSIDADE FEDERAL DO RIO GRANDE DO SUL;Optimizing for Adaptive CNNs on FPGAs: A Multi-Level Approach;TESE;['GUILHERME DOS SANTOS KOROL']
UNISINOS;UNIVERSIDADE DO VALE DO RIO DOS SINOS;MULTSURV: A MULTIMODAL DEEP LEARNING MODEL FOR HOSPITALIZED PATIENTS SURVIVAL ANALYSIS IN THE CONTEXT OF A PANDEMIC;TESE;['FELIPE ANDRE ZEISER']
UFSM;UNIVERSIDADE FEDERAL DE SANTA MARIA;CLIMATOLOGY AND TRENDS OF SEVERE STORM ENVIRONMENTS IN SUBTROPICAL SOUTH AMERICA;TESE;['LETICIA DE OLIVEIRA DOS SANTOS']
UFRGS;UNIVERSIDADE FEDERAL DO RIO GRANDE DO SUL;"""Estudo das propriedades de diamantes policristalinos para uso em detectores de partículas de alta energia""";DISSERTAÇÃO;['MARCOS ANTONIO DE OLIVEIRA DEROS']
UFSM;UNIVERSIDADE FEDERAL DE SANTA MARIA;COMPORTAMENTO MAGNÉTICO E EFEITO MAGNETOCALÓRICO DE NANOESTRUTURAS FRUSTRADAS DE ISING;DISSERTAÇÃO;['PIETRO FELIPE DIAS']
UFSM;UNIVERSIDADE FEDERAL DE SANTA MARIA;INVESTIGAÇÃO DE UM EVENTO PROLONGADO DE TEMPESTADES SEVERAS NO ESTADO DE SÃO PAULO;DISSERTAÇÃO;['JULIA CREPALDI MUNHOZ']
UFSM;UNIVERSIDADE FEDERAL DE SANTA MARIA;DETERMINAÇÃO MULTICLASSE DE RESÍDUOS DE ANTIMICROBIANOS EM SOLO EMPREGANDO QuEChERS MODIFICADO E UHPLC-MS/MS;TESE;['GABRIEL SEVERO DE CARVALHO']
UNISINOS;UNIVERSIDADE DO VALE DO RIO DOS SINOS;“CCCROP: MITIGATING CLIMATE CHANGE IMPACT THROUGH DATA-DRIVEN CROP RELOCATION AND OPTIMAL PLANTING DECISION;DISSERTAÇÃO;['WILIAN SEGATTO']
UFRGS;UNIVERSIDADE FEDERAL DO RIO GRANDE DO SUL;k-Robust CBS with Continuous Time for Multi-robot Coordination;DISSERTAÇÃO;['GUILHERME NOVAK MOTTA DAUDT']
FURG;UNIVERSIDADE FEDERAL DO RIO GRANDE;": "" Variabilidade de longo prazo (1996-2020) na abundância de juvenis do pampo Trachinotus marginatus e suas relações com fatores ambientais locais e climáticos”. ";DISSERTAÇÃO;['ANA LUIZA SANTOS ARAUJO']
UFRGS;UNIVERSIDADE FEDERAL DO RIO GRANDE DO SUL;ESTUDO COMPARATIVO ENTRE O VULCANISMO MÁFICO MONOGENÉTICO DAS ZONAS VULCÂNICAS CENTRAL E SUL DOS ANDES ARGENTINOS;TESE;['FERNANDA SILVA SANTOS']
PUCRS;PONTIFÍCIA UNIVERSIDADE CATÓLICA DO RIO GRANDE DO SUL;USO DE MENSAGENS EM CADEIA APLICADOS NO PROBLEMA DO MULTICAST ATÔMICO GENUÍNO;DISSERTAÇÃO;['CARLOS RENAN SCHICK LOUZADA']
FURG;UNIVERSIDADE FEDERAL DO RIO GRANDE;AVALIAÇÃO DA EFICÁCIA DA ÁREA DE PROTEÇÃO PARA O BOTO-DE-LAHILLE (Tursiops truncatus gephyreus) NO SUL DO BRASIL;DISSERTAÇÃO;['TIFANNY KESSIA FERREIRA DO NASCIMENTO']
UNISINOS;UNIVERSIDADE DO VALE DO RIO DOS SINOS;Caracterização de petrofácies e genese das rochas carbonáticas do reservatório Sapinhoá (Pré-sal, Bacia de Santos) e aplicação de apredizagem de máquina por meio de microscopia óptica e imagens digitais a partir de atributos permo-porosos.;TESE;['RITA FABIANE GUASINA DE OLIVEIRA']
UFPEL;UNIVERSIDADE FEDERAL DE PELOTAS;Desenvolvimento de Métodos Analíticos para Determinação Elementar e Fração Bioacessível em Carnes à base de Plantas por Espectrometria de Emissão Óptica com Plasma Induzido por Micro-ondas;DISSERTAÇÃO;['JESSICA DA ROSA PORTO']
UPF;UNIVERSIDADE DE PASSO FUNDO;DESENVOLVIMENTO E AVALIAÇÃO DE UM SERIOUS GAME PARA APOIO AO ENSINO DE SEMIOLOGIA NEUROLÓGICA;DISSERTAÇÃO;['CAROLINE MARINA RAMPANELLI']
FURG;UNIVERSIDADE FEDERAL DO RIO GRANDE;"""ASPECTOS DA ECOLOGIA TRÓFICA DA COMUNIDADE DE ELASMOBRÂNQUIOS DA COSTA DO RIO DE JANEIRO”";DISSERTAÇÃO;['LEONARDO DE OLIVEIRA SOARES']
UFSM;UNIVERSIDADE FEDERAL DE SANTA MARIA;TUNING, MECHANISTIC ROUTES AND PERFORMANCE AMPLIFICATION OF MICROWAVE-RESPONSIVE IRON/COPPER CARBONACEOUS HETEROSTRUCTURES IN THE DEGRADATION OF PHARMACEUTICAL SUBSTANCES;TESE;['YASMIN VIEIRA']
UFRGS;UNIVERSIDADE FEDERAL DO RIO GRANDE DO SUL;EXTRAÇÃO INDUZIDA POR QUEBRA DE MICROEMULSÃO ASSOCIADA À DETERMINAÇÃO VOLTAMÉTRICA: UMA UNIÃO PROMISSORA PARA MONITORAR METAIS EM BIODIESEL;TESE;['CRISTIAN HENRIQUE KRAUSE']
FURG;UNIVERSIDADE FEDERAL DO RIO GRANDE;: “ÁCAROS NASAIS EM AVES MARINHAS E COSTEIRAS: DIVERSIDADE E RELAÇÕES PARASITOHOSPEDEIRO”;TESE;['SILVIA BAINY GASTAL']
UFRGS;UNIVERSIDADE FEDERAL DO RIO GRANDE DO SUL;Tempos de Mistura de Cadeias de Markov: Relações com outros indicadores e estimativas para o passeio aleatório no toro;DISSERTAÇÃO;['HUMBERTO DE LIMA']
UFRGS;UNIVERSIDADE FEDERAL DO RIO GRANDE DO SUL;AVALIAÇÃO DE MODELOS DE PREDIÇÃO DE MUDANÇAS DE USO DO SOLO  EM TRÊS BIOMAS BRASILEIROS;DISSERTAÇÃO;['MACLEIDI JUNIOR VARNIER']
UFSM;UNIVERSIDADE FEDERAL DE SANTA MARIA;ESTABELECIMENTO DE MÉTODO MULTIRESÍDUO DE AGROTÓXICOS EM ÁGUA PARA AVALIAÇÃO DA POTABILIDADE;DISSERTAÇÃO;['GABRIEL ALEXSANDER BARBOZA PRATES']
PUCRS;PONTIFÍCIA UNIVERSIDADE CATÓLICA DO RIO GRANDE DO SUL;ALÉM DOS NÚMEROS: UMA PERSPECTIVA MULTIMODAL NA AVALIAÇÃO IMOBILIÁRIA;DISSERTAÇÃO;['LUIS FERNANDO BITTENCOURT']
UFSM;UNIVERSIDADE FEDERAL DE SANTA MARIA;SÍNTESE DE 1H-ISOCALCOGENOCROMENOS VIA REAÇÃO DE CICLIZAÇÃO NUCLEOFÍLICA DE BENZODIINOS PROMOVIDAS POR CALCOGENOLATOS DE SÓDIO;TESE;['ADRIANO MARONEZE']
UFRGS;UNIVERSIDADE FEDERAL DO RIO GRANDE DO SUL;EVOLUÇÃO E GEOMETRIA DA POROSIDADE DE PETROFÁCIES CARACTERÍSTICAS DA SUCESSÃO PRÉ-SAL APTIANA DA BACIA DE SANTOS;DISSERTAÇÃO;['WILLIAM DA SILVEIRA FREITAS']
UFPEL;UNIVERSIDADE FEDERAL DE PELOTAS;O Componente Curricular Química na Educação Profissional de Nível Médio em Institutos Federais no Estado do Rio Grande do Sul: Percepções sobre o Ensino de Química nesse Contexto;TESE;['WALTER ROMEU BICCA JUNIOR']
UFPEL;UNIVERSIDADE FEDERAL DE PELOTAS;Mapeamento Semântico entre Linhas do Pensamento Computacional e Mecânicas de Jogos Sérios: um estudo de caso para a Decomposição;TESE;['ANDRE LUIS MACEDO CARUSO']
FURG;UNIVERSIDADE FEDERAL DO RIO GRANDE;Descrição da morfologia dentária do cação-gatolistrado Mustelus fasciatus (Garman, 1913) (Carcharhiniformes - Triakidae) do sul do Brasil;DISSERTAÇÃO;['KARINA COSTA REGO SILVA']
PUCRS;PONTIFÍCIA UNIVERSIDADE CATÓLICA DO RIO GRANDE DO SUL;DETECÇÃO E CLASSIFICAÇÃO DE VEÍCULOS POR QUANTIDADE DE EIXOS EM RODOVIAS BRASILEIRAS;DISSERTAÇÃO;['ROBERTO ROSA DOS SANTOS']
UFRGS;UNIVERSIDADE FEDERAL DO RIO GRANDE DO SUL;ESTRATIGRAFIA E PETROFÍSICA DAS ROCHAS VULCÂNICAS DO GRUPO SERRA GERAL NO VALE DO RIO DAS ANTAS, RS;DISSERTAÇÃO;['MARCELO CANALS MEUCCI']
UNISINOS;UNIVERSIDADE DO VALE DO RIO DOS SINOS;“EXPLORING ARTIFICIAL INTELLIGENCE METHODS FOR THE AUTOMATIC MEASUREMENT OF A NEW BIOMARKER AIMING AT GLAUCOMA DIAGNOSIS;DISSERTAÇÃO;['GABRIEL CASTRO FERNANDES']
UFSM;UNIVERSIDADE FEDERAL DE SANTA MARIA;Interações em [2]Rotaxanos: da Influência das Estações no Movimento de Rotação em Solução à Formação de Solvato e Similaridade Cristalina;TESE;['FELLIPE FREIRE SANTOS DE FARIAS']
UFSM;UNIVERSIDADE FEDERAL DE SANTA MARIA;REFINAMENTO DE ESPECIFICAÇÕES DE REQUISITO PELA DETECÇÃO DE INCONSISTÊNCIAS, AMBIGUIDADES E INCOMPLETUDES ATRAVÉS DO PROCESSAMENTO DE LINGUAGEM NATURAL;DISSERTAÇÃO;['OTAVIO DA CRUZ MELLO']
UNISINOS;UNIVERSIDADE DO VALE DO RIO DOS SINOS;PALEOENVIRONMENTAL AND BIOSTRATIGRAPHIC CONSTRAINTS FOR UPPERMOST CRETACEOUS (MAASTRICHTIAN) SEDIMENTARY SUCCESSIONS OF NORTHERN SOUTH AMERICA;TESE;['GERMAN DAVID PATARROYO CAMARGO']
UFRGS;UNIVERSIDADE FEDERAL DO RIO GRANDE DO SUL;Síntese e estudo espectroscópico de híbridos moleculares reativos à transferência de próton intramolecular no estado excitado (ESIPT);TESE;['LOUISE KOMMERS REIMANN']
UFRGS;UNIVERSIDADE FEDERAL DO RIO GRANDE DO SUL;ANATOMIA INTERNA DA REGIÃO ROSTRAL DE CINODONTES PROZOSTRODONTES (CYNODONTIA, PROBAINOIGNATHIA, PROZOSTRODONTIA) DO TRIÁSSICO SULBRASILEIRO E IMPLICAÇÕES PALEOBIOLÓGICAS;TESE;['PEDRO HENRIQUE MORAIS FONSECA']
UNISINOS;UNIVERSIDADE DO VALE DO RIO DOS SINOS;ProMerge: Uma abordagem para auxiliar desenvolvedores na detecção e resolução proativa de conflitos de integração de arquivos fontes;DISSERTAÇÃO;['CARLOS EDUARDO CARBONERA']
UFRGS;UNIVERSIDADE FEDERAL DO RIO GRANDE DO SUL;Meta-Learning for Classifier Ensemble Optimization;DISSERTAÇÃO;['CHRISTIAN SCHMITZ']
UFSM;UNIVERSIDADE FEDERAL DE SANTA MARIA;DETERMINAÇÃO DE ENXOFRE EM CARVÃO MINERAL APÓS PREPARO DE AMOSTRA POR MIC-DV;DISSERTAÇÃO;['DIEGO TEOTONIO GOMES']
UFRGS;UNIVERSIDADE FEDERAL DO RIO GRANDE DO SUL;Uso de enzimas para degradação de petróleo presente em águas salinas;DISSERTAÇÃO;['MARIANNE SILVA SCHAEFFER']
UFSM;UNIVERSIDADE FEDERAL DE SANTA MARIA;INVESTIGAÇÃO DA TEMPERATURA MESOSFÉRICA SOBRE A ESTAÇÃO ANTÁRTICA COMANDANTE FERRAZ POR MEIO DA TÉCNICA DE AEROLUMINESCÊNCIA VALIDADA COM DADOS DE SATÉLITES;DISSERTAÇÃO;['BEATRIZ DE SOUZA FREITAS']
UFRGS;UNIVERSIDADE FEDERAL DO RIO GRANDE DO SUL;DESENVOLVIMENTO DE METODOLOGIA DE MICROEXTRAÇÃO LÍQUIDO-LÍQUIDO DISPERSIVA PARA ANÁLISE DE COMPOSTOS ORGÂNICOS SEMI-VOLÁTEIS EM ÁGUA SUBTERRÂNEA;DISSERTAÇÃO;['FERNANDA CAUDURO']
FURG;UNIVERSIDADE FEDERAL DO RIO GRANDE;INFLUÊNCIA DOS FLUXOS DE CALOR OCEÂNICOS NA FORMAÇÃO DOS  CICLONES EXTRATROPICAIS NO ATLÂNTICO SUL;DISSERTAÇÃO;['CAMILA FERREIRA RUSSO']
UFRGS;UNIVERSIDADE FEDERAL DO RIO GRANDE DO SUL;INTERAÇÕES DE CARBONATOS E ARGILOMINERAIS NA FORMAÇÃO BARRA VELHA, SEÇÃO PRÉ-SAL DA BACIA DE SANTOS, BRASIL;TESE;['ARGOS BELMONTE SILVEIRA SCHRANK']
UFRGS;UNIVERSIDADE FEDERAL DO RIO GRANDE DO SUL;“Efeitos auto  consistentes na aceleração ponderomotriz em feixes de elétrons” (“Self-consistent effects in  the ponderomo3ve accelera3on of electron beams”);TESE;['IVANESSA DA SILVEIRA ALMANSA']
UFRGS;UNIVERSIDADE FEDERAL DO RIO GRANDE DO SUL;Extracting Displacement Maps through Differentiable Rendering and Dynamic Tessellation;DISSERTAÇÃO;['GUILHERME GOMES HAETINGER']
UFSM;UNIVERSIDADE FEDERAL DE SANTA MARIA;Comportamento eletrostático em interface líquido-sólido: estratégias para detecção de fluxo de líquidos;DISSERTAÇÃO;['YAN ARAUJO SANTOS DA CAMPO']
UFRGS;UNIVERSIDADE FEDERAL DO RIO GRANDE DO SUL;FILMES DE NANOCOMPÓSITOS DE POLIPIRROL E NANOTUBOS DE CARBONO: SÍNTESE E CARACTERIZAÇÃO VISANDO APLICAÇÃO EM SENSORES ELETROQUÍMICOS;DISSERTAÇÃO;['LUIZA DE MATTOS MANICA']
UFRGS;UNIVERSIDADE FEDERAL DO RIO GRANDE DO SUL;Formação estelar e propriedades químicas de galáxias locais com baixas massa e metalicidade: Os casos de SDSS J0205-0814 and ESO 400-43 (Star Formation and Chemical Properties in Nearby Metal-Poor Low-Mass Galaxies: The cases of SDSS J0205-0814 and ESO 400-43);TESE;['AUGUSTO EDUARDO LASSEN']
UFPEL;UNIVERSIDADE FEDERAL DE PELOTAS;Exploração dos Vetores Críticos à Radiação na Síntese de Circuitos Combinacionais Aproximados;TESE;['MATHEUS FERREIRA PONTES']
UFRGS;UNIVERSIDADE FEDERAL DO RIO GRANDE DO SUL;"""Períodos Fotométricos de Rotação de Estrelas Anãs Brancas"" (""Photometric White Dwarf Rotation"")";DISSERTAÇÃO;['GABRIELA OLIVEIRA DA ROSA']
UFRGS;UNIVERSIDADE FEDERAL DO RIO GRANDE DO SUL;IMPLEMENTAÇÃO DE METODOLOGIAS SUSTENTÁVEIS PARA A DETERMINAÇÃO DE FÁRMACOS, AGROTÓXICOS E COMPOSTOS ODORÍFEROS EM ÁGUAS SUPERFICIAIS;DISSERTAÇÃO;['ROBERTA NATALI DO AMARAL ZUCATTI']
UFRGS;UNIVERSIDADE FEDERAL DO RIO GRANDE DO SUL;An essay on mixed-frequency data, agregated time series, and causality								 								 								;DISSERTAÇÃO;['RAFAEL BERNARDONI CHAVES']
UFRGS;UNIVERSIDADE FEDERAL DO RIO GRANDE DO SUL;ANÁLISE DE MISTURAS E MONITORAMENTO DA TROCA ISOTÓPICA H/D EM FÁRMACOS POR RESSONÂNCIA MAGNÉTICA NUCLEAR;TESE;['MARILIA VILELA SALVADOR']
UFRGS;UNIVERSIDADE FEDERAL DO RIO GRANDE DO SUL;CONTRIBUIÇÃO AO CONHECIMENTO DOS CINODONTES GOMPHODONTOSUCHINAE (CYNODONTIA, TRAVERSODONTIDAE) DO TRIÁSSICO DO RIO GRANDE DO SUL, BRASIL;TESE;['MAURICIO RODRIGO SCHMITT']
UFSM;UNIVERSIDADE FEDERAL DE SANTA MARIA;DESENVOLVIMENTO DE UM NOVO APLICATIVO MOBILE PARA REALIZAÇÃO DE EXAMES EM FISIOTERAPIA;DISSERTAÇÃO;['STEFAN GUILHERME SCHNEIDER']
UFRGS;UNIVERSIDADE FEDERAL DO RIO GRANDE DO SUL;A Machine Learning Approach for Petroleum Production Forecasting in a Digital Twin;DISSERTAÇÃO;['MARCOS VINICIUS LUDWIG PIVETTA']
UFRGS;UNIVERSIDADE FEDERAL DO RIO GRANDE DO SUL;Uncovering Discrimination Generated by Different Machine Learning Methods using Data Visualization;DISSERTAÇÃO;['JUDITH ESCALANTE CALCINA']
FURG;UNIVERSIDADE FEDERAL DO RIO GRANDE;Avaliando a influência de um fator de correção de preços de ações na capacidade preditiva de modelos baseados em redes neurais recorrentes;DISSERTAÇÃO;['JAIR ORLANDO GONZALEZ CARMONA']
FURG;UNIVERSIDADE FEDERAL DO RIO GRANDE;EFEITO DO CLIMA NA DINÂMICA DAS COMUNIDADES FITOPLANCTÔNICAS NO OCEANO AUSTRAL;DISSERTAÇÃO;['RAUL RODRIGO COSTA']
FURG;UNIVERSIDADE FEDERAL DO RIO GRANDE;ECOLOGIA E BIOGEOGRAFIA DE DINOFLAGELADOS ATECADOS DA PENÍNSULA ANTÁRTICA;TESE;['CHARIANE CAMILA WERLANG']
UFSM;UNIVERSIDADE FEDERAL DE SANTA MARIA;EXPLORANDO CORREÇÕES DE VAN DER  WAALS NA DESCRIÇÃO TEÓRICA DE INTERAÇÕES DE H2O COM MATERIAIS BIDIMENSIONAIS;DISSERTAÇÃO;['TULIO GNOATTO GRISON']
UFRGS;UNIVERSIDADE FEDERAL DO RIO GRANDE DO SUL;Estudo de equações de adevcção-difusão conservativas e estimativas de comutadores em espaços de Lebesgue com pesos;TESE;['JUNIELSON PANTOJA DE AQUINO']
PUCRS;PONTIFÍCIA UNIVERSIDADE CATÓLICA DO RIO GRANDE DO SUL;VALIDANDO ESCALONAMENTO BASEADO EM INTERFERÊNCIA EM AMBIENTES CONTEINERIZADOS;DISSERTAÇÃO;['JOSE ANTONIO COLPO DE ARAUJO']
UFRGS;UNIVERSIDADE FEDERAL DO RIO GRANDE DO SUL;REVISÃO MORFOLÓGICA E TAXONÔMICA DE PAMPATHERIIDAE (CINGULATA, XENARTHRA): ÊNFASE NOS TÁXONS QUATERNÁRIOS NEOTROPICAIS;TESE;['THAIS MATOS PEREIRA FERREIRA']
UFRGS;UNIVERSIDADE FEDERAL DO RIO GRANDE DO SUL;Avaliação de catalisadores de níquel e bentonita na co-pirólise de resíduos industriais de biomassa e plásticos;DISSERTAÇÃO;['ARTHUR MOTTA DE ANDRADE']
PUCRS;PONTIFÍCIA UNIVERSIDADE CATÓLICA DO RIO GRANDE DO SUL;PATTERN DETECTION STRATEGY APPLIED TO CRIME INVESTIGATION IN IOT ENVIRONMENTS;DISSERTAÇÃO;['GUILHERME DALL AGNOL DECONTO']
UFRGS;UNIVERSIDADE FEDERAL DO RIO GRANDE DO SUL;EVOLUÇÃO GEOLÓGICA E HIDROESTRATIGRAFIA DO AQUÍFERO COSTEIRO DE GAROPABA/SC: INTERPRETAÇÃO A PARTIR DE GEORADAR E POÇOS TUBULARES;DISSERTAÇÃO;['GABRIEL BARBOSA DRAGO']
PUCRS;PONTIFÍCIA UNIVERSIDADE CATÓLICA DO RIO GRANDE DO SUL;DIMENSIONAL SPEECH EMOTION RECOGNITION FROM BIMODAL FEATURES;DISSERTAÇÃO;['LARISSA DAIANE CANEPPELE GUDER']
UFPEL;UNIVERSIDADE FEDERAL DE PELOTAS;O papel da água na adsorção do diclofenaco em nanotubos de carbono;DISSERTAÇÃO;['PATRICK RUAM BREDOW CORTES']
FURG;UNIVERSIDADE FEDERAL DO RIO GRANDE;PEROXIDASE APLICADA NA DEGRADAÇÃO SIMULTÂNEA DE MICOTOXINAS E AGROTÓXICO EM ÁGUA DA CADEIA PRODUTIVA DE ARROZ;DISSERTAÇÃO;['EDIANE PATRICIA PEDROSA BRAGA']
UFRGS;UNIVERSIDADE FEDERAL DO RIO GRANDE DO SUL;RELAÇÕES SOBRE ANÉIS E MÓDULOS DE N-CADEIA;TESE;['ADRIANO GOMES DE SANTANA']
UFPEL;UNIVERSIDADE FEDERAL DE PELOTAS;An Ultra Low-Energy VLSI Approximate Discrete Haar Wavelet Transform for ECG Data Compression;DISSERTAÇÃO;['ARTHUR CARDOZO GODINHO']
UFRGS;UNIVERSIDADE FEDERAL DO RIO GRANDE DO SUL;Regressão Modal: estimação consistente via regressão quantílica suavizada;DISSERTAÇÃO;['EDUARDO SCHIRMER FINN']
FURG;UNIVERSIDADE FEDERAL DO RIO GRANDE;AVALIAÇÃO DA TURBIDEZ E DO MATERIAL PARTICULADO EM SUSPENSÃO NA LAGOA DOS PATOS  SENSORIAMENTO REMOTO;DISSERTAÇÃO;['RAFAEL AVILA SIMAO']
UFSM;UNIVERSIDADE FEDERAL DE SANTA MARIA;Evolution of Central Galaxies in Massive Halos;TESE;['VANESSA LORENZONI']
UFSM;UNIVERSIDADE FEDERAL DE SANTA MARIA;Síntese de benzo[b]tiofenos funcionalizados com organocalcogênios usando Selectfluor® como agente oxidante;TESE;['JEAN CARLO KAZMIERCZAK']
UFRGS;UNIVERSIDADE FEDERAL DO RIO GRANDE DO SUL;CNN-based Methods and Datasets for Segmentation and Counting of Nuclei and AgNORs in AgNOR-stained Images and for Segmentation and Classification of Cells in Papanicolaou-stained Images;DISSERTAÇÃO;['MAIKEL MACIEL RONNAU']
UFRGS;UNIVERSIDADE FEDERAL DO RIO GRANDE DO SUL;ARCABOUÇOS POLIMÉRICOS PBAT 3D PRODUZIDOS ATRAVÉS DA MODELAGEM POR DEPOSIÇÃO FUNDIDA (FDM) E MODIFICADOS SUPERFICIALMENTE PARA APLICAÇÃO EM ENGENHARIA DE TECIDO ÓSSEO;TESE;['FELIPE CASTRO MENEZES']
UFRGS;UNIVERSIDADE FEDERAL DO RIO GRANDE DO SUL;SÍNTESE E ESTUDOS FOTOFÍSICOS DE DERIVADOS FLUORESCENTES DE INDOLIZINAS;TESE;['MARCELO MARQUES VIEIRA']
PUCRS;PONTIFÍCIA UNIVERSIDADE CATÓLICA DO RIO GRANDE DO SUL;PREDICTIVE METRIC FOR OPTIMAL BUDGET ALLOCATION IN DIFFERENTIAL PRIVACY;TESE;['HENRY CABRAL NUNES']
PUCRS;PONTIFÍCIA UNIVERSIDADE CATÓLICA DO RIO GRANDE DO SUL;PREDICTING UNCANNY PERCEPTION IN VIRTUAL HUMANS FACES THROUGH COMPUTERVISION TECHNIQUES;TESE;['GREICE PINHO DAL MOLIN']
FURG;UNIVERSIDADE FEDERAL DO RIO GRANDE;INTERAÇÕES AMBIENTAIS ENTRE ÁGUA SUBTERRÂNEA, NUTRIENTES INORGÂNICOS E BIOMASSA DE CLOROFILA-A EM PRAIA DISSIPATIVA (RIO GRANDE-RS);DISSERTAÇÃO;['ANY CARTAGENA PIMENTA BARRONCAS']
FURG;UNIVERSIDADE FEDERAL DO RIO GRANDE;"DINÂMICA DE MICROALGAS EPÍFITAS E EPIBÊNTICAS EM PRADARIAS DE GRAMAS MARINHAS: VARIABILIDADE ESPAÇO-TEMPORAL E CONTROLES ""BOTTOM-UP"" E ""TOP-DOWN";TESE;['VANESSA CORREA DA ROSA']
UPF;UNIVERSIDADE DE PASSO FUNDO;SOLUÇÃO DE TIMETABLING PARA UNIVERSIDADE COM FOCO NA OTIMIZAÇÃO PARA AVALIAÇÃO DOS CURSOS PELO ENADE;DISSERTAÇÃO;['MATHEUS FELIPE FABIAN']
UFRGS;UNIVERSIDADE FEDERAL DO RIO GRANDE DO SUL;Nyström Method Applied to Two-dimensional Neutral Particle Transport Problems in Heterogeneous Media;TESE;['GUSTAVO ALCIDES LORENSI']
FURG;UNIVERSIDADE FEDERAL DO RIO GRANDE;Aprendizado de Máquina para Predição de Sequelas de Pacientes Com Diagnóstico de COVID 19;DISSERTAÇÃO;['CHRISTIAN GIMENEZ BARANANO']
UFSM;UNIVERSIDADE FEDERAL DE SANTA MARIA;Uso da proteína de semente de cânhamo para microencapsulação de nutrientes assistida por ultrassom;TESE;['VITORIA HAGEMANN CAUDURO']
FURG;UNIVERSIDADE FEDERAL DO RIO GRANDE;INFLUÊNCIA DA DESCARGA FLUVIAL E DO VENTO NO TRANSPORTE DE MICROPLÁSTICOS NA LAGOA DOS PATOS;DISSERTAÇÃO;['THAIS TEIXEIRA GAVA']
UFPEL;UNIVERSIDADE FEDERAL DE PELOTAS;Planejamento de Rotas de Cobertura para Veículos Aéreos Não Tripulados Aplicados no Controle Biológico de Pragas em Cenários Reais de Grandes Áreas;TESE;['BRUNO SIQUEIRA DA SILVA']
UFRGS;UNIVERSIDADE FEDERAL DO RIO GRANDE DO SUL;KTWIN: A Serverless Kubernetes-based Digital Twin Platform;DISSERTAÇÃO;['ALEXANDRE GUSTAVO WERMANN']
UFRGS;UNIVERSIDADE FEDERAL DO RIO GRANDE DO SUL;Desenvolvimento de materiais nanoestruturados e magnéticos para aplicações biomédicas;TESE;['RAFAELA CARVALHO DE ANDRADE']
UFSM;UNIVERSIDADE FEDERAL DE SANTA MARIA;MODELOS PRESA-PREDADOR: MUITO ALÉM DO LOTKA-VOLTERRA;DISSERTAÇÃO;['FERNANDO LUIS STRAPAZZON']
FURG;UNIVERSIDADE FEDERAL DO RIO GRANDE;Transmissão Confiável de Imagens em Pub/Sub para IoT;DISSERTAÇÃO;['EVERSON DA SILVA FLORES']
UFPEL;UNIVERSIDADE FEDERAL DE PELOTAS;Diretrizes de Acessibilidade em Ambientes de Desenvolvimento Integrado para Estudantes Cegos ;TESE;['ELIANA ZEN']
UFRGS;UNIVERSIDADE FEDERAL DO RIO GRANDE DO SUL;SISTEMAS FLUVIAIS DOMINADOS POR ESTRUTURAS SUPERCRÍTICAS EM CLIMA SEMIÁRIDO NO EOTRIÁSSICO: REINTERPRETAÇÃO SEDIMENTAR DA FORMAÇÃO SANGA DO CABRAL;TESE;['PEDRO LUIS AMMON XAVIER']
UFRGS;UNIVERSIDADE FEDERAL DO RIO GRANDE DO SUL;Adsorventes de TiO2 preparado pelo método sol-gel para cleanup em preparo amostras;DISSERTAÇÃO;['JULIANO EDUARDO ALVES']
UFRGS;UNIVERSIDADE FEDERAL DO RIO GRANDE DO SUL;“Análise Numérica da Existência e Evolução de Droplets Quânticos em Condensados de Bose-Einstein” (“Numerical Analysis of the Existence and Evolution of Quantum Droplets in Bose-Einstein Condensates”);DISSERTAÇÃO;['ENRIQUE AUGUSTO TIRAN CALDEROLI']
FURG;UNIVERSIDADE FEDERAL DO RIO GRANDE;Remoção de contaminantes em fase aquosa utilizando bioadsorventes à base de quitosana e spirulina sp.;TESE;['RAFAEL GERHARDT']
UFPEL;UNIVERSIDADE FEDERAL DE PELOTAS;Estudo computacional da adsorção de baicaleína em substratos de grafeno e ouro via DFT;DISSERTAÇÃO;['THIAGO FERREIRA SANTOS']
UFRGS;UNIVERSIDADE FEDERAL DO RIO GRANDE DO SUL;Optimizing the Squad: Integrating Managerial Tactics into Football Team Composition via Integer Programming;DISSERTAÇÃO;['GUILHERME PETTENE DANTAS']
UFRGS;UNIVERSIDADE FEDERAL DO RIO GRANDE DO SUL;“Dinâmica Molecular da Dessalinização da Água por Membrana Nanoporosa de MoS2” (“Molecular Dynamics of Water Desalination by MoS2 Nanoporous Membrane”);TESE;['JOAO PEDRO KLEINUBING ABAL']
UFRGS;UNIVERSIDADE FEDERAL DO RIO GRANDE DO SUL;Grupoides e Semigrupos Inversos: um estudo em ações parciais e teoria de Galois ;TESE;['WESLEY GONCALVES LAUTENSCHLAEGER']
UFRGS;UNIVERSIDADE FEDERAL DO RIO GRANDE DO SUL;OS ANFÍBIOS TEMNOSPÔNDILOS DA FORMAÇÃO RIO DO RASTO;DISSERTAÇÃO;['RAFAEL LUIZ ELIAS']
UFRGS;UNIVERSIDADE FEDERAL DO RIO GRANDE DO SUL;A AMEAÇA PARA OS AQUÍFEROS POR UM ANTIGO ATERRO URBANO REVELADA POR MÉTODOS GEOFÍSICOS: O CASO DO ATERRO BENÓPOLIS, PORTO ALEGRE, BRASIL;DISSERTAÇÃO;['BRUNO JOSE GOLDBERG GALLAS']
PUCRS;PONTIFÍCIA UNIVERSIDADE CATÓLICA DO RIO GRANDE DO SUL;DESENVOLVIMENTO DE UMA PLATAFORMA DE SIMULAÇÃO PARA AVALIAÇÃO DE ESTRATÉGIAS DE MERCADO BASEADA NO PUMA TRADING SYSTEM;DISSERTAÇÃO;['EDUARDO VIANA PEREIRA']
UFPEL;UNIVERSIDADE FEDERAL DE PELOTAS;PREPARO E APLICAÇÃO DE DISPOSITIVOS DE LIBERAÇÃO TRANSDÉRMICA DE FÁRMACOS UTILIZANDO AMIDO CATIÔNICO E DIALDEÍDO AMIDO;TESE;['ANDRESSA BAPTISTA NORNBERG']
FURG;UNIVERSIDADE FEDERAL DO RIO GRANDE;FLUXOS TURBULENTOS DE CALOR NA INTERFACE OCEANO-ATMOSFERA ASSOCIADOS À VÓRTICES DE SUBMESOESCA- LA NA BACIA DE SANTOS;DISSERTAÇÃO;['RAFAELA RIZZI']
UNISINOS;UNIVERSIDADE DO VALE DO RIO DOS SINOS;MÉTODO EVOLUTIVO PARA RECONFIGURAÇÃO DE SISTEMAS DE DISTRIBUIÇÃO DE ENERGIA ELÉTRICA COM FOCO EM REDUÇÃO NOS INDICADORES COLETIVOS DE CONTINUIDADE EM CASOS DE INTERVENÇÃO;TESE;['ARMANDO LEOPOLDO KELLER']
FURG;UNIVERSIDADE FEDERAL DO RIO GRANDE; INFLUENCE OF THE DRAKE LOW AND ATMOSPHERIC RIVERS ON GLACIERS OF THE SOUTH SHETLAND ISLANDS, ANTARCTICA;TESE;['CHRISTIAN MANUEL TORRES RAMOS']
UFSM;UNIVERSIDADE FEDERAL DE SANTA MARIA;PROTÓTIPO DE ESTAÇÃO METEOROLÓGICA BASEADA EM WI-FI E BANCO DE DADOS;DISSERTAÇÃO;['EBERTON CARGNIN DE SOUZA']
UNISINOS;UNIVERSIDADE DO VALE DO RIO DOS SINOS;APU: ANALYTICAL PROPAGATION OF ERRORS AND UNCERTAINTIES IN DEEP LEARNING: UNCERTAINTY ESTIMATION IN THE PREDICTION OF MLP NEURAL NETWORKS IN THE DOMAIN OF PHYSICAL SCIENCES;DISSERTAÇÃO;['GERSON EDUARDO DE MELLO']
UFPEL;UNIVERSIDADE FEDERAL DE PELOTAS;A (Trans)formação do Conhecimento Didático do Conteúdo Químico de uma Professora/Pesquisadora no Itinerário Formativo Ciclo de Vida dos Materiais;DISSERTAÇÃO;['TAVANE DA SILVA RODRIGUES']
UFPEL;UNIVERSIDADE FEDERAL DE PELOTAS;Síntese de Derivados de Fluoresceína contendo Selênio: Ácido Arilselenínico como Agente Selenilante;DISSERTAÇÃO;['KETHELYN MACHADO DA ROSA']
UFSM;UNIVERSIDADE FEDERAL DE SANTA MARIA;SIMULAÇÃO DE ESPALHAMENTO DE DOENÇAS EM ANIMAIS DE PRODUÇÃO: TRADUÇÃO DO MODELO NA LINGUAGEM R PARA PYTHON NA PLATAFORMA PDSA-RS;DISSERTAÇÃO;['RODRIGO SCHNEIDER']
UFRGS;UNIVERSIDADE FEDERAL DO RIO GRANDE DO SUL;Aplicação de Comando e Controle Ciente do Estado da Rede Através de Suporte SDN;DISSERTAÇÃO;['CARLOS ANDRE RODRIGUES DA SILVA']
UFRGS;UNIVERSIDADE FEDERAL DO RIO GRANDE DO SUL;Autonomous manipulator robot navigation to tidy up unknown environments;DISSERTAÇÃO;['LETICIA DOS SANTOS']
PUCRS;PONTIFÍCIA UNIVERSIDADE CATÓLICA DO RIO GRANDE DO SUL;ANÁLISE DA FUSÃO DE SENSORES PARA IDENTIFICAÇÃO DE ATIVIDADES DIÁRIAS;DISSERTAÇÃO;['JULIO ALEXANDER SIEG']
UFRGS;UNIVERSIDADE FEDERAL DO RIO GRANDE DO SUL;Estudos Forenses Empregando Microespectroscopia no Infravermelho Médio e Técnicas Quimiométricas;DISSERTAÇÃO;['VICTORIA ZAGNA DOS SANTOS']
PUCRS;PONTIFÍCIA UNIVERSIDADE CATÓLICA DO RIO GRANDE DO SUL;HUMAN-COMPUTER INTERACTION PATTERNS OF DESIGN FOR MULTILINGUALISM;TESE;['DIEGO MOREIRA DA ROSA']
FURG;UNIVERSIDADE FEDERAL DO RIO GRANDE;Desenvolvimento de um Sistema Integrado para Digitalização e Análise de Completude e Conformidade de Documentos Técnicos;DISSERTAÇÃO;['LUCAS SILVA MARCA']
UFRGS;UNIVERSIDADE FEDERAL DO RIO GRANDE DO SUL;Producing Synthetic Instances for Textual Classification and Natural Language Inference;TESE;['LUCIANA REGINA BENCKE']
UFRGS;UNIVERSIDADE FEDERAL DO RIO GRANDE DO SUL;Characterizing Weight Perception in VR with Ungrounded Haptic Devices: A Study of Wrist Strain and Wrist Torque through Force-Feedback and Pendular Actuation;DISSERTAÇÃO;['FRANKLIN GIOVANI BASTIDAS CUYA']
UFRGS;UNIVERSIDADE FEDERAL DO RIO GRANDE DO SUL;Parallelization of VVC Video Encoding Kernels using GP-GPUs;TESE;['IAGO COELHO STORCH']
UFRGS;UNIVERSIDADE FEDERAL DO RIO GRANDE DO SUL;SÍNTESE DE ZEÓLITAS EMPREGANDO CÁTIONS AMÔNIO E IMIDAZÓLIO E APLICAÇÃO NA CONVERSÃO DE CO2A CARBONATOS CÍCLICOS;DISSERTAÇÃO;['ANDRESSA VIEIRA HILARIO']
UFSM;UNIVERSIDADE FEDERAL DE SANTA MARIA;IMPACTOS DE TEMPESTADES SEVERAS NO SISTEMA ELÉTRICO DE ENERGIA DO PARANÁ: SA-MCS INDEX UMA FERRAMENTA FUNDAMENTAL DE ANÁLISE E REDUÇÃO DE CUSTOS;DISSERTAÇÃO;['ROBERTO JOSE SPISILA']
PUCRS;PONTIFÍCIA UNIVERSIDADE CATÓLICA DO RIO GRANDE DO SUL;LATENCY-AWARE SELF-ADAPTIVE MICRO-BATCHING TECHNIQUES FOR GPU-ACCELERATED STREAM PROCESSING;DISSERTAÇÃO;['RICARDO MACIEL LEONARCZYK']
UFRGS;UNIVERSIDADE FEDERAL DO RIO GRANDE DO SUL;UTILIZAÇÃO DE ULTRASSOM E CAMPO ELÉTRICO PARA OBTENÇÃO DOS POLÍMEROS DO AMIDO E SUA CARACTERIZAÇÃO FÍSICO-QUÍMICA;TESE;['DIANA ALVES DE SOUSA']
FURG;UNIVERSIDADE FEDERAL DO RIO GRANDE;INFLUÊNCIA DE FATORES ESPAÇO-TEMPORAIS SOBRE AS CAPTURAS DE ESPI- NHEL E DISTRIBUIÇÃO DE RECURSOS PESQUEIROS PELÁGICOS: BIBLIOME- TRIA, MODELAGEM ESTATÍSTICA E APERFEIÇOAMENTO PESQUEIRO;TESE;['LUCAS DOS SANTOS RODRIGUES']
UFRGS;UNIVERSIDADE FEDERAL DO RIO GRANDE DO SUL;Sistematização de metodologias para avaliação de metabólitos e produtos de transformação em amostras de águas superficiais;DISSERTAÇÃO;['TIAGO CORREA FEIJO']
UFPEL;UNIVERSIDADE FEDERAL DE PELOTAS;Determinação das seções de choque elásticas para colisões de pósitrons com as moléculas de N2, O2 e CO2 com a correção para o espalhamento em baixo ângulo;DISSERTAÇÃO;['SARAH ESTHER DA SILVA SAAB']
FURG;UNIVERSIDADE FEDERAL DO RIO GRANDE;DISTRIBUIÇÃO DAS ÁGUAS-FONTE DA ÁGUA PROFUNDA DO ATLÂNTICO NORTE E DA ÁGUA DE FUNDO ANTÁRTICA NO OCEANO GLOBAL;DISSERTAÇÃO;['DAVID ANTONIO DE LIMA SILVA']
UFRGS;UNIVERSIDADE FEDERAL DO RIO GRANDE DO SUL;Diferenciabilidade em todo ponto de soluções de viscosidade do ∞-laplaciano;DISSERTAÇÃO;['ANDRE RICKES']
UFSM;UNIVERSIDADE FEDERAL DE SANTA MARIA;MODELAGEM DISCRETA DE TRANSIÇÃO EPITELIAL MESENQUIMAL: O PAPEL DA MATRIZ EXTRACELULAR;DISSERTAÇÃO;['LUISA VARGAS CASSOL']
UFSM;UNIVERSIDADE FEDERAL DE SANTA MARIA;AVALIAÇÃO FONOLÓGICA PERSONALIZADA COM ESTRUTURA DE DADOS OTIMIZADA;DISSERTAÇÃO;['JOAO VICTOR BOLSSON MARQUES']
PUCRS;PONTIFÍCIA UNIVERSIDADE CATÓLICA DO RIO GRANDE DO SUL;MODELOS DE APRENDIZADO DE MÁQUINA PARA PREDIÇÃO DE ÓBITO DE PACIENTES EM HEMODIÁLISE;DISSERTAÇÃO;['DIEGO CANDIDO DE SOUZA']
UFRGS;UNIVERSIDADE FEDERAL DO RIO GRANDE DO SUL;AEROGÉIS HÍBRIDOS À BASE DE POLIVINILTRIMETÓXISILANO COM CADEIAS RETICULADAS: SÍNTESE, CARACTERIZAÇÃO E APLICAÇÕES;TESE;['MATHEUS COSTA CICHERO']
FURG;UNIVERSIDADE FEDERAL DO RIO GRANDE;“Processos controladores dos fluxos de O2 E CO2 entre o oceano e a atmosfera na Patagônia Argentina”;DISSERTAÇÃO;['LUISA DE MORAES GARCIA']
UNISINOS;UNIVERSIDADE DO VALE DO RIO DOS SINOS;ODISSEU: UM MODELO PARA SERVIÇOS INTELIGENTES NA INDÚSTRIA 4.0 BASEADO EM ANÁLISE DE HISTÓRICOS DE CONTEXTOS;TESE;['HELDER MOREIRA ARRUDA']
UFRGS;UNIVERSIDADE FEDERAL DO RIO GRANDE DO SUL;EVOLUÇÃO AMBIENTAL E CLIMÁTICA DESDE O ÚLTIMO MÁXIMO GLACIAL DE REGIÕES COSTEIRAS DO SUL DA AMÉRICA DO SUL E SEUS IMPACTOS EM ECOSSISTEMAS NATIVOS – UM ESTUDO DE CASO COM BUTIAZAIS;TESE;['EDUARDO TREIN SALGADO']
UFPEL;UNIVERSIDADE FEDERAL DE PELOTAS;A História e os Desafios das Mulheres Cientistas da Química e a Proposição de Atividades de Formação e de Ensino;DISSERTAÇÃO;['ANDRESSA SOARES BENTO']
FURG;UNIVERSIDADE FEDERAL DO RIO GRANDE;DESCRIÇÃO DOS ESTÁGIOS INICIAIS DA MIRAGAIA, POGONIAS COURBINA (LACEPÈDE, 1803);DISSERTAÇÃO;['LUCIANA BEATRIZ ANDRADE']
UFSM;UNIVERSIDADE FEDERAL DE SANTA MARIA;Quitosana funcionalizada com líquidos iônicos para adsorção de corantes;TESE;['JEAN CARLOS BAUER VIEIRA']
UNISINOS;UNIVERSIDADE DO VALE DO RIO DOS SINOS;MEPCA: A TECHNICAL MODEL TO IMPROVE ON-CHAIN ELECTRONIC HEALTH RECORDS PROCESSING;TESE;['FAUSTO NERI DA SILVA VANIN']
FURG;UNIVERSIDADE FEDERAL DO RIO GRANDE;REMOÇÃO DE CONTAMINANTE ORGÂNICO EM ÁGUA POR ADSORÇÃO COM CARVÃO DE CASCA DE PITAIA POLPA ROSA (HYLOCEREUS POLYRHIZUS);DISSERTAÇÃO;['LAISA TEIXEIRA DA SILVA']
UFRGS;UNIVERSIDADE FEDERAL DO RIO GRANDE DO SUL;"""Estudo da interação entre nanopartículas polarizáveis"" (""Study of the interaction between patchy nanoparticles and surfaces"")";TESE;['MUHAMMAD ARFAN']
FURG;UNIVERSIDADE FEDERAL DO RIO GRANDE;SUPERFÍCIES POLIMÉRICAS INTELIGENTES PARA DETECÇÃO DE AMINAS BIOGÊNICAS;TESE;['DANIELE GOMES MULLER']
UFRGS;UNIVERSIDADE FEDERAL DO RIO GRANDE DO SUL;Soluções fracas de EDP’s semi-lineares elípticas envolvendo massa de Dirac;DISSERTAÇÃO;['GUSTAVO COPE']
UFRGS;UNIVERSIDADE FEDERAL DO RIO GRANDE DO SUL; DR-Tools Code Health: Uma Abordagem  para Priorização de Smells para apoiar a  Manutenção e Evolução de Software;TESE;['GUILHERME SILVA DE LACERDA']
UFRGS;UNIVERSIDADE FEDERAL DO RIO GRANDE DO SUL;Folheações de uma 3-variedade riemanniana por superfícies mínimas e aplicações no espaço hiperbóico;TESE;['MATHEUS PIMENTEL GOMES']
FURG;UNIVERSIDADE FEDERAL DO RIO GRANDE;DETERMINAÇÃO MULTIRRESÍDUO DE AGROTÓXICOS EM PITAYA EMPREGANDO QuEChERS E GC-MS/MS;DISSERTAÇÃO;['TAINA MARIA SAUGO']
UFRGS;UNIVERSIDADE FEDERAL DO RIO GRANDE DO SUL;HETEROGENEIDADES EM ANÁLOGOS DE RESERVATÓRIOS COSTEIROS DA FORMAÇÃO RIO BONITO (EOPERMIANO), PORÇÃO SUL DA BACIA DO PARANÁ, COM BASE EM ANÁLISE ESTRATIGRÁFICA, MODELAGEM GEOLÓGICA E PETROGRAFIA SEDIMENTAR;TESE;['RICARDO MAAHS']
UFRGS;UNIVERSIDADE FEDERAL DO RIO GRANDE DO SUL;ANÁLISE DAS TRANSIÇÕES DE COBERTURA E USO DA TERRA NO BIOMA PAMPA EM ÁREAS DE SUPRESSÃO DE FLORESTA, VEGETAÇÃO HERBÁCEA E ARBUSTIVA DE 1985 EM RELAÇÃO A 2022;DISSERTAÇÃO;['ANGELO DEL MESTRE DA ROCHA']
UNISINOS;UNIVERSIDADE DO VALE DO RIO DOS SINOS;PROGNOS: UM MODELO BASEADO EM HISTÓRICOS DE CONTEXTOS PARA PREDIÇÕES DE DISFUNÇÕES CARDIOVASCULARES PELA AUSCULTAÇÃO;TESE;['IVO SERGIO GUIMARAES BRITES']
UFSM;UNIVERSIDADE FEDERAL DE SANTA MARIA;UMA ARQUITETURA DE PROCESSAMENTO DISTRIBUÍDO PARA ANÁLISE DE PROPAGAÇÃO DE DOENÇAS NA PDSA-RS;DISSERTAÇÃO;['DENILSON DOS SANTOS EBLING']
UFSM;UNIVERSIDADE FEDERAL DE SANTA MARIA;DETERMINAÇÃO MULTICLASSE DE FÁRMACOS E PRODUTOS DE CUIDADO PESSOAL EM ÁGUA EMPREGANDO SPE E UHPLCMS/MS PARA AVALIAÇÃO DE RISCO AMBIENTAL;TESE;['JULIA ANTUNES DE OLIVEIRA']
UFPEL;UNIVERSIDADE FEDERAL DE PELOTAS;Divulgação Científica em um Centro de Ciência: Seus Efeitos e Desdobramentos;DISSERTAÇÃO;['BRUNA GABRIELE EICHHOLZ VIEIRA']
UFRGS;UNIVERSIDADE FEDERAL DO RIO GRANDE DO SUL;GEOMORFOMETRIA APLICADA À ANÁLISE DA ESTABILIDADE E  MOBILIDADE DOS INTERFLÚVIOS DAS BACIAS HIDROGRÁFICAS DO IBICUÍ E  JACUÍ, SUL DO BRASIL;DISSERTAÇÃO;['BEATRIZ DA ROSA CARGNIN']
UFRGS;UNIVERSIDADE FEDERAL DO RIO GRANDE DO SUL;BIOACUMULAÇÃO DE SELÊNIO POR Escherichia coli: AVALIAÇÃO DA EXPOSIÇÃO A ESPÉCIES E CONCENTRAÇÕES DE SELÊNIO E NA PRESENÇA DE MERCÚRIO;TESE;['MICHELE POKULAT SAUER']
UFPEL;UNIVERSIDADE FEDERAL DE PELOTAS;Um framework baseado em contêineres para sistemas multiagente abertos;TESE;['GUSTAVO LAMEIRAO DE LIMA']
UFRGS;UNIVERSIDADE FEDERAL DO RIO GRANDE DO SUL;Optimizing Graph Processing Execution on NUMA Machines;TESE;['HIAGO MAYK GOMES DE ARAUJO ROCHA']
UFPEL;UNIVERSIDADE FEDERAL DE PELOTAS;Projetar: framework fundamentado em técnicas da Computação para construção de projetos de Feiras de Ciências para o Ensino Fundamental;TESE;['JULIA DE AVILA DOS SANTOS']
UFRGS;UNIVERSIDADE FEDERAL DO RIO GRANDE DO SUL;Modelos matemáticos para diversas técnicas de controle da mosca-da-fruta;TESE;['POLIANA KENDERLI PACINI SELAU']
UFSM;UNIVERSIDADE FEDERAL DE SANTA MARIA;Simulação de Canais Quânticos e Medidas Gerais via Algoritmos de Preparação de Estados;TESE;['MARCELO SERRANO ZANETTI']
UFRGS;UNIVERSIDADE FEDERAL DO RIO GRANDE DO SUL;AVALIAÇÃO DA DISPERSÃO DE POLUENTES ATMOSFÉRICOS NA REGIÃO DO DISTRITO INDUSTRIAL DE RIO GRANDE ATRAVÉS DE MODELOS NUMÉRICOS ;DISSERTAÇÃO;['LIA SALETE DA COSTA VAZ']
UNISINOS;UNIVERSIDADE DO VALE DO RIO DOS SINOS;CONTINUAL KNOWLEDGE DISTILLATION FOR HISTOPATHOLOGY;DISSERTAÇÃO;['JOAO BATISTA RODRIGUES NETO']
UFRGS;UNIVERSIDADE FEDERAL DO RIO GRANDE DO SUL;Predição de um modelo SIR com taxa de infecção variante no tempo para diferentes períodos;TESE;['WALTER MENDES HASELEIN']
UNISINOS;UNIVERSIDADE DO VALE DO RIO DOS SINOS;CONDIÇÕES PALEOCEANOGRÁFICAS DO OCEANO ATLÂNTICO SUL DURANTE O ALBIANO (CRETÁCEO INFERIOR): RESPOSTAS BIÓTICAS E GEOQUÍMICAS AOS EVENTOS ANÓXICOS OCEÂNICOS (OAEs);TESE;['MAURO DANIEL RODRIGUES BRUNO']
PUCRS;PONTIFÍCIA UNIVERSIDADE CATÓLICA DO RIO GRANDE DO SUL;INDEXAÇÃO DE CHAVES COMPOSTAS POR ÍNDICES APRENDIDOS;DISSERTAÇÃO;['THIAGO RODRIGUES GUEDES DA SILVA']
UFRGS;UNIVERSIDADE FEDERAL DO RIO GRANDE DO SUL;DUNAS FRONTAIS, CAMPOS DE DUNAS TRANSGRESSIVOS E LENÇÓIS DE AREIAS TRANSGRESSIVOS: RELAÇÕES BIOGEOMORFOLÓGICAS NA BARREIRA HOLOCÊNICA DOS CONCHEIROS -RS;TESE;['DEBORA SAYURI ZANCHI WATANABE']
FURG;UNIVERSIDADE FEDERAL DO RIO GRANDE;MODELAGEM DAS POTENCIAIS ROTAS DE ORIGEM DE MACROPLÁSTICOS MARINHOS EM UMA PRAIA ADJACENTE AO ESTUÁRIO DA LAGOA DOS PATOS, SUL DO BRASIL;DISSERTAÇÃO;['ANA CAROLINA SOARES FARIAS']
UFRGS;UNIVERSIDADE FEDERAL DO RIO GRANDE DO SUL;DETECÇÃO DE POLUIÇÃO PLÁSTICA POR MEIO DE MODELOS DE TRANSFERÊNCIA RADIATIVA E APRENDIZADO DE MÁQUINA;DISSERTAÇÃO;['DOUGLAS GALIMBERTI BARBOSA']
UFRGS;UNIVERSIDADE FEDERAL DO RIO GRANDE DO SUL;Exploring the impact of hardware technologies on effective bandwidth: a case study on a Brazilian mobile web network;DISSERTAÇÃO;['EDUARDO CHAVES PAIM']
UFRGS;UNIVERSIDADE FEDERAL DO RIO GRANDE DO SUL;VARIABILIDADE GEOQUÍMICA DA MATÉRIA ORGÂNICA EM FOLHELHOS E SILTITOS AFETADOS POR INTRUSÕES ÍGNEAS, BACIA DO PARANÁ, BRASIL;DISSERTAÇÃO;['JEISSON FABIAN SANABRIA VARGAS']
UFSM;UNIVERSIDADE FEDERAL DE SANTA MARIA;ANÁLISE DE EVENTO DE GRANIZO NO RIO GRANDE DO SUL ATRAVÉS DE SIMULAÇÕES EM ESCALA DE TEMPESTADE NO MODELO WRF;TESE;['MURILO MACHADO LOPES']
UFRGS;UNIVERSIDADE FEDERAL DO RIO GRANDE DO SUL;MiddleFog: A middleware to mitigate the latency in IoT communication devices;DISSERTAÇÃO;['DESIREE DOS SANTOS']
PUCRS;PONTIFÍCIA UNIVERSIDADE CATÓLICA DO RIO GRANDE DO SUL;SOBRE A QUALIDADE DE CENÁRIOS DO BDD: UMA INVESTIGAÇÃO USANDO PESQUISA-AÇÃO;DISSERTAÇÃO;['NATALYA MARJANA GOELZER']
UFRGS;UNIVERSIDADE FEDERAL DO RIO GRANDE DO SUL; Pathfinding Problem Solutions in Cubic  Grids with 3D Neighborhood Expansion;DISSERTAÇÃO;['TAUANA OHLAND DOS SANTOS']
UFRGS;UNIVERSIDADE FEDERAL DO RIO GRANDE DO SUL; Unique Table Implementation and  the Performance of Binary Decision  Diagram Packages;DISSERTAÇÃO;['JOAO PAULO NESPOLO']
PUCRS;PONTIFÍCIA UNIVERSIDADE CATÓLICA DO RIO GRANDE DO SUL;CRIAÇÃO IMERSIVA DE ROTEIROS PARA TREINAMENTOS DE TAREFAS MANUAIS;DISSERTAÇÃO;['VINICIUS CHRISOSTHEMOS TEIXEIRA']
UFPEL;UNIVERSIDADE FEDERAL DE PELOTAS;Deterioração Clínica em Unidades de Terapia Intensiva: uma Abordagem de Predição de Situação dos Pacientes Baseada em Inteligência Computacional;TESE;['ALEXANDRE RENATO RODRIGUES DE SOUZA']
UFRGS;UNIVERSIDADE FEDERAL DO RIO GRANDE DO SUL;“Caracterização eletrônica e estrutural de Nanopartículas de Au depositadas em SiO2/Si” (“Electronic and Structural Characterization of Au Nanoparticles Deposited on SiO2/Si”);DISSERTAÇÃO;['FERNANDO JUAREZ CHOQUE']
PUCRS;PONTIFÍCIA UNIVERSIDADE CATÓLICA DO RIO GRANDE DO SUL;IOCHAIN: A DECENTRALIZED MULTICHAIN-BASED ARCHITECTURE FOR SMART AGRICULTURE;DISSERTAÇÃO;['HENDRICK BATAGLIN GONCALVES']
UFPEL;UNIVERSIDADE FEDERAL DE PELOTAS;Adsorção molecular em subnanoclusters de metais de transição: um estudo via teoria do funcional da densidade;DISSERTAÇÃO;['JOAO PAULO CERQUEIRA DOS SANTOS FELIX']
UFRGS;UNIVERSIDADE FEDERAL DO RIO GRANDE DO SUL;An Evaluation of Immersive Infographics for News Reporting: Quantifying the Effect of Mobile AR Concrete Scales Infographics on Volume Understanding;DISSERTAÇÃO;['MARIANE TEIXEIRA GIAMBASTIANI']
PUCRS;PONTIFÍCIA UNIVERSIDADE CATÓLICA DO RIO GRANDE DO SUL;ACCELERATION OF AEAD ALGORITHMS FOR RESOURCE-CONSTRAINED EMBEDDED DEVICES;DISSERTAÇÃO;['NICOLAS SILVA MOURA']
UFRGS;UNIVERSIDADE FEDERAL DO RIO GRANDE DO SUL;Avaliação de incertezas associadas à obtenção de evapotranspiração por sensoriamento remoto no bioma Pampa;TESE;['PAMELA SUELEN KAFER']
FURG;UNIVERSIDADE FEDERAL DO RIO GRANDE;Avaliação de Qualidade em Imagens de Documentos Técnicos usando Fusão de Métricas;DISSERTAÇÃO;['LUCAS VIANA DA SILVA']
UFPEL;UNIVERSIDADE FEDERAL DE PELOTAS;Identificação de Caminhos de Aprendizagem Visando o Apoio na Construção dos Projetos Pedagógicos de Cursos da UFPel;DISSERTAÇÃO;['VINICIUS VIEIRA DOS SANTOS']
PUCRS;PONTIFÍCIA UNIVERSIDADE CATÓLICA DO RIO GRANDE DO SUL;DYNAMIC PROVISIONING OF CONTAINER REGISTRIES IN EDGE COMPUTING INFRASTRUCTURES;DISSERTAÇÃO;['LUCAS ROGES DE ARAUJO']
UFSM;UNIVERSIDADE FEDERAL DE SANTA MARIA;Estudo dos efeitos do desalinhamento nos eixos de anisotropia em curvas de magnetoimpedância para sistemas de NiFe/FeMn com Exchange Bias;TESE;['JOAO PAULO GAZOLA']
UFRGS;UNIVERSIDADE FEDERAL DO RIO GRANDE DO SUL;INSIGHTS GEOQUÍMICOS SOBRE AS INFLUÊNCIAS PALEOAMBIENTAIS NA DEPOSIÇÃO DE FOLHELHOS RICOS EM MATÉRIA ORGÂNICA NO MAR IRATI-WHITEHILL, SUL DA BACIA DO PARANÁ;DISSERTAÇÃO;['JHENIFER CAROLINE DA SILVA PAIM']
UFRGS;UNIVERSIDADE FEDERAL DO RIO GRANDE DO SUL;Problemas do tipo Erdös-Rothschild para grafos;TESE;['MATHEUS MICADEI MARZO']
FURG;UNIVERSIDADE FEDERAL DO RIO GRANDE;Trajetória, destino e magnitude das descargas continentais de microplástico para a plataforma interna: estudo de caso da pluma costeira da Lagoa dos Patos;DISSERTAÇÃO;['CAROLINA RODRIGUEZ PEREZ']
UFRGS;UNIVERSIDADE FEDERAL DO RIO GRANDE DO SUL;“Simetrias de Noether do Modelo de Jackiw-Pi para Bicamada de Grafeno” (“Noether Symmetries for the Jackiw-Pi Model for Bilayer Graphene”);DISSERTAÇÃO;['JACKSON GALVAO BARBOSA']
UFRGS;UNIVERSIDADE FEDERAL DO RIO GRANDE DO SUL;"""O Ambiente Das Galáxias Compactas Massivas No Universo Local"" (""The Environment of Massive Compact Galaxies in the Local Universe"")";DISSERTAÇÃO;['BRUNO PEREIRA FERNANDES']
UFSM;UNIVERSIDADE FEDERAL DE SANTA MARIA;AVALIAÇÃO DA PIRÓLISE ASSISTIDA POR MICRO-ONDAS PARA PRODUÇÃO DE GÁS, ÓLEO PIROLÍTICO E SÓLIDO A PARTIR DE RESÍDUOS DE POLIURETANO;DISSERTAÇÃO;['JOAO VITOR JACOBI']
UFSM;UNIVERSIDADE FEDERAL DE SANTA MARIA;AVALIAÇÃO DO H2O2 PARA A DIGESTÃO DE INGREDIENTES FARMACÊUTICOS ATIVOS DA CLASSE DE ANTI-HIPERTENSIVOS PARA A DETERMINAÇÃO DE IMPUREZAS ELEMENTARES POR ICP-OES;TESE;['CAROLINE MATTE SENGER']
UNISINOS;UNIVERSIDADE DO VALE DO RIO DOS SINOS;PROXIES GEOQUÍMICOS PARA ANÁLISES PALEOCLIMÁTICAS E PALEOAMBIENTAIS: UMA ABORDAGEM AVALIATIVA E SUA APLICAÇÃO NO INTERVALO PERMO-CARBONÍFERO DA BACIA DO PARANÁ;TESE;['FRANCIELE AGNESA TRENTIN']
UNISINOS;UNIVERSIDADE DO VALE DO RIO DOS SINOS;Freya: An Events Prediction Model for Power Distribution Networks;TESE;['JORGE ARTHUR SCHNEIDER ARANDA']
FURG;UNIVERSIDADE FEDERAL DO RIO GRANDE;ESTUDO DA QUÍMICA DE COORDENAÇÃO DE LIGANTES TIOSSEMICARBAZONAS COM NÍQUEL(II),  PALÁDIO(II) E PLATINA(II);TESE;['ANA PAULA LOPES DE MELO']
FURG;UNIVERSIDADE FEDERAL DO RIO GRANDE;AVALIAÇÃO DA DISPERSÃO DA MATRIZ EM FASE SÓLIDA COMBINADA COM HR-CS FAAS PARA A DETERMINAÇÃO DE COBRE EM ALIMENTOS LÁCTEOS INFANTIS;DISSERTAÇÃO;['LISLIANE KICKOFEL']
FURG;UNIVERSIDADE FEDERAL DO RIO GRANDE;APLICAÇÕES DA MULTIESCALA ESPACIAL  NO SENSORIAMENTO REMOTO DA COR  DO OCEANO EM ÁGUAS COSTEIRAS ;TESE;['ANA PAULA PIAZZA FORGIARINI']
PUCRS;PONTIFÍCIA UNIVERSIDADE CATÓLICA DO RIO GRANDE DO SUL;GERAÇÃO DE IMAGENS DE RAIOS-X DO TÓRAX UTILIZANDO LATENT DIFFUSION MODELS;DISSERTAÇÃO;['DAVIDE CLODE DA SILVA']
UFRGS;UNIVERSIDADE FEDERAL DO RIO GRANDE DO SUL;Fatores de risco de letalidade e padrões espaciais da leptospirose no Brasil (2007-2019) ;TESE;['ALICE NARDONI MARTELI']
UFRGS;UNIVERSIDADE FEDERAL DO RIO GRANDE DO SUL;ARQUITETURA DEPOSICIONAL E PADRÕES DE PREENCHIMENTO DE BACIAS ENDORREICAS: ESTUDO DE CASO DA FORMAÇÃO RIO DO RASTO, BACIA DO PARANÁ, BRASIL, E DA FORMAÇÃO YAGUARÍ, BACIA DO NORTE, URUGUAI;TESE;['MONICA OLIVEIRA MANNA']
